,age,avg_order_value,total_orders,last_purchase,is_fraudulent,email_open_rate,loyalty_score,churn_risk,customer_tenure_days,preferred_category_Electronics,preferred_category_Fashion,preferred_category_Home,preferred_category_Sports,country_Brazil,country_Canada,country_China,country_France,country_Germany,country_India,country_Japan,country_UK,country_USA,gender_Male,gender_Other
0,30,101.08,8,176,1,25.6,50,0.2,388,0,0,0,0,1,0,0,0,0,0,0,0,0,0,0
1,53,90.39,10,88,0,12.3,37,0.34,495,1,0,0,0,0,0,0,0,0,0,0,0,1,0,0
2,73,83.28,6,203,0,50.95,65,0.05,438,0,0,0,1,0,0,0,0,0,0,0,0,0,1,0
3,30,109.9,9,346,1,42.9,93,0.19,1816,1,0,0,0,0,0,0,0,0,0,1,0,0,0,1
4,29,269.38,16,342,0,5.3,79,0.15,80,0,1,0,0,0,1,0,0,0,0,0,0,0,0,0
5,54,114.31,11,210,0,56.5,44,0.21,1365,0,0,0,0,0,1,0,0,0,0,0,0,0,1,0
6,27,34.03,7,212,0,0.2,60,0.39,1287,1,0,0,0,0,1,0,0,0,0,0,0,0,0,0
7,77,171.25,9,20,0,15.1,29,0.24,1600,1,0,0,0,1,0,0,0,0,0,0,0,0,0,0
8,73,116.79,10,87,0,14.7,85,0.37,1760,0,0,0,1,0,0,0,0,0,0,0,0,0,0,0
9,26,55.93,4,12,0,68.8,63,0.52,489,0,1,0,0,0,0,0,1,0,0,0,0,0,1,0
10,69,128.78,7,119,0,48.6,76,0.11,265,0,1,0,0,0,0,0,0,0,1,0,0,0,0,0
11,24,88.23,14,177,0,83.6,26,0.12,419,0,0,0,0,0,1,0,0,0,0,0,0,0,0,0
12,19,77.24,12,128,0,26.5,45,0.63,1461,0,0,1,0,0,0,0,0,0,1,0,0,0,1,0
13,71,91.39,8,50,0,21.1,95,0.34,1079,0,0,1,0,1,0,0,0,0,0,0,0,0,0,0
14,73,131.23,7,41,0,80.3,35,0.61,403,0,0,0,1,0,0,0,0,0,1,0,0,0,0,0
15,77,95.89,9,317,0,44.4,78,0.23,1524,0,0,0,0,0,0,1,0,0,0,0,0,0,0,0
16,40,107.03,11,94,0,27.4,7,0.27,1326,0,0,0,1,1,0,0,0,0,0,0,0,0,1,0
17,56,123.34,8,241,0,41.8,67,0.13,247,0,0,0,0,0,0,0,0,0,1,0,0,0,0,0
18,57,87.13,8,355,0,42.5,53,0.33,579,0,1,0,0,0,0,0,0,0,0,0,0,1,0,0
19,56,58.03,11,60,0,57.2,41,0.2,972,0,0,1,0,0,1,0,0,0,0,0,0,0,1,0
20,38,32.99,11,348,0,3.8,4,0.15,156,1,0,0,0,0,0,0,0,1,0,0,0,0,1,0
21,40,191.86,8,227,0,24.8,2,0.31,363,0,0,1,0,0,0,0,0,0,0,0,1,0,0,0
22,46,127.42,8,276,0,46.7,35,0.1,1685,0,0,0,0,1,0,0,0,0,0,0,0,0,0,0
23,31,186.72,7,17,0,54.2,33,0.08,1498,0,0,1,0,0,0,0,0,0,0,1,0,0,1,0
24,43,105.48,15,243,0,15.9,50,0.38,1783,1,0,0,0,0,0,0,0,0,0,0,1,0,0,0
25,68,220.27,1,310,0,19.4,13,0.25,864,0,1,0,0,0,0,0,1,0,0,0,0,0,1,0
26,22,137.27,6,323,0,72.8,7,0.43,1529,0,1,0,0,1,0,0,0,0,0,0,0,0,0,0
27,72,64.45,12,46,0,78.6,39,0.37,575,0,0,0,0,1,0,0,0,0,0,0,0,0,0,1
28,48,55.0,11,309,0,7.5,91,0.44,525,0,0,1,0,0,0,0,0,0,1,0,0,0,0,0
29,42,61.94,8,17,0,99.0,49,0.41,1379,0,0,0,0,1,0,0,0,0,0,0,0,0,1,0
30,48,93.19,8,200,0,43.3,3,0.27,912,0,0,1,0,0,1,0,0,0,0,0,0,0,0,0
31,67,109.18,11,252,0,58.6,17,0.31,1407,0,0,0,1,0,0,0,0,0,0,0,0,0,1,0
32,37,75.98,6,191,0,59.4,25,0.22,1634,0,0,0,0,0,0,0,0,0,0,0,0,0,1,0
33,61,46.66,7,48,0,34.6,94,0.34,554,0,0,1,0,0,0,0,1,0,0,0,0,0,0,0
34,72,106.23,13,93,0,54.5,14,0.25,627,0,0,0,1,0,0,1,0,0,0,0,0,0,0,0
35,34,112.56,13,236,0,58.3,93,0.28,1365,0,0,0,0,0,0,0,0,1,0,0,0,0,1,0
36,62,175.73,14,221,0,76.1,5,0.33,1335,0,1,0,0,0,0,1,0,0,0,0,0,0,0,1
37,19,22.72,12,166,0,66.2,71,0.05,374,0,0,0,1,0,1,0,0,0,0,0,0,0,0,0
38,42,103.97,13,253,0,44.7,83,0.09,225,0,0,0,0,0,1,0,0,0,0,0,0,0,1,0
39,30,43.35,13,56,0,19.1,33,0.08,154,1,0,0,0,0,0,0,0,0,0,0,0,1,0,0
40,75,48.94,11,5,0,2.5,85,0.14,1227,0,1,0,0,0,0,0,0,0,0,0,0,0,0,0
41,56,53.17,5,237,0,65.2,51,0.09,813,0,0,0,1,0,0,0,0,0,0,0,1,0,0,0
42,45,26.94,10,220,0,47.8,85,0.38,163,0,0,1,0,0,0,0,0,0,0,1,0,0,0,0
43,59,112.99,8,223,0,96.6,17,0.41,905,1,0,0,0,1,0,0,0,0,0,0,0,0,0,0
44,72,100.28,10,77,0,9.8,87,0.19,1642,0,0,1,0,0,0,0,0,1,0,0,0,0,1,0
45,23,66.53,9,19,0,7.3,61,0.06,1073,1,0,0,0,0,0,0,0,0,0,1,0,0,0,0
46,20,99.42,12,305,0,18.1,91,0.3,1537,0,0,0,0,0,0,1,0,0,0,0,0,0,0,0
47,75,107.61,14,264,0,37.7,31,0.25,1261,0,0,0,0,0,0,0,0,0,0,1,0,0,1,0
48,52,77.22,9,203,0,17.5,15,0.21,667,0,0,1,0,0,0,0,0,0,0,0,0,1,0,0
49,35,35.2,10,141,0,46.4,40,0.15,448,0,0,1,0,0,0,0,0,1,0,0,0,0,0,1
50,28,82.36,9,303,0,34.0,65,0.19,222,0,0,1,0,0,0,0,0,1,0,0,0,0,0,1
51,71,26.6,7,79,0,99.9,20,0.28,1760,0,0,0,1,0,0,0,0,0,0,0,0,1,1,0
52,37,99.86,13,209,0,96.7,34,0.24,4,0,1,0,0,0,1,0,0,0,0,0,0,0,1,0
53,22,93.19,9,255,0,36.5,65,0.13,1291,0,0,1,0,0,0,0,0,0,0,0,0,1,0,0
54,36,50.6,11,311,0,79.2,32,0.36,1006,0,0,0,0,0,1,0,0,0,0,0,0,0,1,0
55,39,64.39,10,39,0,24.2,22,0.4,1085,0,0,0,0,0,0,0,0,0,0,0,1,0,0,1
56,76,188.66,19,352,0,5.8,62,0.33,425,0,0,1,0,0,0,0,1,0,0,0,0,0,1,0
57,77,142.52,10,201,0,4.0,93,0.31,1447,0,0,1,0,0,1,0,0,0,0,0,0,0,1,0
58,36,93.19,12,85,0,2.9,45,0.35,857,0,0,0,0,0,0,0,0,0,0,1,0,0,1,0
59,79,78.1,16,42,0,73.6,11,0.17,291,0,0,0,1,0,1,0,0,0,0,0,0,0,1,0
60,64,29.96,10,235,0,34.2,33,0.38,754,1,0,0,0,0,0,0,1,0,0,0,0,0,0,0
61,79,25.66,12,69,0,82.4,38,0.33,1535,0,0,0,0,0,0,1,0,0,0,0,0,0,0,0
62,33,37.74,9,355,0,87.4,65,0.17,729,1,0,0,0,1,0,0,0,0,0,0,0,0,1,0
63,41,38.89,8,130,1,30.6,63,0.3,1699,0,0,1,0,0,0,0,0,0,0,0,0,1,1,0
64,58,224.56,4,131,0,28.9,38,0.07,1097,0,1,0,0,1,0,0,0,0,0,0,0,0,0,0
65,21,177.53,4,247,0,30.8,73,0.26,772,0,0,1,0,0,0,0,0,0,0,0,0,1,1,0
66,32,22.84,11,154,0,47.5,13,0.59,1125,0,0,1,0,0,0,0,0,0,0,0,1,0,0,0
67,42,36.64,13,229,0,1.6,48,0.35,724,0,0,1,0,0,0,0,0,0,0,0,0,0,0,0
68,61,99.99,8,88,0,1.1,24,0.19,640,0,0,0,0,0,0,0,0,0,0,1,0,0,0,0
69,72,101.05,9,228,0,73.5,36,0.22,639,0,0,0,0,0,0,0,0,0,0,1,0,0,0,1
70,52,84.6,17,26,0,80.8,20,0.25,630,0,1,0,0,0,0,1,0,0,0,0,0,0,0,1
71,72,111.68,13,360,0,20.4,43,0.07,1733,1,0,0,0,0,0,0,0,0,0,0,0,0,0,1
72,31,178.26,13,355,0,59.4,57,0.45,1770,1,0,0,0,0,0,0,0,0,0,0,0,0,1,0
73,66,97.41,14,237,0,21.6,65,0.46,1761,1,0,0,0,0,0,0,0,0,0,0,0,1,1,0
74,36,111.72,6,174,0,73.4,60,0.33,654,0,0,1,0,0,0,0,0,0,0,1,0,0,1,0
75,55,130.26,8,315,0,42.1,99,0.04,1506,0,1,0,0,0,0,0,0,0,0,1,0,0,0,0
76,53,194.44,14,291,0,82.3,43,0.3,692,0,0,1,0,0,0,0,0,0,0,0,0,0,0,1
77,24,131.13,13,60,0,94.9,84,0.12,1146,0,1,0,0,0,0,0,0,0,0,0,0,1,0,0
78,47,54.59,11,169,0,55.5,65,0.39,1130,0,0,0,1,0,1,0,0,0,0,0,0,0,1,0
79,36,123.09,6,262,0,90.1,46,0.29,1113,0,0,0,0,0,1,0,0,0,0,0,0,0,0,1
80,66,54.37,10,305,0,3.4,62,0.21,293,0,0,1,0,0,0,0,1,0,0,0,0,0,1,0
81,42,150.63,18,115,0,46.3,70,0.43,248,0,0,0,1,0,0,0,0,0,1,0,0,0,1,0
82,33,156.42,9,174,0,50.3,26,0.36,1401,1,0,0,0,0,0,0,0,1,0,0,0,0,1,0
83,64,37.09,9,220,0,41.6,29,0.08,1439,0,0,0,1,0,0,0,0,0,0,0,1,0,1,0
84,71,49.42,8,127,0,31.5,41,0.64,110,0,0,0,0,0,0,0,0,0,0,0,0,1,0,0
85,57,237.22,11,4,0,72.3,15,0.21,1481,0,0,0,0,0,1,0,0,0,0,0,0,0,1,0
86,68,76.59,13,325,0,50.95,19,0.15,1284,0,0,0,0,0,0,1,0,0,0,0,0,0,0,0
87,25,120.73,4,185,0,8.2,73,0.08,438,0,0,0,1,0,0,0,0,1,0,0,0,0,0,0
88,35,219.17,8,171,0,95.1,59,0.2,1143,1,0,0,0,0,0,0,0,1,0,0,0,0,0,0
89,45,76.65,9,198,0,88.8,81,0.27,428,0,0,1,0,0,0,0,0,1,0,0,0,0,0,0
90,33,97.19,7,230,0,35.3,96,0.1,982,1,0,0,0,0,0,0,0,0,0,0,0,0,1,0
91,69,19.7,6,287,0,24.6,28,0.12,193,0,1,0,0,0,0,0,1,0,0,0,0,0,0,0
92,36,92.98,7,334,0,62.8,15,0.04,1778,0,1,0,0,0,0,1,0,0,0,0,0,0,0,1
93,59,60.96,4,114,0,4.3,58,0.33,321,0,0,1,0,0,0,0,0,0,1,0,0,0,1,0
94,34,61.71,9,332,0,49.6,53,0.13,886,0,0,0,0,0,0,1,0,0,0,0,0,0,0,0
95,62,134.0,12,329,0,67.3,42,0.44,896,0,0,1,0,0,0,1,0,0,0,0,0,0,1,0
96,30,204.04,6,312,0,50.95,28,0.21,1584,0,0,0,1,0,0,0,0,0,0,0,0,1,1,0
97,24,62.08,9,10,0,97.2,73,0.41,590,0,0,0,0,0,0,0,1,0,0,0,0,0,0,0
98,44,130.01,9,103,0,71.9,91,0.29,1498,0,0,1,0,1,0,0,0,0,0,0,0,0,0,0
99,27,23.25,13,174,0,93.4,19,0.59,376,0,0,1,0,0,0,0,1,0,0,0,0,0,1,0
100,51,26.76,8,119,0,90.8,71,0.2,1038,0,0,0,1,1,0,0,0,0,0,0,0,0,0,0
101,53,158.27,9,236,0,50.95,89,0.19,589,0,0,0,1,0,0,0,0,0,1,0,0,0,0,0
102,42,41.29,12,235,0,66.9,94,0.22,616,1,0,0,0,0,0,0,0,0,0,0,0,1,0,1
103,23,68.94,21,304,0,59.7,77,0.17,494,0,1,0,0,0,0,0,0,0,0,0,0,0,1,0
104,41,49.73,5,37,0,5.5,2,0.11,1066,0,0,1,0,0,0,0,0,1,0,0,0,0,0,1
105,35,55.27,15,271,0,31.8,18,0.12,1097,1,0,0,0,0,0,0,0,0,0,0,0,1,1,0
106,40,134.3,5,343,0,53.5,40,0.28,113,0,0,0,0,0,0,0,0,0,0,0,0,0,0,0
107,23,98.85,13,250,0,54.8,53,0.12,19,0,0,0,0,0,0,0,0,0,0,0,0,1,1,0
108,46,315.61,9,333,0,81.4,8,0.47,764,0,1,0,0,0,0,0,0,0,0,0,0,0,1,0
109,79,133.8,10,26,0,58.8,84,0.22,375,0,0,0,0,0,0,0,0,0,0,0,0,1,0,0
110,42,78.32,5,329,0,46.7,9,0.47,223,0,1,0,0,0,0,0,1,0,0,0,0,0,1,0
111,72,98.36,12,122,0,75.2,77,0.36,686,0,0,0,0,0,0,0,1,0,0,0,0,0,1,0
112,34,86.75,15,155,0,57.1,21,0.12,1077,0,0,0,0,0,0,0,1,0,0,0,0,0,1,0
113,63,208.18,7,216,0,88.4,92,0.4,1651,0,0,1,0,0,0,0,0,1,0,0,0,0,0,0
114,41,54.39,10,193,0,90.5,44,0.14,1403,0,0,0,1,0,0,0,0,0,0,0,1,0,1,0
115,28,76.64,11,300,0,60.4,60,0.03,1743,0,0,1,0,0,0,0,0,0,0,1,0,0,0,0
116,43,173.31,13,160,0,56.4,71,0.22,1120,1,0,0,0,1,0,0,0,0,0,0,0,0,1,0
117,68,41.0,7,127,0,70.1,31,0.53,1180,0,0,0,1,0,0,0,1,0,0,0,0,0,1,0
118,79,28.69,14,315,0,72.6,87,0.2,519,0,0,1,0,0,0,0,0,0,0,0,1,0,1,0
119,51,76.18,12,177,0,72.7,13,0.19,453,0,0,0,1,1,0,0,0,0,0,0,0,0,0,0
120,45,88.83,6,125,0,62.1,45,0.33,573,0,0,0,1,0,0,0,0,0,0,0,0,1,1,0
121,20,69.65,6,173,0,76.3,2,0.12,483,0,0,0,1,0,0,0,0,0,1,0,0,0,1,0
122,28,28.98,8,34,0,14.4,34,0.56,169,0,0,0,0,0,0,0,0,0,0,0,0,0,0,1
123,55,97.97,15,238,0,82.1,69,0.06,1787,0,0,0,1,0,0,0,0,0,0,0,1,0,0,0
124,78,40.32,10,40,0,31.0,66,0.24,1382,0,0,0,0,0,0,1,0,0,0,0,0,0,1,0
125,31,54.71,10,185,0,88.6,62,0.25,872,0,0,0,1,0,1,0,0,0,0,0,0,0,1,0
126,68,35.44,11,182,0,13.2,47,0.09,1340,0,0,0,0,0,0,0,0,0,0,0,1,0,0,0
127,43,36.02,10,260,0,0.4,98,0.09,264,0,0,0,1,0,0,0,1,0,0,0,0,0,1,0
128,65,87.56,9,33,0,1.6,2,0.13,1069,1,0,0,0,0,0,0,1,0,0,0,0,0,1,0
129,38,128.87,7,186,0,21.0,84,0.22,1091,0,0,1,0,0,0,0,0,0,0,0,1,0,0,0
130,71,77.64,8,306,0,11.4,72,0.6,773,0,0,0,1,0,0,0,0,0,0,0,0,0,0,0
131,73,35.36,13,136,0,55.4,87,0.27,588,1,0,0,0,1,0,0,0,0,0,0,0,0,0,0
132,56,42.61,17,201,1,44.8,37,0.2,811,0,0,1,0,0,0,0,0,0,0,0,0,1,1,0
133,47,32.83,8,142,0,60.6,80,0.37,379,0,1,0,0,0,1,0,0,0,0,0,0,0,1,0
134,76,52.2,11,108,0,19.3,86,0.31,396,0,0,0,1,0,0,0,0,0,0,0,0,1,0,0
135,25,50.74,13,156,0,75.4,63,0.1,1476,0,1,0,0,0,0,0,0,1,0,0,0,0,1,0
136,68,93.19,11,254,0,61.0,56,0.17,519,0,0,1,0,0,0,0,0,0,0,0,0,0,0,0
137,37,98.89,11,180,0,22.1,46,0.18,1523,0,0,1,0,0,0,0,1,0,0,0,0,0,0,0
138,65,230.71,8,340,0,39.9,63,0.45,529,0,0,0,1,0,0,0,0,1,0,0,0,0,1,0
139,49,61.83,6,218,0,71.8,8,0.29,1177,1,0,0,0,0,0,0,0,0,0,0,0,1,0,1
140,39,53.62,9,27,0,68.0,55,0.19,464,0,0,0,1,0,0,0,0,0,0,0,0,1,0,0
141,76,83.46,15,150,0,56.2,43,0.18,76,1,0,0,0,0,1,0,0,0,0,0,0,0,0,0
142,24,97.4,7,358,0,97.9,90,0.41,1724,0,0,0,1,0,0,0,0,0,0,1,0,0,1,0
143,26,54.65,9,99,0,13.2,23,0.32,1667,1,0,0,0,0,0,0,0,0,0,0,0,1,1,0
144,62,134.02,7,2,1,48.8,16,0.16,1165,0,0,0,0,1,0,0,0,0,0,0,0,0,0,0
145,18,126.84,13,32,0,62.4,85,0.11,279,1,0,0,0,1,0,0,0,0,0,0,0,0,1,0
146,46,148.06,8,198,0,99.4,52,0.17,1186,1,0,0,0,0,0,0,0,0,0,0,1,0,0,1
147,25,96.92,12,68,0,54.3,93,0.25,719,0,0,1,0,0,1,0,0,0,0,0,0,0,1,0
148,73,55.76,6,89,0,44.2,54,0.22,1501,0,1,0,0,0,1,0,0,0,0,0,0,0,0,0
149,71,42.79,12,16,0,92.2,84,0.39,1442,0,0,0,1,0,0,0,1,0,0,0,0,0,1,0
150,21,71.68,9,336,0,50.6,76,0.15,1286,0,0,1,0,0,0,0,0,0,0,0,0,1,0,0
151,52,156.2,9,322,0,93.9,37,0.34,942,0,1,0,0,0,0,0,0,0,0,1,0,0,1,0
152,76,36.58,8,322,0,75.0,90,0.01,1179,0,0,1,0,0,0,1,0,0,0,0,0,0,1,0
153,20,81.56,9,33,0,16.8,67,0.28,1176,0,0,1,0,0,0,0,0,1,0,0,0,0,1,0
154,71,228.73,10,263,0,50.95,18,0.17,1618,0,0,0,1,0,1,0,0,0,0,0,0,0,0,0
155,62,93.19,7,300,0,31.8,59,0.13,1396,0,0,0,0,0,0,0,0,0,0,0,1,0,1,0
156,57,33.63,13,59,0,6.8,1,0.55,244,0,0,1,0,0,0,0,0,0,0,0,1,0,0,1
157,24,159.51,6,183,0,54.3,19,0.28,385,0,0,0,1,0,0,0,0,0,0,0,0,1,0,0
158,44,124.35,10,325,0,86.0,13,0.74,283,1,0,0,0,0,0,0,0,0,0,0,0,1,1,0
159,18,218.18,9,356,0,40.0,33,0.16,1670,0,1,0,0,0,0,1,0,0,0,0,0,0,0,0
160,44,153.58,10,364,0,64.8,94,0.51,1573,0,0,0,1,0,0,0,0,0,1,0,0,0,1,0
161,33,93.19,8,198,0,98.1,22,0.13,258,0,0,0,0,0,0,0,0,0,1,0,0,0,0,1
162,55,53.22,10,240,0,19.4,27,0.29,204,0,0,0,1,0,0,0,0,0,0,0,0,1,0,0
163,24,82.14,10,231,0,35.8,50,0.05,47,0,0,0,1,0,0,0,0,0,0,0,0,0,1,0
164,61,168.89,8,210,0,2.5,77,0.26,429,1,0,0,0,1,0,0,0,0,0,0,0,0,1,0
165,40,105.91,11,51,0,23.2,72,0.35,1041,0,1,0,0,1,0,0,0,0,0,0,0,0,1,0
166,58,211.42,10,118,0,77.9,53,0.09,106,0,1,0,0,0,0,1,0,0,0,0,0,0,0,1
167,76,49.17,5,329,0,65.7,60,0.36,1733,0,0,0,0,0,0,1,0,0,0,0,0,0,1,0
168,28,222.22,15,214,0,78.4,50,0.49,1198,0,1,0,0,0,0,0,1,0,0,0,0,0,0,0
169,59,55.13,9,321,0,42.5,66,0.24,1814,1,0,0,0,0,0,0,0,0,0,1,0,0,1,0
170,70,130.45,9,148,0,73.6,83,0.18,541,0,0,0,0,0,0,0,0,0,0,0,1,0,0,1
171,50,102.11,6,175,0,60.0,24,0.29,336,1,0,0,0,1,0,0,0,0,0,0,0,0,1,0
172,67,102.28,15,268,0,32.8,69,0.33,316,1,0,0,0,0,0,0,0,0,0,0,0,0,0,0
173,53,122.19,10,319,0,41.2,8,0.26,171,0,0,0,1,0,0,0,0,0,0,0,0,1,0,0
174,54,15.61,11,4,0,54.1,20,0.2,199,0,0,0,1,0,1,0,0,0,0,0,0,0,0,0
175,58,85.36,11,115,0,95.6,99,0.13,973,0,0,0,1,0,0,0,0,0,0,0,0,0,1,0
176,76,55.0,8,202,0,50.95,66,0.16,150,0,0,1,0,0,0,0,1,0,0,0,0,0,1,0
177,34,89.23,9,36,0,50.95,70,0.26,1726,1,0,0,0,0,0,0,0,0,0,0,0,0,1,0
178,52,102.0,14,53,0,50.95,59,0.27,224,0,1,0,0,0,1,0,0,0,0,0,0,0,0,0
179,65,152.84,16,287,0,71.7,80,0.29,462,0,0,0,0,0,0,0,0,1,0,0,0,0,1,0
180,22,31.65,5,283,0,89.5,47,0.07,78,0,0,1,0,0,0,0,0,0,1,0,0,0,0,0
181,65,93.19,8,85,0,73.9,36,0.17,225,0,0,0,1,0,0,0,0,1,0,0,0,0,1,0
182,49,31.75,8,44,0,41.6,2,0.16,1311,0,0,1,0,0,0,0,0,0,0,0,1,0,0,0
183,20,148.5,7,283,0,72.5,64,0.52,1412,0,0,1,0,0,0,0,0,0,0,0,1,0,0,1
184,69,42.89,14,320,0,44.4,78,0.2,1146,1,0,0,0,1,0,0,0,0,0,0,0,0,0,0
185,64,84.23,8,69,0,71.4,38,0.48,1402,1,0,0,0,0,1,0,0,0,0,0,0,0,1,0
186,79,58.17,9,41,0,78.0,26,0.28,294,0,1,0,0,0,0,0,0,0,0,0,1,0,1,0
187,52,27.6,10,271,0,84.3,20,0.17,916,0,0,0,0,0,0,1,0,0,0,0,0,0,1,0
188,69,145.31,2,140,0,72.8,93,0.49,215,0,0,0,0,1,0,0,0,0,0,0,0,0,1,0
189,31,98.73,12,58,0,16.0,4,0.23,629,0,0,0,1,0,0,0,1,0,0,0,0,0,0,0
190,65,111.09,17,239,0,93.6,84,0.3,22,0,1,0,0,1,0,0,0,0,0,0,0,0,0,0
191,78,52.81,12,46,0,21.3,88,0.39,1216,0,0,0,0,0,0,0,0,1,0,0,0,0,0,1
192,78,75.55,11,166,0,35.8,65,0.25,494,0,0,1,0,0,0,0,0,0,0,0,0,1,1,0
193,48,96.48,16,109,0,42.9,89,0.16,352,0,0,1,0,0,0,1,0,0,0,0,0,0,0,0
194,48,28.12,12,125,0,71.2,14,0.32,1556,0,0,0,0,0,0,1,0,0,0,0,0,0,0,0
195,34,27.66,14,298,0,70.1,35,0.34,1187,0,0,1,0,0,0,0,0,0,0,1,0,0,0,0
196,77,126.31,15,108,0,96.2,85,0.08,1590,0,0,1,0,0,0,1,0,0,0,0,0,0,1,0
197,41,16.18,7,164,0,18.9,52,0.48,696,0,0,0,1,0,0,1,0,0,0,0,0,0,0,0
198,69,112.24,8,258,0,50.95,23,0.29,1384,0,0,1,0,0,0,0,0,1,0,0,0,0,0,0
199,40,19.14,18,75,0,20.4,20,0.21,543,0,0,0,0,0,0,0,0,0,0,0,0,0,0,0
200,35,131.7,14,6,0,67.3,90,0.38,1182,1,0,0,0,0,0,1,0,0,0,0,0,0,0,1
201,67,109.97,8,185,0,50.95,27,0.43,521,0,0,1,0,0,0,0,0,0,0,0,0,1,1,0
202,71,31.8,11,275,0,86.8,41,0.08,987,0,0,0,0,0,0,0,0,0,1,0,0,0,1,0
203,31,96.67,15,78,0,98.3,78,0.06,638,0,0,1,0,0,0,0,0,1,0,0,0,0,0,0
204,67,93.19,7,64,0,50.95,36,0.6,797,0,1,0,0,0,0,0,0,1,0,0,0,0,0,0
205,32,56.13,7,114,0,73.9,4,0.06,899,0,0,0,1,0,0,0,0,0,0,0,0,0,1,0
206,32,66.49,17,201,0,53.3,26,0.08,451,1,0,0,0,0,0,0,0,0,0,1,0,0,0,0
207,23,61.8,10,141,0,35.9,40,0.28,1714,0,0,1,0,0,0,0,0,0,0,0,0,0,0,1
208,44,52.83,14,97,0,19.1,80,0.14,1048,0,0,0,0,1,0,0,0,0,0,0,0,0,0,1
209,32,131.28,5,304,0,71.9,84,0.47,270,1,0,0,0,0,0,0,0,0,1,0,0,0,1,0
210,67,131.12,10,216,0,15.9,88,0.18,163,0,0,1,0,0,0,0,0,0,0,0,1,0,0,0
211,53,32.96,12,73,0,28.1,74,0.31,1065,0,1,0,0,0,0,0,1,0,0,0,0,0,0,0
212,72,190.31,7,292,0,92.0,66,0.4,1049,0,0,0,0,0,0,0,0,0,0,0,1,0,0,0
213,25,80.75,9,133,0,50.8,73,0.17,1634,0,0,0,1,0,0,0,0,0,0,1,0,0,0,0
214,32,114.79,11,261,1,85.4,82,0.15,925,0,0,1,0,0,0,0,0,0,0,1,0,0,0,0
215,20,322.28,14,283,0,76.8,94,0.37,1477,0,0,0,0,0,0,1,0,0,0,0,0,0,0,0
216,79,77.2,15,101,0,37.6,3,0.05,810,0,0,1,0,0,0,0,0,0,0,0,0,0,1,0
217,64,93.19,5,205,0,21.8,64,0.27,1350,0,0,0,1,1,0,0,0,0,0,0,0,0,0,0
218,30,66.97,12,140,0,10.0,29,0.13,327,0,1,0,0,0,0,1,0,0,0,0,0,0,0,0
219,58,30.4,14,12,0,96.1,54,0.43,997,0,0,0,1,0,1,0,0,0,0,0,0,0,1,0
220,51,93.19,10,248,0,32.5,7,0.35,673,0,0,0,1,1,0,0,0,0,0,0,0,0,0,1
221,41,62.79,8,122,0,67.3,25,0.47,982,0,0,0,1,0,0,0,0,0,0,1,0,0,0,0
222,57,14.19,9,9,1,73.0,24,0.22,1594,1,0,0,0,0,0,0,0,0,0,1,0,0,0,0
223,49,47.73,15,79,0,19.8,43,0.4,1182,0,0,0,0,0,0,0,0,1,0,0,0,0,1,0
224,78,37.92,16,166,0,69.4,6,0.33,186,0,0,1,0,0,1,0,0,0,0,0,0,0,0,0
225,49,60.03,9,98,0,0.9,15,0.23,111,0,1,0,0,0,0,1,0,0,0,0,0,0,1,0
226,47,38.5,15,206,0,41.8,79,0.46,863,0,0,1,0,0,0,0,0,0,0,1,0,0,1,0
227,69,158.74,11,150,0,35.0,40,0.28,391,1,0,0,0,0,1,0,0,0,0,0,0,0,0,0
228,66,69.45,10,36,0,93.3,91,0.28,1328,0,1,0,0,0,0,0,0,0,1,0,0,0,1,0
229,30,45.46,8,263,0,98.6,61,0.08,1432,1,0,0,0,0,0,0,1,0,0,0,0,0,0,0
230,18,167.25,15,341,0,28.8,21,0.03,965,0,0,1,0,0,0,0,0,0,0,0,0,0,1,0
231,51,119.76,14,4,0,61.0,58,0.45,1770,0,1,0,0,0,0,0,0,0,0,1,0,0,1,0
232,79,58.5,20,225,0,74.5,96,0.3,16,0,0,1,0,0,0,0,0,0,1,0,0,0,1,0
233,32,35.83,11,26,0,19.1,32,0.42,1038,0,0,0,0,1,0,0,0,0,0,0,0,0,0,1
234,61,216.57,13,123,0,68.7,12,0.41,1024,1,0,0,0,0,0,0,0,0,0,0,0,0,0,0
235,31,70.17,9,298,0,25.8,9,0.22,1692,0,0,0,0,0,1,0,0,0,0,0,0,0,0,0
236,74,124.26,8,34,0,16.9,20,0.16,643,0,0,0,0,0,0,0,0,0,0,0,0,0,1,0
237,46,148.82,9,236,0,85.1,15,0.22,885,0,0,1,0,0,0,0,0,0,0,0,1,0,1,0
238,51,352.1,5,310,0,50.2,77,0.49,1081,0,0,1,0,0,0,0,0,1,0,0,0,0,0,1
239,35,67.23,14,316,0,29.7,8,0.13,1412,0,0,0,1,0,1,0,0,0,0,0,0,0,1,0
240,71,61.31,11,302,0,40.5,21,0.28,429,0,0,0,1,0,0,0,0,0,1,0,0,0,1,0
241,24,93.19,6,101,0,41.3,45,0.26,1784,0,1,0,0,0,0,0,0,0,0,1,0,0,0,0
242,46,93.19,10,76,0,77.0,89,0.54,1597,0,0,1,0,0,1,0,0,0,0,0,0,0,1,0
243,72,144.02,17,311,0,88.7,99,0.16,1302,1,0,0,0,0,0,0,0,0,0,0,0,1,0,0
244,48,39.66,11,81,0,47.6,40,0.39,321,0,0,1,0,0,0,0,0,0,0,0,1,0,0,0
245,78,121.75,12,145,0,32.3,94,0.4,1633,0,0,1,0,0,0,0,0,0,1,0,0,0,1,0
246,42,65.19,12,192,0,72.7,95,0.45,1548,0,0,0,0,1,0,0,0,0,0,0,0,0,1,0
247,55,94.53,13,223,0,90.5,6,0.19,442,0,0,0,0,0,0,0,0,0,0,0,0,1,1,0
248,31,219.13,12,52,0,11.4,11,0.28,703,0,0,0,1,0,1,0,0,0,0,0,0,0,0,0
249,25,144.27,14,344,0,79.7,64,0.26,452,0,1,0,0,0,0,0,0,1,0,0,0,0,0,0
250,44,208.46,9,84,0,55.7,42,0.5,11,0,1,0,0,0,0,0,0,0,0,0,0,1,1,0
251,71,66.57,11,128,0,86.8,59,0.2,187,0,0,1,0,0,0,0,0,0,0,0,0,0,1,0
252,19,230.77,5,210,0,51.4,8,0.11,1254,1,0,0,0,0,1,0,0,0,0,0,0,0,0,0
253,34,165.18,12,351,0,86.3,72,0.51,1209,0,0,0,0,0,0,0,0,0,1,0,0,0,0,0
254,54,92.56,12,263,0,55.4,55,0.43,576,1,0,0,0,0,1,0,0,0,0,0,0,0,1,0
255,31,216.55,13,182,0,14.5,39,0.44,543,0,0,0,0,0,0,0,0,1,0,0,0,0,1,0
256,42,120.2,10,271,0,0.5,51,0.46,1183,0,0,1,0,0,0,0,1,0,0,0,0,0,1,0
257,73,71.28,10,226,0,62.0,55,0.46,959,0,1,0,0,0,0,0,0,0,0,0,0,0,0,0
258,47,67.91,9,321,0,59.2,76,0.14,179,0,0,1,0,0,0,0,0,0,0,1,0,0,0,1
259,46,109.3,11,11,0,21.0,3,0.15,1656,0,0,0,0,0,1,0,0,0,0,0,0,0,1,0
260,37,130.07,11,92,0,85.1,43,0.42,254,0,1,0,0,0,0,0,0,1,0,0,0,0,0,0
261,38,150.91,10,329,0,86.8,45,0.43,1725,1,0,0,0,0,0,0,0,0,0,0,0,1,1,0
262,78,43.4,13,189,0,80.4,80,0.59,605,1,0,0,0,0,0,0,0,0,0,0,0,1,1,0
263,70,107.58,8,85,0,93.7,91,0.25,1802,0,0,0,1,0,0,0,0,0,1,0,0,0,1,0
264,39,69.4,9,353,0,50.7,16,0.16,229,1,0,0,0,0,0,0,0,0,0,0,0,0,0,0
265,52,93.19,7,276,0,70.2,5,0.21,513,0,0,0,1,0,0,0,0,0,0,0,0,1,0,0
266,54,43.46,11,292,0,90.4,40,0.03,843,0,1,0,0,0,0,0,0,0,0,1,0,0,0,0
267,33,43.23,7,260,0,45.6,76,0.22,1488,0,0,1,0,0,0,0,1,0,0,0,0,0,1,0
268,67,30.04,9,197,0,61.8,67,0.26,153,0,0,1,0,0,0,0,1,0,0,0,0,0,1,0
269,75,98.03,10,322,0,51.3,99,0.12,863,0,1,0,0,0,0,0,0,0,1,0,0,0,1,0
270,66,199.79,8,9,0,98.3,45,0.43,204,0,1,0,0,0,1,0,0,0,0,0,0,0,0,0
271,60,22.68,13,87,0,43.8,3,0.32,1398,0,0,0,0,0,0,0,0,0,0,0,0,1,1,0
272,34,159.8,9,339,0,31.7,31,0.18,1550,1,0,0,0,0,0,0,0,1,0,0,0,0,0,0
273,33,141.68,8,317,0,63.0,24,0.03,983,1,0,0,0,1,0,0,0,0,0,0,0,0,1,0
274,75,88.19,6,36,1,28.1,29,0.19,1645,1,0,0,0,0,0,0,1,0,0,0,0,0,1,0
275,72,154.29,16,222,0,85.8,55,0.23,445,0,0,0,1,0,0,1,0,0,0,0,0,0,0,0
276,19,160.72,6,174,0,89.2,33,0.11,818,1,0,0,0,0,0,0,0,0,1,0,0,0,1,0
277,21,127.47,7,208,0,34.5,51,0.38,856,0,0,0,0,0,1,0,0,0,0,0,0,0,1,0
278,38,145.93,12,48,0,35.8,80,0.21,435,0,0,1,0,0,0,0,0,0,0,0,1,0,1,0
279,56,107.35,12,23,0,8.7,97,0.25,1239,0,0,1,0,0,0,0,0,0,1,0,0,0,0,0
280,51,223.09,5,337,0,25.6,74,0.06,364,0,0,0,1,0,0,0,0,1,0,0,0,0,0,0
281,47,86.36,11,105,0,6.8,30,0.05,1337,0,0,0,0,1,0,0,0,0,0,0,0,0,1,0
282,23,138.8,17,310,0,75.7,98,0.4,1132,0,1,0,0,0,0,1,0,0,0,0,0,0,0,0
283,34,114.02,9,262,0,18.0,61,0.2,674,0,0,1,0,0,0,0,1,0,0,0,0,0,1,0
284,56,58.02,5,205,0,7.9,60,0.19,1077,0,0,0,0,0,0,0,0,0,0,0,0,0,1,0
285,42,62.37,12,168,0,16.4,35,0.11,685,0,1,0,0,0,0,1,0,0,0,0,0,0,1,0
286,22,73.61,8,157,0,37.7,7,0.22,1485,0,0,0,1,0,0,0,1,0,0,0,0,0,0,0
287,22,218.12,11,240,1,42.2,6,0.43,28,1,0,0,0,0,0,0,0,0,0,0,1,0,1,0
288,37,79.61,5,122,0,89.9,15,0.05,891,0,0,0,0,0,0,0,0,0,0,0,1,0,1,0
289,33,199.04,10,19,0,28.0,96,0.32,1513,0,0,1,0,0,0,0,1,0,0,0,0,0,1,0
290,68,107.96,10,55,0,71.8,66,0.29,1326,0,0,0,1,0,0,0,0,0,0,0,0,0,1,0
291,58,111.55,13,279,0,89.5,96,0.16,480,0,0,0,0,0,0,0,0,0,1,0,0,0,0,0
292,54,88.69,4,107,0,85.7,92,0.09,664,0,0,0,1,0,0,0,0,0,0,0,0,0,1,0
293,57,256.53,7,139,0,19.9,85,0.12,1065,0,1,0,0,0,0,0,0,0,0,0,0,1,1,0
294,26,82.72,11,90,0,28.0,17,0.16,929,0,0,0,0,0,0,0,1,0,0,0,0,0,0,0
295,22,267.51,8,270,0,5.4,19,0.2,1226,1,0,0,0,0,0,0,1,0,0,0,0,0,1,0
296,59,19.72,12,328,0,48.3,14,0.21,1744,0,1,0,0,0,0,0,0,0,0,0,0,0,0,0
297,74,50.63,10,209,0,40.5,49,0.36,1031,1,0,0,0,0,0,0,0,0,0,1,0,0,0,0
298,19,143.6,7,175,0,54.5,51,0.2,1640,0,0,0,1,0,0,0,0,0,0,1,0,0,1,0
299,26,181.76,8,60,0,45.8,34,0.18,415,1,0,0,0,0,0,0,0,1,0,0,0,0,0,0
300,60,143.55,11,283,0,73.6,84,0.1,1415,0,1,0,0,0,0,0,0,0,0,1,0,0,1,0
301,53,46.78,11,2,0,67.0,21,0.15,373,0,1,0,0,0,0,0,0,0,0,0,1,0,0,0
302,39,81.26,8,271,0,42.9,48,0.38,807,0,1,0,0,0,0,0,0,0,0,0,0,1,1,0
303,39,47.94,11,163,0,3.8,67,0.59,443,0,0,0,1,0,0,0,1,0,0,0,0,0,1,0
304,39,220.81,7,8,0,34.4,58,0.15,1204,0,0,1,0,0,0,1,0,0,0,0,0,0,0,0
305,51,46.21,5,11,0,32.4,78,0.24,553,0,0,0,1,0,0,0,0,0,0,0,1,0,0,0
306,72,153.25,9,73,0,8.9,21,0.36,310,0,1,0,0,0,0,0,0,1,0,0,0,0,0,1
307,46,27.39,10,237,0,50.95,27,0.47,157,0,0,0,1,1,0,0,0,0,0,0,0,0,0,0
308,55,96.33,7,299,0,98.7,71,0.24,195,0,0,0,0,0,0,0,0,0,0,0,0,1,1,0
309,76,192.43,6,107,0,82.1,29,0.11,601,0,0,0,0,0,0,0,0,0,0,1,0,0,1,0
310,63,47.95,7,12,0,80.2,9,0.3,810,0,0,1,0,0,1,0,0,0,0,0,0,0,1,0
311,50,86.28,13,233,0,84.3,79,0.24,999,0,0,0,1,0,0,0,0,0,1,0,0,0,0,0
312,35,69.29,14,244,0,86.5,44,0.35,776,0,0,0,1,0,0,1,0,0,0,0,0,0,1,0
313,24,80.57,11,320,0,32.5,28,0.7,247,0,0,0,0,0,0,0,1,0,0,0,0,0,0,1
314,18,56.16,14,91,0,32.2,38,0.53,441,0,1,0,0,1,0,0,0,0,0,0,0,0,1,0
315,50,102.37,15,359,0,50.95,15,0.43,1220,1,0,0,0,0,0,0,0,0,1,0,0,0,1,0
316,18,203.85,8,197,0,81.9,15,0.23,1824,0,1,0,0,0,0,0,0,0,0,0,0,0,1,0
317,41,102.67,13,115,0,50.95,30,0.12,492,0,0,1,0,0,0,0,0,0,0,0,0,0,0,0
318,21,143.44,11,130,0,1.7,32,0.46,1397,1,0,0,0,0,0,0,0,0,0,0,0,1,0,0
319,21,98.38,10,364,0,94.9,40,0.32,1058,0,1,0,0,0,0,0,0,0,0,0,0,1,0,0
320,78,93.19,9,152,0,28.6,76,0.12,1625,0,0,0,1,0,0,0,0,0,0,0,0,1,1,0
321,35,248.29,13,120,0,62.6,84,0.46,409,0,0,0,1,0,0,0,0,0,0,0,1,0,0,0
322,44,153.54,8,107,0,64.0,91,0.35,153,0,0,0,0,0,0,0,0,0,0,0,1,0,1,0
323,60,525.24,9,15,0,11.3,2,0.33,568,0,0,0,1,0,0,0,0,0,0,0,0,0,0,0
324,76,102.28,14,298,0,69.6,22,0.26,328,0,0,0,1,0,0,0,0,0,0,0,0,1,0,0
325,49,81.92,9,55,0,53.4,26,0.03,487,0,0,1,0,0,0,1,0,0,0,0,0,0,1,0
326,50,52.49,11,102,0,61.1,40,0.17,839,1,0,0,0,0,0,0,0,1,0,0,0,0,0,0
327,45,85.12,8,207,0,44.7,8,0.21,787,0,1,0,0,0,0,0,0,0,0,0,0,1,0,0
328,59,133.31,9,150,0,80.4,36,0.32,1131,0,1,0,0,0,0,0,1,0,0,0,0,0,1,0
329,58,75.66,15,261,0,63.5,26,0.08,1048,0,0,1,0,0,0,1,0,0,0,0,0,0,0,0
330,72,125.99,6,42,0,19.3,81,0.2,1259,1,0,0,0,0,0,0,1,0,0,0,0,0,1,0
331,53,33.07,3,299,0,75.3,7,0.07,1631,0,0,0,1,0,1,0,0,0,0,0,0,0,1,0
332,77,186.1,13,117,0,50.3,1,0.18,596,0,0,1,0,0,0,0,0,0,0,0,0,0,1,0
333,23,49.0,9,335,0,3.7,91,0.55,279,0,0,0,1,0,0,0,0,0,0,0,0,1,1,0
334,79,81.9,5,278,0,39.5,90,0.7,1636,0,1,0,0,0,0,0,0,0,0,1,0,0,0,0
335,33,58.21,9,143,0,40.2,32,0.15,382,0,0,1,0,0,0,0,0,0,1,0,0,0,1,0
336,51,142.83,7,227,1,80.1,78,0.36,1374,0,0,1,0,0,0,0,0,0,0,0,0,1,0,0
337,40,96.2,9,203,0,23.4,83,0.28,1382,0,0,1,0,0,0,0,0,1,0,0,0,0,1,0
338,67,164.44,11,228,0,45.3,9,0.26,205,0,1,0,0,0,1,0,0,0,0,0,0,0,0,1
339,59,131.4,11,264,0,5.4,59,0.06,92,0,1,0,0,0,0,0,0,0,0,0,0,1,0,0
340,41,118.56,7,136,0,88.1,44,0.45,64,0,0,0,0,0,0,0,0,0,1,0,0,0,0,0
341,73,57.87,14,239,1,44.4,65,0.09,1046,0,1,0,0,0,0,0,0,0,1,0,0,0,1,0
342,66,168.12,12,185,0,85.7,21,0.04,888,0,1,0,0,0,0,0,0,0,0,0,1,0,1,0
343,30,76.83,11,314,0,67.7,20,0.25,1267,0,0,0,1,0,0,0,0,1,0,0,0,0,1,0
344,73,94.98,9,150,0,32.0,49,0.2,1773,0,1,0,0,0,0,0,0,1,0,0,0,0,0,0
345,35,177.45,8,324,0,71.3,97,0.36,16,1,0,0,0,0,0,1,0,0,0,0,0,0,0,0
346,71,53.77,13,290,0,46.9,33,0.31,417,0,0,0,1,0,0,0,0,0,0,1,0,0,1,0
347,30,99.94,10,352,0,34.1,18,0.14,1492,0,0,0,0,0,0,0,0,1,0,0,0,0,1,0
348,66,111.71,7,109,0,66.8,41,0.23,713,1,0,0,0,0,1,0,0,0,0,0,0,0,0,0
349,54,213.44,9,39,0,77.4,17,0.16,1245,0,0,0,0,0,0,0,0,0,0,1,0,0,1,0
350,60,72.69,10,141,0,68.9,13,0.54,1373,0,0,1,0,0,0,0,0,0,0,0,1,0,0,0
351,56,41.08,7,339,0,46.3,43,0.52,1502,0,0,1,0,0,0,0,0,1,0,0,0,0,0,0
352,78,235.3,9,12,0,25.9,73,0.32,1748,0,0,1,0,0,0,0,0,0,0,0,1,0,0,0
353,59,124.9,7,52,0,81.0,65,0.58,266,0,1,0,0,0,0,0,0,0,1,0,0,0,1,0
354,34,162.07,11,79,0,34.7,23,0.19,527,0,1,0,0,0,0,0,0,0,0,0,0,1,1,0
355,32,118.56,9,232,0,61.3,40,0.17,572,0,0,0,1,0,0,0,0,1,0,0,0,0,0,0
356,35,125.24,14,350,0,11.5,34,0.21,74,1,0,0,0,0,0,0,0,0,1,0,0,0,0,1
357,40,119.79,15,38,0,74.0,36,0.2,1757,1,0,0,0,0,0,0,0,0,0,0,0,1,1,0
358,71,206.68,11,226,0,95.3,50,0.44,1398,0,0,1,0,0,0,0,0,0,0,0,0,1,1,0
359,68,273.29,11,339,0,44.9,78,0.24,467,0,0,1,0,0,0,0,0,0,1,0,0,0,0,0
360,47,76.17,16,120,0,54.8,85,0.26,336,0,1,0,0,0,0,0,1,0,0,0,0,0,0,1
361,75,114.34,7,64,0,89.9,85,0.75,442,0,0,0,0,0,0,0,0,0,0,1,0,0,0,0
362,51,80.0,13,295,0,79.5,92,0.02,1655,1,0,0,0,0,0,0,1,0,0,0,0,0,0,1
363,75,24.61,5,204,0,96.2,96,0.37,1509,1,0,0,0,0,0,0,0,0,0,0,0,0,1,0
364,21,112.77,6,134,0,50.95,30,0.04,1639,0,0,0,0,1,0,0,0,0,0,0,0,0,1,0
365,20,204.65,9,44,0,47.0,40,0.49,1058,1,0,0,0,0,0,0,0,0,0,0,0,1,0,0
366,24,94.55,13,277,0,45.6,12,0.37,1683,1,0,0,0,0,0,1,0,0,0,0,0,0,0,0
367,73,61.73,9,134,0,47.3,93,0.05,765,0,1,0,0,0,0,0,0,0,0,1,0,0,1,0
368,35,112.98,9,51,1,91.3,1,0.14,908,1,0,0,0,0,0,0,0,0,0,0,0,1,1,0
369,59,122.89,15,228,0,20.6,90,0.36,1797,0,0,1,0,0,1,0,0,0,0,0,0,0,0,0
370,24,110.06,9,355,0,89.5,16,0.36,905,0,0,1,0,0,0,1,0,0,0,0,0,0,1,0
371,57,105.8,12,67,0,57.1,82,0.11,647,0,0,0,1,0,0,0,0,0,0,0,0,0,1,0
372,23,93.19,11,197,0,53.7,97,0.34,288,0,1,0,0,0,0,0,0,0,0,0,0,0,0,0
373,39,66.13,13,66,0,41.6,50,0.09,28,0,1,0,0,0,1,0,0,0,0,0,0,0,0,0
374,75,43.91,13,2,0,54.0,43,0.31,1416,0,0,1,0,0,0,0,0,0,1,0,0,0,0,0
375,18,83.66,8,57,0,80.3,87,0.16,1414,0,1,0,0,0,0,0,0,0,0,1,0,0,1,0
376,21,256.51,8,255,0,49.2,60,0.56,828,0,1,0,0,0,0,0,0,0,0,0,1,0,0,0
377,63,79.09,4,355,0,77.6,5,0.21,1099,0,0,0,1,0,0,0,0,0,0,1,0,0,0,0
378,66,32.68,7,264,0,41.7,21,0.07,298,0,0,0,0,0,0,1,0,0,0,0,0,0,0,0
379,69,89.98,5,15,0,18.3,65,0.27,591,1,0,0,0,0,0,0,1,0,0,0,0,0,0,0
380,67,124.96,17,267,0,41.5,95,0.24,335,0,0,0,1,0,0,0,0,0,0,0,1,0,1,0
381,60,137.6,10,101,0,72.3,82,0.58,460,0,0,0,0,0,0,0,0,0,0,0,0,0,1,0
382,46,213.51,9,286,0,85.2,21,0.45,434,1,0,0,0,0,0,0,0,0,0,0,0,0,1,0
383,38,100.44,10,221,0,77.2,71,0.29,360,0,0,1,0,0,0,0,0,0,1,0,0,0,1,0
384,43,121.16,9,20,0,37.4,65,0.09,1466,0,0,0,0,1,0,0,0,0,0,0,0,0,0,0
385,31,107.33,7,20,0,57.9,23,0.3,1715,1,0,0,0,0,0,0,0,0,0,1,0,0,0,0
386,26,274.81,11,91,0,36.0,91,0.07,411,0,0,0,1,0,0,0,0,0,1,0,0,0,0,0
387,76,354.59,12,283,0,70.4,60,0.4,677,1,0,0,0,0,0,1,0,0,0,0,0,0,0,0
388,64,71.29,12,132,0,43.6,2,0.32,1040,0,1,0,0,0,0,0,0,0,0,0,1,0,1,0
389,29,148.72,13,326,0,76.5,34,0.09,253,1,0,0,0,0,1,0,0,0,0,0,0,0,1,0
390,59,256.98,11,328,0,1.3,57,0.36,384,0,0,1,0,0,0,0,0,0,0,0,0,1,1,0
391,68,188.19,6,174,0,34.0,16,0.66,1285,0,0,0,1,0,0,0,1,0,0,0,0,0,1,0
392,73,41.95,8,212,0,87.8,74,0.54,721,0,0,0,0,0,0,1,0,0,0,0,0,0,1,0
393,68,122.54,7,147,0,32.4,84,0.13,1383,1,0,0,0,0,0,0,0,0,0,0,0,1,0,0
394,23,98.46,9,231,0,39.5,48,0.46,934,0,0,0,1,0,0,0,0,0,0,1,0,0,0,1
395,37,543.3,11,164,0,79.1,25,0.36,1094,0,0,1,0,0,1,0,0,0,0,0,0,0,1,0
396,41,151.22,4,313,0,9.5,68,0.42,23,0,0,0,0,0,0,0,0,0,0,0,0,0,1,0
397,44,17.05,9,144,0,50.95,32,0.44,1744,1,0,0,0,0,0,0,0,0,1,0,0,0,0,0
398,55,88.6,14,297,0,50.95,45,0.27,1417,0,0,1,0,0,0,0,0,0,0,0,1,0,1,0
399,25,67.2,12,222,0,95.7,92,0.07,199,0,1,0,0,0,0,0,0,0,1,0,0,0,0,0
400,18,69.69,11,352,0,78.3,40,0.23,286,0,0,0,1,0,0,0,0,0,0,0,1,0,0,0
401,71,62.09,10,61,0,50.95,13,0.23,186,0,0,0,1,1,0,0,0,0,0,0,0,0,0,1
402,66,179.38,17,95,0,83.5,5,0.66,1027,1,0,0,0,1,0,0,0,0,0,0,0,0,1,0
403,66,32.32,7,111,0,47.6,17,0.1,1084,0,0,1,0,0,0,0,0,0,1,0,0,0,0,0
404,41,142.37,16,86,0,78.3,71,0.37,1024,0,0,0,0,0,0,0,0,0,0,0,1,0,0,0
405,64,123.92,8,254,0,23.9,10,0.25,1525,0,0,0,0,0,0,0,0,0,0,0,1,0,0,0
406,24,173.18,9,112,0,34.1,91,0.26,543,0,0,0,0,0,0,0,0,0,0,0,0,1,1,0
407,36,114.79,12,253,0,90.2,59,0.22,986,0,0,0,0,0,0,0,0,0,1,0,0,0,1,0
408,39,31.04,11,347,0,91.1,35,0.5,454,1,0,0,0,0,0,0,0,1,0,0,0,0,0,0
409,74,98.54,10,321,0,28.5,23,0.15,714,1,0,0,0,0,0,0,0,0,0,1,0,0,0,0
410,72,79.68,11,31,0,8.4,56,0.2,1468,0,0,0,1,0,0,0,0,0,0,0,0,0,0,0
411,77,167.31,8,63,0,92.9,16,0.45,852,0,0,1,0,1,0,0,0,0,0,0,0,0,0,0
412,52,61.31,9,153,0,30.0,52,0.12,1492,0,1,0,0,0,0,0,0,1,0,0,0,0,0,0
413,79,94.02,11,4,0,12.0,27,0.18,1785,1,0,0,0,1,0,0,0,0,0,0,0,0,1,0
414,47,123.77,10,329,0,34.8,15,0.09,586,0,0,0,0,0,1,0,0,0,0,0,0,0,0,0
415,46,210.65,13,209,0,28.2,62,0.54,546,0,1,0,0,1,0,0,0,0,0,0,0,0,0,0
416,39,54.42,5,91,0,8.1,6,0.08,1488,0,0,0,1,0,0,1,0,0,0,0,0,0,0,0
417,28,198.93,11,221,0,98.4,24,0.09,564,0,0,0,0,1,0,0,0,0,0,0,0,0,0,1
418,37,150.98,9,189,0,29.4,87,0.25,777,0,0,1,0,0,0,0,0,0,0,0,0,1,1,0
419,79,109.29,8,59,0,27.2,5,0.1,1094,0,1,0,0,0,0,0,0,1,0,0,0,0,0,0
420,46,48.01,4,204,0,42.0,71,0.4,1292,0,0,0,1,0,1,0,0,0,0,0,0,0,1,0
421,68,106.14,11,211,0,41.5,86,0.44,109,1,0,0,0,0,0,0,0,0,0,0,1,0,1,0
422,58,34.27,12,257,0,43.4,93,0.14,1825,0,0,1,0,0,0,0,0,0,0,0,1,0,0,0
423,59,93.19,13,88,0,90.7,53,0.38,103,0,0,0,0,0,1,0,0,0,0,0,0,0,1,0
424,51,134.44,9,235,0,6.0,31,0.22,485,0,1,0,0,0,0,0,1,0,0,0,0,0,0,0
425,18,267.61,17,362,0,94.2,35,0.38,1485,0,0,0,1,0,0,0,0,0,1,0,0,0,1,0
426,48,117.96,7,331,0,66.6,98,0.5,782,0,1,0,0,0,0,0,1,0,0,0,0,0,1,0
427,47,38.23,9,195,1,50.95,19,0.15,731,0,0,1,0,0,0,0,0,1,0,0,0,0,0,0
428,65,67.78,12,331,0,15.8,34,0.21,425,1,0,0,0,1,0,0,0,0,0,0,0,0,0,0
429,35,46.97,11,182,0,32.9,94,0.2,29,1,0,0,0,0,0,0,0,0,0,0,1,0,0,1
430,72,135.25,8,250,0,5.2,83,0.25,191,0,0,1,0,0,0,0,0,0,0,0,0,1,0,0
431,75,167.14,14,223,0,65.3,82,0.41,1795,0,0,0,0,0,0,0,1,0,0,0,0,0,0,0
432,34,33.53,5,170,0,34.0,1,0.11,1351,0,1,0,0,1,0,0,0,0,0,0,0,0,1,0
433,55,65.6,11,197,0,55.1,41,0.29,113,0,0,0,0,0,0,0,0,0,0,0,0,0,1,0
434,31,461.53,11,248,0,75.3,53,0.24,1015,0,0,0,1,0,0,0,0,0,1,0,0,0,1,0
435,40,64.68,8,180,0,55.4,80,0.71,407,0,0,0,0,0,1,0,0,0,0,0,0,0,0,0
436,42,97.45,7,276,0,7.1,64,0.34,860,0,0,1,0,1,0,0,0,0,0,0,0,0,0,0
437,32,95.26,4,274,0,6.2,40,0.43,433,1,0,0,0,0,0,0,0,0,1,0,0,0,1,0
438,63,81.9,9,160,0,86.7,62,0.19,1495,0,0,1,0,0,0,0,0,0,1,0,0,0,0,0
439,73,120.43,9,247,0,26.2,55,0.26,1808,0,0,1,0,0,0,0,0,0,0,0,1,0,0,0
440,39,119.19,9,318,0,36.2,92,0.15,242,0,1,0,0,0,0,0,0,0,0,0,1,0,1,0
441,20,104.24,12,187,0,21.8,11,0.32,916,0,0,1,0,0,0,0,0,1,0,0,0,0,1,0
442,73,209.58,8,18,0,69.9,52,0.73,1656,0,0,0,1,0,0,0,0,0,0,0,0,0,0,0
443,72,224.8,6,243,0,38.6,96,0.22,1680,0,1,0,0,0,1,0,0,0,0,0,0,0,0,0
444,36,150.84,5,112,0,45.6,26,0.34,310,0,1,0,0,0,0,0,0,0,1,0,0,0,0,0
445,74,94.58,7,277,0,67.4,74,0.51,1219,0,0,0,0,0,0,0,0,1,0,0,0,0,1,0
446,61,71.82,13,50,0,62.3,87,0.08,1275,0,0,1,0,0,0,1,0,0,0,0,0,0,0,1
447,51,87.55,12,343,0,77.4,48,0.35,1726,0,0,0,0,0,0,0,1,0,0,0,0,0,1,0
448,52,134.24,14,122,0,74.9,45,0.39,390,0,0,0,0,0,0,0,0,0,0,1,0,0,1,0
449,67,85.92,12,237,0,44.0,33,0.29,705,0,1,0,0,0,0,0,0,0,1,0,0,0,0,1
450,78,221.97,12,318,0,19.2,64,0.16,1046,0,0,0,0,0,0,0,0,1,0,0,0,0,1,0
451,18,45.42,11,61,0,22.3,78,0.27,1328,0,0,0,0,0,0,0,0,0,0,0,0,0,0,0
452,69,117.92,8,73,0,70.7,9,0.17,251,0,1,0,0,0,0,0,0,0,0,0,1,0,1,0
453,38,44.54,17,244,0,26.1,78,0.61,561,0,1,0,0,0,0,0,0,0,1,0,0,0,0,0
454,46,49.41,11,31,0,44.0,2,0.19,1229,1,0,0,0,0,0,0,0,0,1,0,0,0,0,1
455,23,78.09,15,152,0,10.8,75,0.38,1679,0,0,1,0,1,0,0,0,0,0,0,0,0,1,0
456,54,55.71,15,143,0,12.2,14,0.13,1392,1,0,0,0,0,0,0,0,0,0,0,0,0,0,0
457,18,157.45,21,14,0,25.0,36,0.11,71,0,1,0,0,0,1,0,0,0,0,0,0,0,1,0
458,68,18.84,9,303,0,8.5,35,0.14,1312,0,0,0,1,0,0,0,0,0,0,0,1,0,0,0
459,18,65.6,11,273,0,27.5,64,0.08,198,0,0,0,0,0,0,0,0,0,1,0,0,0,1,0
460,44,53.48,9,244,0,56.8,25,0.2,885,0,0,0,0,0,0,0,1,0,0,0,0,0,1,0
461,38,51.64,10,278,0,74.5,97,0.17,490,0,1,0,0,0,0,0,0,0,0,0,1,0,1,0
462,70,149.32,12,54,0,3.3,9,0.51,1018,0,0,0,0,0,0,0,1,0,0,0,0,0,1,0
463,33,145.38,9,41,0,60.1,77,0.26,49,1,0,0,0,0,0,0,0,0,0,1,0,0,0,1
464,61,171.69,13,358,0,36.3,43,0.38,671,0,0,0,0,0,1,0,0,0,0,0,0,0,1,0
465,76,190.42,14,51,0,22.7,10,0.12,42,0,0,0,1,0,0,0,0,0,0,1,0,0,1,0
466,78,107.29,12,10,0,3.2,57,0.42,360,0,0,1,0,0,0,0,0,0,1,0,0,0,1,0
467,71,36.35,9,310,0,32.6,33,0.22,228,1,0,0,0,1,0,0,0,0,0,0,0,0,1,0
468,57,63.61,8,87,0,79.0,9,0.22,1092,0,0,1,0,0,1,0,0,0,0,0,0,0,0,0
469,43,87.82,9,226,0,53.0,54,0.05,385,0,0,1,0,1,0,0,0,0,0,0,0,0,0,1
470,33,81.68,12,113,0,77.6,13,0.24,62,0,0,0,1,0,0,0,0,1,0,0,0,0,1,0
471,45,150.19,8,24,0,41.2,24,0.19,606,0,0,0,1,0,0,1,0,0,0,0,0,0,0,0
472,18,86.96,10,91,0,84.3,62,0.1,651,0,0,0,1,0,0,0,0,0,0,0,0,0,0,0
473,53,23.39,10,86,0,15.0,40,0.11,458,0,0,0,1,0,0,0,0,1,0,0,0,0,1,0
474,27,142.72,14,80,0,82.0,59,0.33,502,1,0,0,0,0,0,0,0,0,0,1,0,0,0,0
475,60,35.3,6,249,0,47.6,56,0.72,401,0,0,0,1,0,0,0,1,0,0,0,0,0,0,0
476,34,59.25,8,249,0,74.6,64,0.35,1410,1,0,0,0,0,0,0,0,0,0,1,0,0,0,0
477,74,63.94,4,209,0,24.0,60,0.5,1213,0,0,0,0,0,1,0,0,0,0,0,0,0,0,0
478,76,88.09,8,8,0,48.6,81,0.3,1066,0,0,1,0,0,1,0,0,0,0,0,0,0,1,0
479,40,93.19,14,98,0,73.3,97,0.35,1769,0,0,0,0,0,0,0,0,0,0,1,0,0,0,1
480,24,93.19,10,35,0,48.4,23,0.75,394,0,0,0,0,0,0,0,0,0,1,0,0,0,0,0
481,61,110.71,9,56,0,45.8,27,0.4,1465,0,1,0,0,0,0,0,0,0,0,1,0,0,0,0
482,70,233.88,18,62,0,81.1,61,0.1,820,0,0,0,0,0,1,0,0,0,0,0,0,0,0,0
483,24,29.51,12,337,0,16.2,44,0.25,67,0,0,0,0,0,1,0,0,0,0,0,0,0,1,0
484,61,26.11,13,275,0,47.5,57,0.12,706,0,1,0,0,0,0,0,0,0,0,0,1,0,0,1
485,32,228.23,12,212,0,50.95,43,0.12,316,0,0,0,0,0,0,0,0,0,0,0,0,1,0,0
486,51,169.06,6,302,0,84.5,62,0.34,1784,0,1,0,0,1,0,0,0,0,0,0,0,0,1,0
487,63,138.76,16,19,0,11.8,26,0.38,596,1,0,0,0,0,0,0,0,1,0,0,0,0,1,0
488,62,43.45,12,246,0,85.0,88,0.74,216,0,0,1,0,0,0,0,0,0,0,1,0,0,0,0
489,21,81.99,8,5,1,1.2,75,0.18,470,0,0,0,1,0,0,0,0,0,0,0,1,0,1,0
490,31,122.87,6,72,0,85.6,93,0.62,1160,0,0,0,0,0,0,0,0,0,1,0,0,0,1,0
491,31,75.04,10,106,0,50.95,64,0.34,978,1,0,0,0,0,1,0,0,0,0,0,0,0,0,0
492,33,18.74,11,92,0,57.8,69,0.26,917,0,0,1,0,0,0,0,0,0,0,1,0,0,1,0
493,24,42.83,7,284,0,1.0,24,0.31,871,1,0,0,0,0,1,0,0,0,0,0,0,0,1,0
494,49,42.33,9,355,0,73.1,73,0.22,1768,0,1,0,0,0,0,0,1,0,0,0,0,0,1,0
495,36,64.27,9,218,0,43.2,74,0.22,794,1,0,0,0,0,0,0,0,0,0,0,1,0,1,0
496,19,67.78,13,48,0,84.6,11,0.11,1401,0,0,0,0,0,0,0,0,0,0,1,0,0,0,0
497,27,85.8,11,363,0,55.6,95,0.29,1165,0,0,0,0,0,0,0,1,0,0,0,0,0,0,0
498,67,125.81,16,294,0,83.5,67,0.37,33,0,0,0,1,0,0,1,0,0,0,0,0,0,1,0
499,78,93.19,11,287,1,61.2,89,0.22,172,0,0,0,1,0,0,0,0,0,0,0,1,0,1,0
500,34,84.8,14,176,0,74.6,53,0.88,889,0,0,0,0,0,0,0,0,0,0,1,0,0,0,0
501,54,83.49,11,298,0,74.8,43,0.19,1406,1,0,0,0,0,0,0,0,0,0,1,0,0,1,0
502,29,181.42,6,107,0,24.7,27,0.49,98,0,0,0,0,0,0,0,0,0,0,0,0,0,1,0
503,23,55.09,4,283,0,57.7,1,0.66,1239,1,0,0,0,0,0,0,0,0,0,0,1,0,1,0
504,39,59.88,15,300,0,87.4,49,0.16,1681,0,0,0,0,0,0,0,0,0,0,0,1,0,0,0
505,49,52.23,11,64,1,87.9,48,0.17,146,0,0,1,0,0,1,0,0,0,0,0,0,0,0,0
506,58,100.97,10,305,0,38.5,80,0.32,412,1,0,0,0,0,0,0,0,0,0,1,0,0,0,0
507,37,80.45,9,53,0,32.5,99,0.19,1011,0,1,0,0,1,0,0,0,0,0,0,0,0,0,0
508,18,93.19,9,306,0,65.4,79,0.34,869,0,1,0,0,1,0,0,0,0,0,0,0,0,0,0
509,71,62.6,9,298,1,77.8,98,0.04,36,0,0,0,1,1,0,0,0,0,0,0,0,0,0,0
510,64,112.34,9,319,0,3.5,53,0.12,1675,0,0,1,0,0,0,1,0,0,0,0,0,0,0,0
511,70,118.2,10,29,0,9.3,11,0.04,1079,0,1,0,0,0,0,0,0,0,0,1,0,0,1,0
512,75,60.4,10,245,0,77.9,9,0.3,289,0,0,0,0,0,0,0,0,0,0,1,0,0,0,0
513,23,93.19,6,209,0,43.7,61,0.12,1332,0,1,0,0,0,0,0,1,0,0,0,0,0,0,0
514,36,66.52,11,220,0,66.8,88,0.45,1223,0,0,0,0,0,0,0,0,0,0,0,0,0,0,0
515,35,48.6,20,169,0,82.0,99,0.18,1198,0,0,1,0,0,0,0,0,0,0,0,1,0,1,0
516,23,161.82,6,342,0,50.95,22,0.57,715,0,0,0,1,0,1,0,0,0,0,0,0,0,1,0
517,62,76.06,11,213,0,81.0,71,0.57,1742,0,1,0,0,0,0,0,0,0,0,0,0,0,0,0
518,50,123.2,9,321,0,51.4,44,0.26,1152,0,0,0,1,0,0,0,1,0,0,0,0,0,0,0
519,40,99.13,19,68,0,15.8,30,0.5,768,0,0,1,0,0,0,0,0,0,0,1,0,0,0,0
520,40,17.94,4,233,0,47.4,60,0.1,1466,1,0,0,0,0,0,0,0,1,0,0,0,0,1,0
521,43,136.89,14,14,0,96.3,93,0.07,785,0,0,1,0,0,0,0,0,0,0,0,1,0,0,0
522,30,35.93,8,133,0,30.5,55,0.03,939,0,0,1,0,0,0,1,0,0,0,0,0,0,0,0
523,24,93.11,9,205,0,41.9,39,0.56,707,0,0,1,0,1,0,0,0,0,0,0,0,0,0,0
524,32,204.03,8,23,0,76.5,41,0.27,251,1,0,0,0,0,0,1,0,0,0,0,0,0,0,0
525,61,132.19,13,84,0,7.6,9,0.22,1096,1,0,0,0,0,0,0,0,0,0,1,0,0,0,0
526,44,192.68,10,141,0,75.7,1,0.51,1013,0,0,1,0,0,0,0,1,0,0,0,0,0,0,0
527,43,190.77,14,139,0,27.4,3,0.38,63,1,0,0,0,0,0,0,0,1,0,0,0,0,0,0
528,50,93.19,11,323,0,26.7,69,0.38,1498,0,0,0,0,0,0,0,0,0,1,0,0,0,0,1
529,32,79.93,11,121,0,58.2,11,0.16,1049,0,0,1,0,1,0,0,0,0,0,0,0,0,1,0
530,53,57.26,1,299,0,25.5,4,0.08,399,0,1,0,0,0,1,0,0,0,0,0,0,0,1,0
531,62,173.84,13,340,0,64.1,33,0.41,218,0,0,0,0,0,0,0,0,0,0,1,0,0,0,1
532,72,160.55,11,178,0,90.9,33,0.29,901,0,0,1,0,0,0,0,0,0,0,0,0,1,0,0
533,44,47.37,6,207,0,40.5,45,0.24,547,0,1,0,0,0,0,0,0,1,0,0,0,0,0,0
534,74,48.38,7,165,0,94.4,20,0.24,319,0,1,0,0,0,0,0,0,1,0,0,0,0,0,0
535,22,82.77,12,40,0,94.2,37,0.28,906,0,0,0,1,0,0,0,0,0,0,0,1,0,1,0
536,78,11.61,11,121,0,20.8,84,0.13,776,0,0,0,1,0,0,1,0,0,0,0,0,0,0,0
537,19,32.44,8,43,0,50.95,98,0.13,412,0,1,0,0,1,0,0,0,0,0,0,0,0,0,0
538,72,138.98,8,74,0,99.0,21,0.18,627,0,0,1,0,0,0,0,0,0,0,1,0,0,1,0
539,75,25.69,12,347,0,50.95,58,0.49,1786,0,0,1,0,0,0,0,0,0,0,0,0,1,1,0
540,50,122.65,11,271,0,47.5,51,0.38,261,0,0,1,0,1,0,0,0,0,0,0,0,0,0,0
541,33,74.03,8,165,0,43.2,71,0.09,1105,0,0,1,0,0,0,0,1,0,0,0,0,0,1,0
542,40,47.02,11,249,1,81.0,16,0.6,19,0,1,0,0,0,0,0,0,0,0,0,0,1,0,0
543,55,144.03,15,85,1,16.2,96,0.27,859,1,0,0,0,0,0,0,0,0,0,0,0,0,1,0
544,72,238.78,12,136,0,22.2,36,0.35,950,1,0,0,0,0,0,0,0,0,0,0,0,0,0,0
545,33,56.81,5,332,0,17.6,50,0.08,1174,0,0,1,0,0,0,0,0,1,0,0,0,0,0,1
546,31,200.53,8,38,0,16.7,75,0.31,1576,0,0,0,1,0,0,0,1,0,0,0,0,0,0,0
547,46,110.4,17,86,0,25.8,48,0.38,699,0,1,0,0,0,0,0,0,0,0,0,0,0,1,0
548,43,101.52,13,154,0,52.8,29,0.36,799,1,0,0,0,0,0,0,0,1,0,0,0,0,0,0
549,52,228.29,9,159,0,70.7,42,0.25,391,0,1,0,0,0,0,1,0,0,0,0,0,0,1,0
550,32,343.2,7,63,0,50.95,98,0.23,763,0,0,0,1,0,0,0,0,0,0,1,0,0,1,0
551,20,51.9,10,222,0,44.6,59,0.16,573,0,1,0,0,0,0,0,0,1,0,0,0,0,0,1
552,40,125.38,12,361,0,79.2,55,0.37,357,0,0,0,1,0,0,0,0,0,0,1,0,0,0,0
553,46,113.66,10,345,0,52.5,74,0.3,1199,0,0,0,1,0,0,0,1,0,0,0,0,0,0,0
554,51,69.37,3,145,0,59.0,67,0.23,1691,0,0,0,0,0,0,0,0,0,0,0,1,0,1,0
555,50,79.43,9,203,0,51.8,22,0.29,563,0,0,0,1,1,0,0,0,0,0,0,0,0,1,0
556,58,314.26,10,66,0,79.0,96,0.14,1668,0,0,0,0,0,0,0,0,1,0,0,0,0,1,0
557,58,63.29,8,4,0,18.3,84,0.75,1318,0,0,0,1,0,0,0,0,1,0,0,0,0,0,0
558,40,40.74,8,58,0,98.1,2,0.13,1346,0,0,0,1,0,0,0,0,0,0,1,0,0,0,0
559,24,165.08,8,75,0,87.9,8,0.14,1194,0,1,0,0,0,0,0,0,0,0,0,0,0,0,0
560,20,49.9,11,259,0,40.0,41,0.49,1480,0,0,0,0,0,0,0,0,0,0,0,0,0,0,0
561,75,234.76,6,247,0,41.5,89,0.44,1603,1,0,0,0,0,0,0,0,1,0,0,0,0,1,0
562,49,168.02,10,15,0,84.9,11,0.2,86,1,0,0,0,0,0,0,0,0,0,0,0,0,1,0
563,48,24.53,9,74,0,44.6,24,0.11,1205,0,1,0,0,0,0,0,0,0,0,0,0,0,1,0
564,35,200.67,8,355,0,50.8,26,0.04,817,1,0,0,0,0,0,0,0,1,0,0,0,0,1,0
565,60,337.91,8,175,0,74.6,35,0.1,691,1,0,0,0,0,0,1,0,0,0,0,0,0,1,0
566,24,86.68,9,321,0,38.8,5,0.14,1205,0,0,0,1,0,0,1,0,0,0,0,0,0,0,1
567,58,23.25,12,135,0,45.4,15,0.27,1759,0,0,1,0,0,0,0,0,0,1,0,0,0,1,0
568,18,126.76,8,276,0,3.7,14,0.42,174,0,0,1,0,0,0,1,0,0,0,0,0,0,0,1
569,78,189.96,8,281,0,13.3,37,0.24,510,1,0,0,0,0,0,0,0,0,1,0,0,0,1,0
570,31,87.3,9,167,0,45.9,18,0.25,1308,0,1,0,0,0,0,0,1,0,0,0,0,0,0,1
571,69,256.88,14,29,0,4.6,76,0.45,1660,0,1,0,0,0,1,0,0,0,0,0,0,0,0,0
572,49,47.59,6,321,0,30.7,67,0.29,1177,0,0,0,0,1,0,0,0,0,0,0,0,0,0,1
573,23,159.74,9,335,0,43.7,46,0.22,1484,0,1,0,0,0,1,0,0,0,0,0,0,0,1,0
574,56,31.88,12,268,0,10.2,97,0.16,646,0,1,0,0,0,0,0,0,0,0,0,0,0,0,0
575,27,200.68,8,0,0,6.5,68,0.16,201,0,0,0,1,0,0,0,0,0,0,0,0,1,0,1
576,24,48.43,9,170,0,1.6,57,0.35,500,0,0,0,1,0,0,0,0,0,0,0,0,0,1,0
577,43,69.94,7,128,1,48.5,40,0.36,255,1,0,0,0,0,0,0,0,1,0,0,0,0,1,0
578,51,41.48,14,167,0,14.7,90,0.17,631,0,1,0,0,0,0,0,0,1,0,0,0,0,1,0
579,47,113.3,9,60,0,50.95,85,0.26,1321,0,0,1,0,1,0,0,0,0,0,0,0,0,0,1
580,53,62.17,6,116,0,49.3,45,0.43,775,0,1,0,0,0,0,0,0,0,0,0,1,0,0,0
581,38,133.1,6,321,0,1.9,16,0.15,856,0,1,0,0,0,0,0,0,0,0,0,1,0,0,0
582,79,65.05,13,122,0,5.9,62,0.23,784,1,0,0,0,0,0,0,0,0,0,0,1,0,1,0
583,77,99.28,10,259,0,91.8,23,0.35,1736,0,0,1,0,0,0,1,0,0,0,0,0,0,1,0
584,34,38.94,8,225,0,12.4,88,0.42,1248,1,0,0,0,0,0,0,1,0,0,0,0,0,0,0
585,50,90.53,6,291,0,75.7,73,0.72,287,0,1,0,0,0,0,0,0,0,0,0,0,0,1,0
586,27,127.17,16,351,0,24.6,83,0.22,1742,0,0,1,0,0,0,0,0,1,0,0,0,0,0,0
587,68,93.19,8,185,0,32.2,91,0.36,1567,0,1,0,0,0,0,0,0,0,0,0,0,1,0,1
588,64,122.23,8,84,0,2.5,95,0.06,1328,1,0,0,0,0,0,0,0,0,0,0,0,1,1,0
589,59,288.63,15,217,0,55.6,51,0.24,215,1,0,0,0,0,0,0,0,0,0,0,0,1,0,0
590,68,264.71,5,142,0,46.7,1,0.06,758,0,0,0,1,0,0,0,0,0,0,0,1,0,1,0
591,29,32.41,10,89,0,74.5,77,0.15,1534,0,0,1,0,1,0,0,0,0,0,0,0,0,0,0
592,73,180.44,9,340,0,90.6,45,0.12,1161,0,0,0,1,0,0,0,0,0,0,0,1,0,1,0
593,33,17.86,9,267,0,54.8,4,0.24,1322,0,0,1,0,0,0,0,0,1,0,0,0,0,0,0
594,58,114.96,9,75,0,95.2,55,0.18,359,0,0,0,0,0,0,0,0,0,0,0,0,0,1,0
595,49,91.17,9,68,0,14.8,89,0.24,1048,0,0,1,0,0,0,0,0,0,0,0,0,0,0,0
596,32,120.82,9,297,0,34.5,10,0.21,1522,0,1,0,0,1,0,0,0,0,0,0,0,0,0,0
597,79,140.24,13,159,0,83.0,87,0.42,52,0,0,1,0,0,0,0,1,0,0,0,0,0,1,0
598,44,93.19,10,7,0,55.3,30,0.17,1686,0,0,0,1,0,0,1,0,0,0,0,0,0,0,0
599,45,54.51,8,218,0,54.7,14,0.29,1210,1,0,0,0,0,0,0,0,0,0,0,0,1,1,0
600,34,23.86,11,309,0,46.0,96,0.58,1728,1,0,0,0,0,0,0,0,0,0,0,0,0,0,0
601,63,119.51,11,87,0,1.9,30,0.32,1603,0,0,1,0,1,0,0,0,0,0,0,0,0,1,0
602,76,153.31,6,140,0,8.0,5,0.25,359,0,0,0,0,0,0,0,0,0,0,0,0,1,0,0
603,67,93.19,10,28,0,9.0,15,0.05,124,1,0,0,0,0,0,0,0,0,0,0,1,0,1,0
604,75,92.21,8,12,0,18.9,17,0.16,374,1,0,0,0,0,0,0,0,0,0,1,0,0,1,0
605,19,138.06,15,313,0,9.4,48,0.2,1534,1,0,0,0,0,1,0,0,0,0,0,0,0,1,0
606,53,15.72,12,62,0,10.7,97,0.42,280,0,0,0,0,0,0,0,0,0,0,0,0,0,0,0
607,67,65.24,12,342,0,63.7,76,0.29,401,0,0,0,1,0,0,0,1,0,0,0,0,0,1,0
608,24,284.55,12,174,0,11.8,25,0.29,1707,0,0,1,0,1,0,0,0,0,0,0,0,0,0,0
609,30,94.14,16,215,0,46.5,19,0.44,522,0,0,0,0,0,0,1,0,0,0,0,0,0,0,0
610,32,80.33,13,234,0,6.3,59,0.32,1427,0,0,1,0,0,0,0,1,0,0,0,0,0,1,0
611,42,148.93,10,86,0,26.9,53,0.47,1444,0,1,0,0,0,0,0,0,0,0,0,1,0,0,0
612,40,97.95,16,73,0,92.4,87,0.23,282,0,0,1,0,0,0,0,0,0,0,0,0,0,1,0
613,77,172.63,11,293,0,3.1,39,0.39,133,1,0,0,0,0,0,0,0,1,0,0,0,0,1,0
614,39,32.44,9,68,0,87.7,5,0.11,1617,0,0,0,0,0,0,0,0,0,0,0,1,0,0,0
615,43,49.73,9,68,0,50.95,40,0.33,1500,0,0,0,0,0,0,1,0,0,0,0,0,0,0,0
616,50,228.16,11,222,0,92.1,85,0.22,123,0,0,0,1,0,0,0,0,0,0,0,1,0,0,0
617,28,75.03,10,284,0,78.7,58,0.32,1704,0,1,0,0,1,0,0,0,0,0,0,0,0,1,0
618,27,57.96,4,121,0,50.95,78,0.2,278,0,0,0,1,0,0,0,1,0,0,0,0,0,1,0
619,42,74.74,5,262,0,10.8,6,0.14,1141,0,0,0,1,1,0,0,0,0,0,0,0,0,1,0
620,54,70.98,13,220,0,83.6,19,0.17,1082,0,1,0,0,0,0,0,0,0,0,0,0,1,0,0
621,65,196.0,12,310,0,47.7,68,0.31,1640,1,0,0,0,0,0,0,0,0,0,1,0,0,0,0
622,60,51.37,8,163,0,35.2,24,0.28,144,0,0,0,0,0,0,0,1,0,0,0,0,0,0,0
623,70,94.1,7,262,0,15.4,90,0.16,1030,0,0,1,0,0,0,0,0,0,0,1,0,0,1,0
624,55,210.22,14,91,0,0.1,19,0.14,1731,0,1,0,0,1,0,0,0,0,0,0,0,0,1,0
625,58,75.23,8,265,0,64.3,59,0.33,308,0,0,0,1,0,0,0,0,1,0,0,0,0,1,0
626,62,196.78,10,335,0,72.6,61,0.57,975,0,0,1,0,0,0,0,0,0,0,0,0,0,1,0
627,41,66.88,14,73,0,38.8,32,0.16,309,0,1,0,0,0,0,1,0,0,0,0,0,0,1,0
628,57,212.27,14,313,0,16.4,45,0.6,1436,0,1,0,0,0,0,0,0,0,0,0,1,0,0,0
629,63,98.62,17,89,0,14.5,35,0.32,149,1,0,0,0,0,0,0,0,0,0,0,1,0,0,0
630,73,65.72,4,353,1,16.8,54,0.13,687,1,0,0,0,0,0,0,0,0,0,1,0,0,0,0
631,50,128.19,15,295,0,5.6,2,0.11,1536,0,0,0,0,0,0,1,0,0,0,0,0,0,0,0
632,34,21.75,11,128,0,36.0,97,0.32,1626,0,0,0,0,0,0,0,1,0,0,0,0,0,1,0
633,41,418.24,8,48,0,61.6,74,0.21,1793,0,0,1,0,0,0,0,0,0,0,0,0,0,0,0
634,54,110.69,10,85,0,44.7,45,0.21,60,0,0,0,0,0,1,0,0,0,0,0,0,0,1,0
635,74,154.42,8,143,1,12.5,33,0.2,1813,0,1,0,0,0,0,0,0,0,0,1,0,0,0,1
636,19,30.69,6,134,0,81.6,23,0.25,559,0,1,0,0,0,0,0,1,0,0,0,0,0,0,0
637,49,258.77,12,114,0,28.7,98,0.2,1201,0,1,0,0,0,0,0,1,0,0,0,0,0,1,0
638,74,75.35,9,276,0,60.3,36,0.59,1373,0,1,0,0,0,0,1,0,0,0,0,0,0,0,1
639,77,43.28,10,65,0,24.6,94,0.38,828,1,0,0,0,0,0,1,0,0,0,0,0,0,1,0
640,79,202.73,8,186,0,59.5,69,0.26,793,0,1,0,0,0,0,0,0,0,1,0,0,0,0,0
641,41,41.96,9,344,0,13.0,85,0.06,198,0,1,0,0,0,0,0,0,0,0,0,1,0,0,0
642,26,96.3,14,200,0,65.5,80,0.47,1496,0,1,0,0,0,0,0,0,0,0,0,0,0,1,0
643,21,97.52,12,137,0,57.3,71,0.4,806,0,0,0,1,0,0,0,0,0,0,0,0,1,1,0
644,34,221.94,13,51,0,51.9,9,0.34,336,0,0,1,0,0,0,0,0,0,0,1,0,0,0,0
645,34,211.01,8,212,0,21.7,88,0.2,581,0,0,1,0,0,0,0,0,0,0,0,0,0,0,0
646,70,109.35,12,157,1,50.95,49,0.08,238,0,1,0,0,0,0,0,0,0,1,0,0,0,1,0
647,67,99.98,12,289,0,89.7,26,0.18,385,0,1,0,0,0,0,0,0,0,1,0,0,0,0,1
648,65,44.17,12,349,0,12.5,96,0.3,1687,0,0,1,0,0,0,0,0,0,0,0,0,0,1,0
649,47,112.34,14,205,0,70.4,27,0.14,623,0,0,0,0,0,0,1,0,0,0,0,0,0,1,0
650,57,360.12,16,341,0,11.4,41,0.43,776,0,0,0,1,0,0,0,1,0,0,0,0,0,1,0
651,75,81.9,9,320,0,33.8,83,0.36,462,0,0,0,1,0,1,0,0,0,0,0,0,0,1,0
652,28,38.64,9,315,0,68.4,72,0.34,1423,0,0,0,0,0,0,0,0,0,0,0,0,0,1,0
653,38,30.32,14,135,0,56.0,6,0.02,847,0,1,0,0,0,0,0,0,0,0,1,0,0,0,1
654,38,47.63,10,74,0,67.8,83,0.54,921,0,0,1,0,0,0,0,0,0,0,0,0,1,1,0
655,35,17.27,4,68,0,96.3,87,0.21,676,0,0,0,1,0,0,0,0,0,0,0,1,0,1,0
656,72,259.28,14,300,0,97.0,66,0.39,488,0,0,0,0,0,0,0,0,0,1,0,0,0,1,0
657,46,384.14,6,48,0,91.5,61,0.31,413,0,0,0,0,0,0,0,0,1,0,0,0,0,0,0
658,41,93.19,19,201,0,50.95,67,0.43,828,1,0,0,0,0,0,0,0,1,0,0,0,0,0,0
659,27,145.48,15,61,0,34.1,66,0.21,720,0,0,0,0,0,0,0,1,0,0,0,0,0,1,0
660,62,141.39,12,166,0,28.0,77,0.31,516,1,0,0,0,0,0,1,0,0,0,0,0,0,1,0
661,34,112.97,11,204,0,57.6,96,0.29,1342,1,0,0,0,0,0,0,0,0,0,0,1,0,1,0
662,35,45.74,12,148,0,45.4,43,0.17,233,0,0,0,1,0,0,0,0,0,1,0,0,0,1,0
663,59,112.57,11,120,0,99.5,25,0.51,1729,0,1,0,0,0,0,0,0,1,0,0,0,0,1,0
664,65,112.4,8,308,0,53.6,62,0.65,506,0,1,0,0,0,0,0,0,1,0,0,0,0,1,0
665,37,65.72,13,96,0,32.9,13,0.12,1627,0,0,0,0,0,1,0,0,0,0,0,0,0,1,0
666,54,138.21,10,52,0,63.6,94,0.34,753,0,0,1,0,0,0,0,0,0,0,0,0,0,0,0
667,62,66.95,9,8,0,4.4,83,0.22,13,0,0,1,0,1,0,0,0,0,0,0,0,0,1,0
668,35,173.33,6,330,0,11.1,24,0.23,1377,1,0,0,0,0,0,0,0,0,0,0,1,0,0,1
669,34,114.6,10,250,0,66.4,97,0.29,1193,0,0,0,0,1,0,0,0,0,0,0,0,0,0,1
670,26,138.83,11,359,0,12.3,59,0.12,1119,0,0,0,0,0,0,0,0,0,0,0,0,1,0,0
671,31,68.98,12,348,0,75.5,77,0.55,1355,0,1,0,0,0,0,1,0,0,0,0,0,0,1,0
672,66,188.68,9,123,0,6.2,95,0.07,983,0,0,1,0,0,0,0,0,0,0,0,0,0,1,0
673,46,65.7,11,121,1,59.4,38,0.44,1524,0,0,0,1,0,0,0,0,0,0,0,0,1,1,0
674,48,132.26,8,198,0,67.8,8,0.26,1290,0,0,0,0,0,0,0,0,0,0,1,0,0,0,0
675,21,49.71,11,316,0,78.0,58,0.77,428,0,0,0,0,0,0,0,0,0,1,0,0,0,0,0
676,35,158.21,12,94,0,88.6,30,0.18,1637,0,1,0,0,1,0,0,0,0,0,0,0,0,0,0
677,76,48.53,9,29,0,31.2,19,0.08,1439,0,0,0,1,0,0,0,1,0,0,0,0,0,0,1
678,37,279.57,10,91,0,71.9,96,0.25,529,0,0,0,1,0,0,0,0,0,0,1,0,0,1,0
679,73,188.31,7,83,0,8.1,30,0.45,782,0,0,0,1,0,0,0,0,0,0,0,1,0,0,0
680,73,70.96,9,14,0,83.0,55,0.16,1066,0,0,0,1,0,0,0,0,0,1,0,0,0,1,0
681,64,93.07,15,142,0,89.0,46,0.24,1762,0,0,1,0,0,0,0,0,1,0,0,0,0,1,0
682,60,53.73,9,308,0,74.9,38,0.45,1323,1,0,0,0,1,0,0,0,0,0,0,0,0,1,0
683,61,55.52,10,208,0,28.1,17,0.14,139,0,0,0,1,0,0,0,0,0,0,0,0,0,1,0
684,26,96.77,10,22,0,6.2,98,0.07,791,1,0,0,0,0,0,0,0,0,0,0,0,0,0,0
685,30,91.39,13,325,0,42.2,80,0.57,695,1,0,0,0,0,0,0,0,0,0,1,0,0,1,0
686,32,165.52,11,364,0,27.1,59,0.37,1184,0,1,0,0,0,0,0,0,0,0,1,0,0,0,0
687,44,42.12,8,143,0,53.0,37,0.28,581,0,0,0,1,0,0,1,0,0,0,0,0,0,0,0
688,32,36.01,12,86,0,39.4,55,0.37,1261,0,0,1,0,0,0,0,0,1,0,0,0,0,0,0
689,45,80.65,9,192,0,13.6,6,0.21,508,0,1,0,0,0,1,0,0,0,0,0,0,0,1,0
690,54,101.74,9,172,0,83.7,66,0.34,305,0,1,0,0,1,0,0,0,0,0,0,0,0,0,0
691,72,18.31,10,262,0,86.5,69,0.17,1058,1,0,0,0,0,0,0,0,0,0,0,0,1,0,0
692,36,72.62,8,294,0,81.3,42,0.19,236,0,0,0,0,0,0,0,0,0,0,0,1,0,1,0
693,43,123.98,14,359,1,21.0,83,0.44,647,0,0,1,0,1,0,0,0,0,0,0,0,0,1,0
694,69,93.19,10,49,0,42.8,65,0.51,1617,0,0,0,1,1,0,0,0,0,0,0,0,0,0,0
695,43,33.44,8,47,0,17.1,89,0.48,340,0,0,0,1,0,0,0,0,1,0,0,0,0,0,0
696,42,174.22,10,48,0,66.5,80,0.42,1062,0,0,1,0,1,0,0,0,0,0,0,0,0,0,0
697,43,45.41,11,167,0,80.5,94,0.22,1420,0,0,0,1,0,0,1,0,0,0,0,0,0,0,0
698,43,108.13,11,166,0,58.2,94,0.24,1714,0,0,0,0,1,0,0,0,0,0,0,0,0,0,0
699,63,95.44,4,81,0,54.6,10,0.18,258,0,0,0,0,0,0,0,1,0,0,0,0,0,1,0
700,45,77.35,5,62,0,71.5,40,0.48,1163,0,0,0,1,0,0,0,1,0,0,0,0,0,1,0
701,66,113.78,7,227,0,11.4,52,0.61,997,0,1,0,0,0,0,0,0,0,1,0,0,0,1,0
702,35,152.93,6,213,0,24.8,24,0.24,1143,0,0,0,1,0,0,0,0,0,0,0,1,0,0,0
703,49,187.1,8,129,0,31.4,59,0.11,144,0,0,0,1,0,0,0,1,0,0,0,0,0,0,0
704,70,161.47,9,153,0,53.3,21,0.38,1283,0,0,1,0,0,0,0,0,0,0,0,1,0,1,0
705,20,93.19,5,241,0,97.6,52,0.29,685,0,0,0,0,0,0,0,0,0,0,0,0,0,0,0
706,19,74.58,12,95,0,86.3,79,0.21,1191,0,1,0,0,0,0,1,0,0,0,0,0,0,1,0
707,50,122.71,12,231,0,24.7,5,0.25,252,0,0,1,0,0,0,0,0,1,0,0,0,0,1,0
708,59,25.49,6,237,0,23.3,36,0.6,972,0,0,1,0,0,0,0,0,1,0,0,0,0,1,0
709,36,82.39,6,17,0,43.6,22,0.14,360,0,1,0,0,0,0,0,1,0,0,0,0,0,1,0
710,34,99.45,8,343,0,97.5,8,0.64,1505,0,1,0,0,0,0,1,0,0,0,0,0,0,1,0
711,61,288.36,10,323,0,15.2,95,0.52,1557,0,0,1,0,0,0,0,0,0,0,0,0,0,1,0
712,50,106.51,6,245,0,95.7,52,0.25,1694,0,0,0,1,0,0,0,0,0,0,0,0,1,1,0
713,29,109.63,16,59,0,19.0,1,0.06,363,0,1,0,0,0,0,1,0,0,0,0,0,0,1,0
714,66,102.33,13,129,0,88.6,84,0.47,773,1,0,0,0,0,0,0,0,0,1,0,0,0,0,0
715,73,121.38,10,349,0,83.0,28,0.75,554,0,1,0,0,0,0,0,0,1,0,0,0,0,1,0
716,20,36.53,14,48,0,88.2,31,0.44,276,0,0,1,0,0,0,0,0,0,1,0,0,0,0,1
717,60,97.0,8,165,0,89.2,53,0.34,168,1,0,0,0,0,0,0,0,1,0,0,0,0,1,0
718,66,45.94,10,167,0,21.8,24,0.27,1615,0,0,1,0,0,0,0,0,0,0,0,0,0,1,0
719,72,68.5,10,252,0,77.9,45,0.29,951,0,0,0,0,1,0,0,0,0,0,0,0,0,1,0
720,43,63.0,12,335,0,68.2,7,0.02,523,0,0,0,0,0,1,0,0,0,0,0,0,0,1,0
721,52,62.77,10,308,0,50.95,2,0.38,1260,0,0,0,1,0,0,1,0,0,0,0,0,0,0,0
722,25,86.51,15,63,0,49.0,73,0.22,1618,0,1,0,0,0,0,1,0,0,0,0,0,0,1,0
723,69,201.7,13,32,0,41.3,63,0.46,1814,0,0,1,0,1,0,0,0,0,0,0,0,0,0,1
724,53,122.8,13,57,0,72.6,83,0.37,1643,1,0,0,0,0,0,0,0,0,0,0,0,1,0,0
725,70,113.93,11,305,0,27.0,41,0.4,1081,0,1,0,0,0,0,0,0,1,0,0,0,0,0,0
726,71,116.57,13,63,0,82.0,89,0.1,1068,0,0,0,1,0,0,0,0,0,0,0,0,1,0,0
727,24,69.55,10,124,0,28.6,23,0.3,270,0,0,1,0,0,0,1,0,0,0,0,0,0,0,0
728,63,106.16,9,60,0,4.3,50,0.27,718,0,0,1,0,0,0,0,1,0,0,0,0,0,1,0
729,63,17.67,8,248,0,55.1,74,0.16,1668,0,0,0,0,0,0,0,1,0,0,0,0,0,0,0
730,53,72.33,8,137,0,83.6,87,0.14,964,0,0,0,1,0,0,0,0,0,0,1,0,0,1,0
731,33,73.3,11,65,0,69.0,33,0.31,1112,0,0,1,0,0,0,0,0,0,0,0,1,0,1,0
732,41,62.25,16,178,0,98.9,43,0.19,1041,0,0,0,0,0,0,0,1,0,0,0,0,0,0,0
733,78,226.05,6,285,0,14.1,83,0.32,1595,0,0,0,0,0,0,0,1,0,0,0,0,0,0,0
734,71,93.19,12,280,0,34.5,55,0.35,101,1,0,0,0,0,0,0,0,1,0,0,0,0,0,0
735,79,260.85,16,170,0,38.0,51,0.32,767,0,0,0,1,0,0,0,0,0,0,1,0,0,1,0
736,18,145.13,13,242,0,5.8,98,0.35,753,0,0,0,1,0,0,0,0,1,0,0,0,0,0,0
737,66,175.06,8,119,0,4.3,37,0.2,1632,0,0,1,0,0,0,1,0,0,0,0,0,0,1,0
738,42,170.16,9,343,0,2.9,63,0.18,1224,1,0,0,0,0,0,0,0,0,1,0,0,0,1,0
739,27,171.3,16,191,0,40.9,67,0.14,1519,0,1,0,0,0,0,0,0,0,0,0,0,1,1,0
740,71,40.94,11,186,0,84.5,45,0.5,1203,0,0,1,0,0,0,1,0,0,0,0,0,0,1,0
741,33,41.56,11,226,0,50.95,71,0.16,1551,0,0,0,0,0,0,0,0,0,1,0,0,0,1,0
742,33,222.16,10,265,0,44.7,49,0.2,329,0,1,0,0,0,0,0,0,0,0,0,0,0,0,0
743,75,30.75,11,191,0,26.4,1,0.14,254,0,1,0,0,0,0,0,0,0,0,0,0,0,0,0
744,25,149.72,8,239,0,1.6,54,0.4,1024,0,0,1,0,0,0,0,0,1,0,0,0,0,1,0
745,46,132.37,10,93,1,17.5,36,0.24,20,1,0,0,0,0,1,0,0,0,0,0,0,0,0,0
746,56,90.69,8,125,0,38.7,65,0.18,522,0,0,0,1,0,1,0,0,0,0,0,0,0,0,0
747,45,235.18,13,98,0,37.0,41,0.13,1423,1,0,0,0,0,0,0,0,0,1,0,0,0,0,0
748,23,81.11,12,343,0,25.9,94,0.4,1321,0,0,1,0,0,0,0,1,0,0,0,0,0,0,0
749,33,117.52,14,242,0,99.7,50,0.22,334,0,0,0,1,0,0,0,0,1,0,0,0,0,1,0
750,37,33.13,16,19,0,44.7,96,0.11,671,0,1,0,0,0,0,0,0,0,1,0,0,0,0,0
751,33,136.25,10,116,0,26.8,49,0.33,1142,0,0,0,0,0,0,0,0,1,0,0,0,0,0,0
752,24,131.11,8,358,0,40.7,83,0.32,886,1,0,0,0,0,0,0,0,0,1,0,0,0,1,0
753,58,27.88,8,98,0,27.9,47,0.21,1157,0,0,0,1,0,0,0,0,0,0,0,0,0,1,0
754,31,212.53,12,329,0,35.2,10,0.35,830,1,0,0,0,0,0,0,0,0,0,1,0,0,0,0
755,60,134.44,7,154,0,12.6,44,0.31,847,0,0,0,1,0,0,0,0,1,0,0,0,0,1,0
756,43,156.2,15,306,0,0.1,44,0.15,933,0,0,0,0,0,0,0,0,0,0,1,0,0,0,1
757,43,88.93,9,184,0,49.2,97,0.28,211,0,0,1,0,0,0,0,0,0,0,0,0,0,1,0
758,31,28.4,14,334,0,48.9,4,0.6,685,0,0,1,0,0,1,0,0,0,0,0,0,0,0,0
759,24,70.87,11,2,0,15.7,64,0.35,561,0,0,0,1,1,0,0,0,0,0,0,0,0,1,0
760,50,71.35,14,156,0,83.3,20,0.2,1097,0,0,0,1,0,0,0,0,0,0,0,0,1,0,0
761,43,93.19,13,174,0,19.2,54,0.14,604,0,0,1,0,0,0,1,0,0,0,0,0,0,0,0
762,74,26.3,12,335,0,77.0,79,0.31,657,0,1,0,0,0,0,0,0,0,0,0,0,1,1,0
763,62,91.76,3,68,0,19.0,41,0.2,862,0,1,0,0,0,0,0,0,0,0,0,0,1,0,0
764,37,41.82,9,20,0,28.1,30,0.29,1653,0,1,0,0,0,0,1,0,0,0,0,0,0,1,0
765,20,93.19,10,297,0,27.0,71,0.43,153,0,0,0,0,0,0,0,0,0,0,0,0,0,1,0
766,69,83.61,15,117,0,23.0,41,0.12,1029,0,0,0,1,0,0,0,0,0,0,0,0,0,1,0
767,21,88.82,15,276,0,95.3,82,0.05,678,1,0,0,0,0,1,0,0,0,0,0,0,0,0,0
768,78,119.43,6,129,0,26.3,94,0.25,1105,1,0,0,0,1,0,0,0,0,0,0,0,0,1,0
769,43,305.02,13,205,0,48.5,8,0.15,550,0,0,0,1,0,0,0,0,0,0,0,1,0,1,0
770,28,57.05,6,196,0,73.5,85,0.19,1787,0,0,1,0,0,0,0,0,0,0,0,0,1,1,0
771,19,317.59,16,134,0,31.9,71,0.46,413,0,0,0,1,0,0,0,1,0,0,0,0,0,0,0
772,31,105.3,5,202,0,1.2,69,0.2,30,0,1,0,0,0,0,0,0,0,0,0,0,1,0,0
773,61,63.83,13,34,0,76.2,32,0.22,547,0,1,0,0,0,0,0,0,0,0,0,1,0,1,0
774,47,128.0,15,29,0,28.4,80,0.3,18,1,0,0,0,0,0,0,0,1,0,0,0,0,1,0
775,66,32.78,4,310,0,87.3,40,0.17,878,0,0,0,1,0,1,0,0,0,0,0,0,0,0,1
776,29,29.76,11,256,0,49.1,62,0.2,398,1,0,0,0,0,0,0,0,0,0,1,0,0,1,0
777,43,32.45,10,181,0,62.4,90,0.15,1711,0,0,1,0,0,0,0,0,0,0,1,0,0,0,0
778,61,93.19,6,207,0,95.1,27,0.16,1677,0,0,0,0,0,0,0,0,0,0,0,1,0,0,0
779,50,108.46,11,128,0,87.0,39,0.18,785,0,0,0,0,0,0,0,0,0,0,0,0,1,0,0
780,30,31.07,8,62,0,79.3,92,0.25,402,0,0,1,0,0,0,0,0,0,0,1,0,0,1,0
781,31,242.13,13,341,0,53.1,33,0.5,637,0,1,0,0,0,0,0,0,0,0,0,1,0,0,0
782,41,93.19,11,76,0,16.9,66,0.29,1669,0,1,0,0,0,0,1,0,0,0,0,0,0,0,0
783,79,82.36,12,14,0,84.1,79,0.33,856,0,1,0,0,0,0,0,0,0,0,0,0,0,0,0
784,51,28.21,6,324,0,9.4,71,0.16,1460,1,0,0,0,0,0,0,0,0,1,0,0,0,1,0
785,61,109.55,8,58,0,88.7,84,0.47,831,1,0,0,0,0,0,0,0,0,0,0,0,0,1,0
786,43,27.5,10,150,0,76.6,13,0.14,625,0,0,0,0,0,0,0,0,0,0,0,0,1,1,0
787,38,120.36,13,107,1,80.3,96,0.66,297,0,1,0,0,0,0,0,0,0,0,0,1,0,0,0
788,45,145.23,13,106,0,37.7,29,0.45,91,0,1,0,0,0,0,0,0,1,0,0,0,0,0,0
789,65,117.29,7,138,0,8.5,68,0.27,954,0,0,1,0,0,0,0,0,0,0,1,0,0,1,0
790,53,258.77,11,279,0,72.7,83,0.47,1572,0,0,0,0,0,0,0,0,0,0,1,0,0,0,0
791,57,47.69,15,71,0,97.8,10,0.5,302,1,0,0,0,0,0,0,0,0,0,1,0,0,1,0
792,19,70.48,8,110,0,85.8,76,0.14,778,0,0,0,0,0,0,0,0,0,0,0,1,0,0,0
793,59,91.06,15,225,1,84.1,58,0.2,1726,0,1,0,0,0,0,0,0,0,0,0,0,0,0,1
794,26,150.48,12,105,0,63.2,86,0.42,386,0,1,0,0,0,0,0,0,1,0,0,0,0,1,0
795,40,144.17,7,158,0,11.6,27,0.33,1725,1,0,0,0,0,0,0,0,0,0,0,1,0,1,0
796,32,66.35,9,149,0,86.3,99,0.24,879,1,0,0,0,0,0,0,0,0,0,0,0,1,1,0
797,30,45.51,12,13,0,22.2,58,0.21,523,0,0,0,0,0,1,0,0,0,0,0,0,0,0,0
798,40,59.94,13,4,0,26.4,81,0.28,566,0,0,0,1,0,0,0,0,0,0,0,0,1,0,0
799,34,77.7,12,126,0,75.6,70,0.66,162,0,1,0,0,0,0,0,0,0,1,0,0,0,0,1
800,79,146.7,11,272,0,71.7,45,0.24,984,0,1,0,0,0,1,0,0,0,0,0,0,0,1,0
801,65,96.54,13,337,0,7.3,50,0.07,512,0,0,0,1,0,0,0,0,0,0,0,0,1,0,1
802,77,247.26,11,210,0,25.2,48,0.04,56,0,0,0,0,0,0,0,0,1,0,0,0,0,1,0
803,19,34.54,17,326,0,50.95,43,0.17,863,0,0,1,0,1,0,0,0,0,0,0,0,0,0,0
804,37,231.52,7,345,0,95.0,14,0.42,979,0,0,1,0,1,0,0,0,0,0,0,0,0,1,0
805,37,155.68,10,216,0,26.6,97,0.36,880,0,1,0,0,1,0,0,0,0,0,0,0,0,0,0
806,76,42.68,6,78,0,76.1,44,0.51,408,0,0,1,0,0,0,0,0,0,1,0,0,0,0,0
807,63,82.84,9,92,0,50.6,28,0.75,1203,0,0,0,0,0,0,0,0,0,1,0,0,0,0,0
808,20,118.93,8,237,0,38.0,61,0.26,428,0,0,1,0,1,0,0,0,0,0,0,0,0,0,0
809,72,170.4,9,233,0,50.95,38,0.23,1406,1,0,0,0,0,0,1,0,0,0,0,0,0,1,0
810,29,93.19,13,176,0,50.95,71,0.48,513,0,0,0,0,0,0,0,0,0,0,1,0,0,1,0
811,57,54.13,11,254,0,50.95,75,0.44,487,0,0,0,1,0,1,0,0,0,0,0,0,0,0,0
812,19,162.11,12,320,0,59.2,33,0.35,542,0,1,0,0,0,1,0,0,0,0,0,0,0,1,0
813,53,63.81,11,131,0,64.4,67,0.26,36,0,0,0,0,0,0,0,0,0,0,1,0,0,1,0
814,31,93.19,13,264,0,51.7,22,0.29,67,0,0,1,0,0,0,0,0,0,0,0,0,0,0,0
815,33,68.43,9,291,0,53.3,13,0.3,1007,0,0,0,0,0,0,1,0,0,0,0,0,0,0,0
816,36,93.19,10,178,0,85.2,93,0.64,1292,0,0,0,1,1,0,0,0,0,0,0,0,0,1,0
817,51,104.54,10,343,0,30.3,6,0.38,734,0,0,0,0,0,0,0,0,0,0,1,0,0,1,0
818,61,69.07,11,145,0,73.6,64,0.38,1436,0,0,0,1,0,0,0,0,0,0,0,1,0,1,0
819,78,65.59,12,142,0,26.9,54,0.57,198,0,0,0,1,0,1,0,0,0,0,0,0,0,1,0
820,63,113.72,11,19,0,7.1,43,0.42,1136,0,0,0,0,0,0,0,0,0,0,0,1,0,0,0
821,23,109.28,11,57,0,90.3,55,0.31,824,0,1,0,0,0,0,0,0,0,0,1,0,0,0,1
822,30,71.98,11,295,0,41.1,28,0.32,1023,0,1,0,0,0,0,0,0,0,0,1,0,0,0,0
823,53,200.66,7,65,0,68.3,58,0.26,1304,0,0,1,0,0,0,0,0,0,0,0,0,1,1,0
824,39,121.71,10,344,0,75.8,15,0.36,1179,0,0,0,0,0,0,0,0,0,0,0,0,1,0,1
825,35,42.82,14,12,0,79.7,24,0.04,1116,0,0,0,0,0,0,0,0,1,0,0,0,0,0,0
826,29,194.11,4,61,0,22.6,90,0.11,1057,1,0,0,0,0,0,0,0,1,0,0,0,0,1,0
827,69,48.49,6,45,0,65.6,62,0.29,1523,0,1,0,0,0,0,0,0,0,1,0,0,0,0,1
828,76,55.24,11,92,0,76.0,65,0.08,751,0,0,0,1,0,0,0,0,0,1,0,0,0,0,0
829,71,51.09,17,222,0,12.0,26,0.32,863,1,0,0,0,1,0,0,0,0,0,0,0,0,0,0
830,47,89.49,10,22,0,14.1,95,0.25,105,0,0,0,0,0,0,0,0,0,0,0,0,1,0,0
831,70,73.62,9,356,0,36.4,61,0.12,303,1,0,0,0,1,0,0,0,0,0,0,0,0,1,0
832,68,57.34,16,66,0,30.2,87,0.39,1436,0,1,0,0,0,0,0,0,0,0,1,0,0,1,0
833,57,45.73,12,113,0,50.95,96,0.3,602,0,0,0,0,1,0,0,0,0,0,0,0,0,0,0
834,24,223.33,8,205,0,64.3,1,0.26,418,0,1,0,0,0,0,0,0,0,0,1,0,0,1,0
835,49,188.33,6,65,0,49.8,82,0.14,1093,1,0,0,0,0,1,0,0,0,0,0,0,0,1,0
836,65,157.27,4,49,0,10.6,81,0.23,959,0,0,1,0,0,0,0,0,0,0,0,0,1,0,0
837,36,109.35,17,140,0,11.3,46,0.62,449,0,0,0,1,0,0,0,0,1,0,0,0,0,0,0
838,23,59.21,6,257,0,51.7,92,0.18,1624,0,0,0,1,1,0,0,0,0,0,0,0,0,0,0
839,37,76.25,13,33,0,88.3,1,0.23,1766,0,0,1,0,0,0,0,0,0,0,0,0,1,0,0
840,44,75.41,8,295,0,77.5,51,0.3,185,0,0,1,0,0,1,0,0,0,0,0,0,0,0,0
841,70,93.19,9,252,0,88.2,36,0.33,372,0,0,1,0,0,0,0,0,0,0,0,1,0,0,0
842,60,52.11,12,68,0,56.5,69,0.33,1713,0,1,0,0,0,0,0,0,1,0,0,0,0,1,0
843,54,179.04,8,188,0,22.1,69,0.43,1385,0,0,0,0,0,0,1,0,0,0,0,0,0,1,0
844,65,163.5,9,152,0,3.2,66,0.67,357,0,0,1,0,0,0,0,1,0,0,0,0,0,1,0
845,24,56.1,16,202,0,94.0,75,0.22,1610,0,1,0,0,0,0,0,0,0,0,0,0,1,1,0
846,76,60.9,5,76,0,47.5,99,0.07,1080,1,0,0,0,0,0,0,0,0,0,0,0,0,1,0
847,22,81.97,8,190,0,85.9,30,0.25,949,1,0,0,0,0,0,0,0,0,0,0,0,1,1,0
848,28,93.58,6,27,0,73.3,96,0.28,567,0,0,1,0,0,0,0,0,0,0,1,0,0,0,0
849,32,104.73,15,212,0,83.2,8,0.29,161,1,0,0,0,0,0,1,0,0,0,0,0,0,0,1
850,20,89.53,9,55,1,21.1,2,0.29,645,0,0,1,0,0,0,0,0,0,0,0,0,0,1,0
851,75,85.0,15,111,0,67.9,25,0.48,966,1,0,0,0,1,0,0,0,0,0,0,0,0,0,0
852,22,93.19,6,242,0,72.3,19,0.17,271,1,0,0,0,0,1,0,0,0,0,0,0,0,0,0
853,40,68.58,9,153,0,55.3,71,0.62,902,0,0,0,0,0,0,0,0,0,0,0,0,0,1,0
854,70,95.49,9,154,0,83.5,14,0.39,472,0,0,0,0,1,0,0,0,0,0,0,0,0,0,1
855,54,74.88,6,281,0,98.8,4,0.11,1674,1,0,0,0,1,0,0,0,0,0,0,0,0,0,0
856,26,140.96,9,270,0,1.1,46,0.31,758,0,0,0,0,1,0,0,0,0,0,0,0,0,1,0
857,32,129.59,9,49,0,45.5,33,0.36,981,0,0,1,0,0,0,0,0,0,0,1,0,0,0,0
858,20,106.93,13,67,0,75.4,37,0.16,1444,0,0,0,1,0,0,0,0,0,0,0,0,0,1,0
859,46,93.19,7,131,0,72.6,30,0.34,1684,0,0,1,0,0,0,0,0,0,1,0,0,0,0,0
860,23,231.97,14,157,0,46.8,84,0.3,13,0,0,0,0,0,1,0,0,0,0,0,0,0,1,0
861,34,251.11,6,332,0,84.2,78,0.25,1729,0,1,0,0,0,0,0,0,0,0,0,1,0,0,0
862,43,26.13,9,264,0,67.5,27,0.24,1690,1,0,0,0,0,0,0,0,0,0,0,0,1,1,0
863,38,91.77,14,169,0,54.8,13,0.34,1775,0,0,0,0,0,0,0,0,0,0,1,0,0,0,0
864,25,191.46,14,269,0,27.3,71,0.13,1654,0,0,0,0,0,0,0,0,1,0,0,0,0,1,0
865,38,61.94,7,219,0,36.7,82,0.4,1123,0,0,0,0,0,0,0,0,0,0,0,1,0,0,0
866,74,123.56,11,39,0,98.9,38,0.39,1248,0,0,1,0,0,1,0,0,0,0,0,0,0,0,0
867,28,93.19,12,288,0,90.6,52,0.29,282,1,0,0,0,0,0,0,0,0,0,1,0,0,0,0
868,55,55.04,4,78,0,69.6,73,0.42,1251,0,0,0,1,0,0,0,0,0,0,0,1,0,0,0
869,25,112.74,8,238,0,85.9,87,0.06,915,0,0,0,0,0,0,0,0,0,0,0,0,1,0,0
870,59,31.17,7,59,0,13.6,95,0.3,695,0,1,0,0,1,0,0,0,0,0,0,0,0,0,0
871,41,93.19,19,319,0,26.8,66,0.18,531,1,0,0,0,0,0,1,0,0,0,0,0,0,0,0
872,78,59.97,11,317,0,88.5,40,0.22,1071,0,0,0,1,1,0,0,0,0,0,0,0,0,0,0
873,52,174.55,6,334,0,47.1,38,0.79,1320,0,1,0,0,0,1,0,0,0,0,0,0,0,0,0
874,72,165.72,9,236,0,59.1,41,0.15,648,0,0,0,1,0,0,0,0,0,0,0,0,1,1,0
875,31,55.36,10,75,0,50.95,5,0.35,1627,0,0,0,1,0,0,0,0,0,0,0,1,0,1,0
876,72,257.42,12,305,0,40.4,64,0.26,1711,1,0,0,0,0,0,0,1,0,0,0,0,0,1,0
877,31,70.88,5,38,0,48.2,56,0.23,1586,0,0,1,0,0,0,1,0,0,0,0,0,0,0,0
878,27,59.9,9,198,0,11.2,87,0.34,925,0,1,0,0,1,0,0,0,0,0,0,0,0,1,0
879,29,15.31,7,104,0,99.1,49,0.06,865,0,0,0,0,0,0,0,0,0,1,0,0,0,0,0
880,55,93.19,13,69,0,97.3,59,0.15,1476,0,0,0,1,0,0,0,0,0,0,0,1,0,0,0
881,61,158.58,7,281,0,29.7,96,0.16,265,0,1,0,0,1,0,0,0,0,0,0,0,0,1,0
882,72,83.4,10,57,0,85.2,39,0.32,1338,1,0,0,0,0,0,0,0,0,0,0,1,0,0,0
883,63,201.33,10,328,1,73.7,80,0.02,290,0,1,0,0,0,0,1,0,0,0,0,0,0,1,0
884,51,67.58,9,178,0,14.7,55,0.26,249,0,0,0,0,0,1,0,0,0,0,0,0,0,1,0
885,58,90.67,12,307,0,2.4,75,0.48,1129,0,0,0,0,0,0,0,0,1,0,0,0,0,0,0
886,27,114.56,10,221,0,1.4,78,0.15,451,1,0,0,0,1,0,0,0,0,0,0,0,0,1,0
887,75,88.25,9,143,1,50.95,64,0.45,39,0,1,0,0,0,0,0,0,0,0,0,1,0,1,0
888,34,19.63,12,303,0,62.7,3,0.31,941,0,0,1,0,0,0,0,0,1,0,0,0,0,0,0
889,34,170.16,7,26,0,49.2,8,0.2,98,0,0,1,0,0,0,0,0,1,0,0,0,0,1,0
890,20,99.01,10,160,0,99.7,79,0.16,1479,0,0,0,1,0,0,0,0,0,1,0,0,0,0,1
891,79,253.22,12,150,0,28.7,73,0.31,402,0,0,0,1,0,0,0,0,1,0,0,0,0,0,1
892,48,95.84,10,172,0,72.6,16,0.23,1434,0,1,0,0,0,0,1,0,0,0,0,0,0,1,0
893,68,217.32,12,210,0,38.7,26,0.1,497,0,0,0,1,0,0,0,0,0,0,0,0,1,1,0
894,18,82.47,12,355,0,9.8,32,0.14,899,0,0,0,0,0,0,0,0,1,0,0,0,0,0,0
895,29,275.49,9,21,0,87.7,82,0.34,134,1,0,0,0,0,0,0,1,0,0,0,0,0,0,0
896,56,184.01,9,297,0,40.0,8,0.18,155,0,0,0,1,0,0,0,0,0,0,0,1,0,1,0
897,21,127.53,12,364,0,91.7,60,0.24,150,0,0,1,0,0,0,0,0,1,0,0,0,0,0,0
898,59,118.28,16,32,0,93.7,96,0.27,1665,0,0,0,0,0,0,0,0,0,0,0,0,0,1,0
899,30,205.99,14,108,0,82.0,74,0.22,1734,0,0,1,0,0,0,0,0,0,0,0,0,1,0,0
900,51,71.5,10,46,0,2.8,12,0.13,1646,0,0,0,1,0,0,0,0,0,0,1,0,0,1,0
901,59,28.58,11,95,0,96.6,76,0.38,1357,0,0,0,1,0,0,0,0,0,0,0,0,1,1,0
902,38,52.8,12,124,0,12.4,59,0.4,266,0,0,0,0,0,1,0,0,0,0,0,0,0,1,0
903,39,73.81,13,334,0,93.1,59,0.08,740,0,0,1,0,0,0,0,0,0,0,1,0,0,0,1
904,74,149.95,17,294,0,60.7,74,0.15,188,1,0,0,0,0,0,0,0,0,1,0,0,0,0,0
905,21,334.42,8,301,0,37.7,34,0.47,1229,1,0,0,0,0,0,0,0,0,0,0,0,1,0,0
906,35,163.57,9,327,0,72.1,30,0.5,1550,0,0,0,0,0,1,0,0,0,0,0,0,0,1,0
907,22,86.03,16,306,0,50.7,44,0.38,275,0,0,0,1,0,0,0,0,0,0,0,0,1,1,0
908,36,57.42,11,24,0,79.4,95,0.1,568,0,0,0,0,0,0,0,0,1,0,0,0,0,1,0
909,19,259.71,6,81,0,51.4,38,0.36,1779,0,0,1,0,1,0,0,0,0,0,0,0,0,0,0
910,29,99.12,8,57,1,36.9,25,0.09,617,1,0,0,0,1,0,0,0,0,0,0,0,0,0,0
911,34,79.42,11,25,0,36.1,24,0.2,99,0,0,0,1,0,1,0,0,0,0,0,0,0,0,0
912,27,87.29,12,296,1,35.4,97,0.34,1350,0,0,1,0,0,0,0,0,0,0,0,0,1,1,0
913,51,119.31,6,43,0,47.3,61,0.32,1411,1,0,0,0,0,1,0,0,0,0,0,0,0,0,1
914,23,86.38,12,84,0,11.0,9,0.25,463,1,0,0,0,0,0,0,0,0,1,0,0,0,1,0
915,25,55.19,11,21,0,66.2,89,0.56,101,0,1,0,0,1,0,0,0,0,0,0,0,0,0,1
916,78,93.19,7,225,0,34.1,84,0.58,560,0,0,0,1,0,0,0,0,0,0,0,0,0,1,0
917,68,76.39,9,36,0,56.2,48,0.45,88,0,0,0,0,0,0,0,0,0,0,1,0,0,0,0
918,28,101.26,4,100,0,52.7,81,0.4,1203,0,1,0,0,0,0,1,0,0,0,0,0,0,1,0
919,74,91.79,11,141,0,85.7,52,0.27,612,1,0,0,0,0,0,0,0,1,0,0,0,0,1,0
920,29,111.07,12,3,0,86.2,70,0.24,3,0,0,0,1,0,0,0,0,0,0,0,0,0,0,0
921,26,35.37,8,23,0,98.9,64,0.37,1062,0,0,0,1,0,0,0,0,0,0,0,0,0,1,0
922,19,35.98,10,190,0,50.95,36,0.26,1778,0,1,0,0,0,0,0,0,0,0,0,1,0,1,0
923,25,85.07,9,320,0,3.4,20,0.33,299,0,0,1,0,0,0,0,0,0,0,0,0,0,0,0
924,75,335.3,8,321,0,42.5,90,0.15,801,0,0,1,0,0,0,0,0,0,0,1,0,0,0,0
925,28,64.49,10,268,0,89.7,50,0.23,1510,0,0,0,0,0,0,0,0,0,0,1,0,0,0,0
926,77,86.8,11,26,0,60.0,12,0.36,986,0,0,0,1,0,0,0,0,1,0,0,0,0,1,0
927,70,93.19,5,80,0,37.4,7,0.58,867,0,1,0,0,0,1,0,0,0,0,0,0,0,0,0
928,53,130.02,7,120,0,77.2,40,0.14,504,1,0,0,0,0,0,0,1,0,0,0,0,0,0,0
929,27,65.9,8,364,0,71.2,94,0.33,872,0,0,1,0,0,0,0,1,0,0,0,0,0,1,0
930,38,36.6,13,68,0,50.95,86,0.17,1673,0,1,0,0,0,0,0,0,0,0,0,0,1,0,0
931,37,61.25,4,312,0,51.5,42,0.29,1152,0,0,0,0,0,0,0,0,0,0,0,0,1,1,0
932,65,59.47,6,71,0,53.0,93,0.15,672,0,0,0,0,0,0,1,0,0,0,0,0,0,1,0
933,25,145.34,4,245,0,55.6,86,0.12,412,0,0,0,1,0,0,0,0,0,0,1,0,0,1,0
934,53,46.56,11,245,0,55.3,88,0.18,904,0,0,0,0,0,0,0,0,0,0,0,0,1,1,0
935,46,69.8,9,252,0,20.6,67,0.17,1542,0,0,0,0,0,0,0,0,0,0,0,1,0,0,0
936,59,80.98,14,363,0,24.6,50,0.77,578,0,0,1,0,0,0,0,0,0,0,0,0,1,0,0
937,29,50.87,11,72,0,37.4,41,0.38,365,0,0,1,0,0,0,0,0,0,1,0,0,0,0,1
938,78,44.48,16,273,0,85.5,24,0.47,1406,0,0,0,0,0,0,0,0,0,1,0,0,0,0,0
939,31,71.18,6,15,0,46.2,90,0.36,765,0,0,0,1,0,0,0,0,0,0,0,1,0,1,0
940,65,81.19,5,178,0,92.6,69,0.29,560,0,0,1,0,0,0,0,0,0,0,0,0,0,0,0
941,71,86.56,10,351,0,79.3,13,0.15,239,0,0,1,0,0,0,0,0,0,1,0,0,0,0,0
942,67,33.74,8,39,0,86.2,86,0.23,1800,0,0,0,0,0,0,0,1,0,0,0,0,0,1,0
943,38,78.54,5,38,0,13.4,34,0.46,942,0,0,0,1,0,0,0,1,0,0,0,0,0,0,0
944,39,136.72,11,55,0,14.9,3,0.1,1475,0,0,0,0,0,0,0,0,0,1,0,0,0,0,1
945,38,151.49,10,232,0,23.7,96,0.09,1717,1,0,0,0,0,0,0,0,0,0,0,0,1,0,0
946,61,78.34,9,53,0,66.3,88,0.36,1724,1,0,0,0,0,0,1,0,0,0,0,0,0,0,1
947,67,31.91,9,171,0,47.6,73,0.74,926,0,0,0,1,0,0,1,0,0,0,0,0,0,1,0
948,47,63.1,11,301,0,17.0,3,0.67,1237,1,0,0,0,0,0,0,1,0,0,0,0,0,1,0
949,56,156.02,15,188,0,74.6,86,0.56,1160,0,0,0,1,0,0,0,0,0,1,0,0,0,1,0
950,37,52.38,5,42,0,50.95,24,0.39,687,1,0,0,0,0,0,0,0,0,0,0,0,0,0,0
951,41,92.4,10,3,0,73.1,74,0.2,1427,0,1,0,0,0,0,0,0,1,0,0,0,0,0,0
952,40,93.19,11,260,0,50.95,35,0.25,14,0,0,1,0,0,0,0,0,0,0,0,0,1,0,1
953,24,118.18,16,57,0,91.5,20,0.18,107,0,0,0,0,0,0,0,0,0,0,0,0,1,1,0
954,26,28.65,15,36,0,30.1,44,0.17,393,0,0,0,1,0,0,1,0,0,0,0,0,0,1,0
955,18,87.95,14,234,0,15.9,76,0.14,835,1,0,0,0,0,0,0,0,0,1,0,0,0,0,0
956,43,99.21,12,264,0,43.4,48,0.76,1780,0,1,0,0,0,1,0,0,0,0,0,0,0,0,0
957,55,55.43,9,14,0,8.4,43,0.36,1751,1,0,0,0,1,0,0,0,0,0,0,0,0,1,0
958,55,146.17,9,87,0,4.4,76,0.17,890,0,1,0,0,0,0,0,0,0,1,0,0,0,0,0
959,71,41.55,16,98,0,97.8,81,0.37,1606,0,0,0,0,0,0,0,0,0,0,0,1,0,0,0
960,78,156.64,8,104,0,97.2,68,0.16,892,0,0,1,0,0,0,0,0,0,1,0,0,0,0,0
961,61,95.57,12,216,0,35.2,72,0.27,1265,0,0,1,0,0,0,0,0,0,0,0,0,1,0,0
962,39,39.58,10,190,0,82.1,71,0.2,785,0,1,0,0,0,0,0,0,1,0,0,0,0,1,0
963,61,81.74,3,214,0,22.3,55,0.67,190,1,0,0,0,0,0,0,0,0,0,0,1,0,0,1
964,27,51.38,7,197,0,41.7,82,0.39,541,0,0,1,0,0,0,1,0,0,0,0,0,0,0,0
965,72,41.22,9,104,0,72.6,26,0.48,209,1,0,0,0,0,0,0,0,0,0,1,0,0,1,0
966,79,103.9,6,26,0,55.1,31,0.12,740,0,0,0,1,0,0,0,0,0,0,1,0,0,1,0
967,75,159.46,8,181,0,82.1,54,0.36,396,1,0,0,0,0,1,0,0,0,0,0,0,0,0,0
968,23,315.51,7,82,0,98.0,56,0.22,800,0,0,0,1,0,0,1,0,0,0,0,0,0,1,0
969,34,35.75,9,158,0,0.9,56,0.49,777,0,0,0,1,0,0,0,0,0,0,0,0,0,1,0
970,68,55.02,8,229,0,92.5,53,0.09,501,0,0,1,0,0,0,0,1,0,0,0,0,0,0,0
971,67,95.82,7,234,0,41.3,72,0.18,703,0,0,0,1,0,1,0,0,0,0,0,0,0,1,0
972,55,176.33,7,287,0,40.8,61,0.24,812,1,0,0,0,0,0,0,0,0,0,1,0,0,0,0
973,41,20.63,6,17,0,0.1,34,0.09,525,0,0,0,0,0,0,0,1,0,0,0,0,0,1,0
974,68,61.75,9,283,0,83.4,46,0.22,581,1,0,0,0,0,0,0,0,0,0,0,0,0,0,0
975,27,62.41,13,70,0,75.9,80,0.35,1318,0,1,0,0,0,0,1,0,0,0,0,0,0,1,0
976,73,219.84,10,214,0,89.4,84,0.28,1266,0,1,0,0,0,0,0,1,0,0,0,0,0,1,0
977,25,180.23,8,116,1,16.7,74,0.15,679,1,0,0,0,0,0,1,0,0,0,0,0,0,1,0
978,38,59.36,9,99,0,21.5,50,0.32,819,0,1,0,0,0,0,0,0,0,0,0,0,0,0,1
979,73,57.62,12,87,0,30.4,69,0.33,267,0,0,0,0,1,0,0,0,0,0,0,0,0,0,0
980,23,59.86,13,347,0,53.0,11,0.34,1450,0,1,0,0,0,0,0,0,0,0,0,1,0,1,0
981,38,82.5,14,152,0,34.5,86,0.56,1027,0,0,1,0,0,0,0,1,0,0,0,0,0,0,0
982,74,86.18,9,294,0,30.0,75,0.22,1532,0,0,0,0,0,0,0,1,0,0,0,0,0,0,0
983,79,155.41,10,176,0,18.3,18,0.39,922,0,0,1,0,0,0,1,0,0,0,0,0,0,0,1
984,56,17.84,11,131,0,15.9,82,0.07,1776,0,0,1,0,0,0,1,0,0,0,0,0,0,1,0
985,41,114.3,6,307,0,47.3,31,0.23,1298,0,0,0,0,0,0,0,1,0,0,0,0,0,0,0
986,50,66.7,7,121,0,44.6,84,0.51,117,0,0,1,0,0,0,1,0,0,0,0,0,0,1,0
987,76,134.5,8,210,0,78.5,62,0.26,218,0,1,0,0,0,0,0,0,1,0,0,0,0,1,0
988,35,81.0,11,67,0,82.4,23,0.28,346,1,0,0,0,0,0,0,0,1,0,0,0,0,0,1
989,73,171.92,7,56,0,70.1,53,0.17,1801,0,0,0,0,1,0,0,0,0,0,0,0,0,0,0
990,45,58.3,11,12,0,83.1,62,0.1,1595,1,0,0,0,1,0,0,0,0,0,0,0,0,1,0
991,74,65.05,14,192,0,10.9,74,0.11,1360,0,0,0,0,1,0,0,0,0,0,0,0,0,1,0
992,69,18.95,6,62,0,50.95,17,0.66,862,0,0,0,0,0,0,0,0,0,0,1,0,0,0,0
993,49,79.02,7,326,0,28.6,41,0.4,1665,0,0,1,0,0,0,0,0,0,0,1,0,0,0,0
994,29,18.07,7,152,0,25.2,8,0.43,1074,1,0,0,0,0,0,0,0,0,1,0,0,0,1,0
995,65,107.1,10,22,0,71.3,31,0.09,1636,0,1,0,0,0,1,0,0,0,0,0,0,0,0,1
996,59,93.19,10,29,0,83.1,49,0.28,1019,1,0,0,0,0,0,0,0,0,0,0,1,0,1,0
997,44,158.91,10,188,0,11.5,57,0.21,1649,0,0,0,0,0,0,0,0,1,0,0,0,0,1,0
998,27,173.07,5,309,1,50.95,48,0.23,191,0,1,0,0,0,0,0,0,0,0,0,0,0,0,1
999,63,280.64,12,108,0,63.9,53,0.57,164,0,0,1,0,0,0,0,0,0,0,0,1,0,1,0
1000,74,184.31,7,352,0,14.4,62,0.24,739,0,1,0,0,0,0,0,0,0,0,0,1,0,1,0
1001,69,124.26,9,59,0,76.8,90,0.26,1023,0,1,0,0,0,0,0,0,0,0,0,0,0,0,0
1002,59,81.46,15,65,0,82.9,50,0.25,25,1,0,0,0,0,0,0,0,0,0,0,0,1,0,0
1003,49,93.19,9,165,0,52.3,55,0.59,366,0,0,0,0,0,0,0,1,0,0,0,0,0,1,0
1004,59,94.06,8,140,0,90.8,9,0.12,857,0,0,0,0,0,1,0,0,0,0,0,0,0,0,1
1005,43,155.14,8,51,0,2.0,32,0.13,1053,0,0,0,0,0,0,0,0,0,1,0,0,0,0,0
1006,42,287.44,10,179,0,22.6,87,0.29,1374,0,0,0,1,1,0,0,0,0,0,0,0,0,1,0
1007,28,54.31,8,31,0,77.3,96,0.35,585,0,0,1,0,0,0,0,0,0,0,0,0,0,0,0
1008,40,166.55,12,213,0,95.7,57,0.15,68,1,0,0,0,0,0,0,0,0,0,1,0,0,1,0
1009,51,97.98,11,264,0,96.1,5,0.19,37,0,0,0,0,1,0,0,0,0,0,0,0,0,1,0
1010,74,157.71,8,16,0,0.0,65,0.19,981,0,1,0,0,0,0,1,0,0,0,0,0,0,0,0
1011,69,187.31,12,125,0,63.2,50,0.05,642,0,0,0,1,0,0,0,0,0,0,0,0,0,0,1
1012,57,39.69,10,81,0,2.7,95,0.2,1367,0,0,1,0,1,0,0,0,0,0,0,0,0,1,0
1013,79,44.1,11,39,0,70.0,63,0.31,737,0,0,0,0,0,0,0,1,0,0,0,0,0,1,0
1014,40,126.45,8,103,0,76.8,95,0.09,888,0,0,0,1,0,0,0,1,0,0,0,0,0,0,0
1015,46,293.23,8,218,0,85.8,58,0.55,1443,0,0,1,0,0,0,0,1,0,0,0,0,0,1,0
1016,48,159.82,10,181,0,52.9,57,0.16,1713,0,1,0,0,1,0,0,0,0,0,0,0,0,1,0
1017,24,52.51,8,155,0,85.0,9,0.17,879,0,0,0,1,0,0,0,1,0,0,0,0,0,1,0
1018,57,104.99,6,177,0,92.4,97,0.11,1419,1,0,0,0,0,0,0,0,1,0,0,0,0,0,0
1019,50,144.24,8,17,0,53.3,99,0.53,1572,0,0,1,0,0,0,0,0,0,0,1,0,0,1,0
1020,38,54.51,20,140,0,52.4,26,0.31,1478,0,0,0,1,0,0,0,0,0,1,0,0,0,1,0
1021,19,74.6,9,160,0,50.6,63,0.07,1365,0,0,0,1,0,0,0,0,0,0,0,0,0,0,0
1022,35,128.28,13,213,0,50.5,66,0.25,1385,0,0,1,0,0,0,0,0,0,0,0,1,0,0,0
1023,64,48.67,9,221,0,77.5,34,0.07,1159,0,0,0,1,1,0,0,0,0,0,0,0,0,0,0
1024,50,84.51,20,261,0,6.7,81,0.41,444,0,0,0,1,1,0,0,0,0,0,0,0,0,1,0
1025,54,64.96,13,44,0,45.2,6,0.46,1514,0,0,1,0,0,0,0,0,0,0,1,0,0,0,0
1026,51,125.09,7,186,0,52.4,62,0.38,1673,0,1,0,0,0,0,0,0,0,0,0,0,1,1,0
1027,37,77.33,13,353,0,21.4,95,0.05,1480,1,0,0,0,0,1,0,0,0,0,0,0,0,1,0
1028,52,52.56,9,240,0,54.1,92,0.39,1073,0,0,1,0,0,0,1,0,0,0,0,0,0,0,0
1029,68,65.66,10,224,0,45.6,85,0.27,1099,0,0,0,0,0,0,0,0,0,0,0,0,0,1,0
1030,67,149.66,12,333,0,73.8,75,0.25,376,0,0,0,1,0,0,0,0,0,0,0,0,1,1,0
1031,78,138.07,6,47,0,35.3,41,0.26,1307,1,0,0,0,0,0,1,0,0,0,0,0,0,1,0
1032,71,110.49,11,110,0,95.0,54,0.43,830,1,0,0,0,0,1,0,0,0,0,0,0,0,1,0
1033,35,97.22,15,82,0,41.4,36,0.42,1649,0,0,1,0,0,0,0,0,0,0,0,1,0,1,0
1034,63,98.49,5,103,0,63.1,91,0.35,1465,0,0,0,0,1,0,0,0,0,0,0,0,0,0,1
1035,79,71.65,10,73,0,22.2,84,0.01,318,0,0,0,0,0,0,0,1,0,0,0,0,0,1,0
1036,41,108.22,1,54,0,68.9,84,0.25,1004,0,1,0,0,0,0,0,0,0,0,1,0,0,1,0
1037,25,99.86,10,316,0,51.4,2,0.43,397,0,0,0,0,0,0,0,0,0,0,0,0,0,1,0
1038,78,73.72,15,1,0,34.2,27,0.29,1441,0,0,1,0,0,0,0,0,0,0,1,0,0,0,1
1039,47,175.76,10,241,0,34.8,18,0.12,346,1,0,0,0,0,0,0,0,0,1,0,0,0,0,0
1040,61,132.92,10,257,1,37.5,77,0.36,209,1,0,0,0,0,0,0,0,0,0,0,1,0,1,0
1041,70,79.06,9,331,0,43.7,82,0.44,1696,0,0,0,0,0,0,0,0,0,1,0,0,0,0,0
1042,27,121.17,11,9,0,24.8,11,0.15,237,0,0,0,1,0,1,0,0,0,0,0,0,0,1,0
1043,40,93.19,6,75,0,27.7,78,0.17,1230,0,1,0,0,0,1,0,0,0,0,0,0,0,1,0
1044,69,207.63,10,257,0,50.95,44,0.34,1188,0,0,0,0,0,0,0,0,1,0,0,0,0,1,0
1045,66,143.69,5,120,0,30.1,4,0.3,444,0,0,1,0,0,1,0,0,0,0,0,0,0,1,0
1046,28,215.98,12,320,0,62.7,77,0.32,1112,0,1,0,0,0,0,0,0,0,0,0,0,1,1,0
1047,19,30.59,12,214,0,34.5,83,0.41,1699,0,0,0,0,0,0,0,0,0,0,0,0,1,0,0
1048,75,188.13,9,244,0,81.1,43,0.37,1040,0,1,0,0,0,0,0,1,0,0,0,0,0,1,0
1049,43,138.69,10,336,0,69.6,39,0.37,428,0,0,0,1,1,0,0,0,0,0,0,0,0,0,0
1050,53,55.03,13,179,0,32.8,59,0.05,956,0,0,1,0,0,0,0,0,0,0,1,0,0,1,0
1051,50,70.88,7,340,0,71.7,25,0.4,373,0,0,0,0,1,0,0,0,0,0,0,0,0,1,0
1052,64,50.93,11,299,0,75.7,79,0.04,209,1,0,0,0,1,0,0,0,0,0,0,0,0,1,0
1053,30,57.82,13,289,0,13.8,84,0.45,319,0,0,1,0,0,0,0,0,0,0,0,0,1,0,1
1054,57,253.38,14,72,0,57.8,81,0.24,1720,0,0,0,1,0,0,0,0,0,0,1,0,0,1,0
1055,42,43.76,5,208,0,80.8,55,0.26,508,0,0,0,1,0,0,0,1,0,0,0,0,0,0,0
1056,21,132.9,17,240,0,5.0,65,0.31,1203,1,0,0,0,0,0,0,0,0,0,0,1,0,1,0
1057,59,64.76,13,361,0,50.8,93,0.26,57,0,0,1,0,0,0,0,0,1,0,0,0,0,1,0
1058,36,67.47,10,172,0,84.0,83,0.27,1735,0,0,0,0,0,0,0,0,0,0,0,0,1,1,0
1059,35,32.96,12,4,0,95.3,94,0.61,1183,1,0,0,0,0,0,0,0,0,1,0,0,0,1,0
1060,54,39.18,8,216,0,65.6,25,0.26,1297,0,0,0,0,0,0,0,0,1,0,0,0,0,1,0
1061,47,151.34,11,213,0,32.8,92,0.58,907,0,1,0,0,0,0,0,0,0,0,0,1,0,1,0
1062,36,220.53,15,324,0,60.5,37,0.38,992,0,0,0,0,0,1,0,0,0,0,0,0,0,0,0
1063,75,90.0,16,309,0,2.7,75,0.28,650,0,1,0,0,1,0,0,0,0,0,0,0,0,1,0
1064,40,39.14,12,37,0,45.6,80,0.09,1404,0,0,0,0,0,0,0,0,0,0,0,0,0,0,0
1065,76,80.53,13,60,1,72.7,82,0.16,674,0,1,0,0,0,0,0,1,0,0,0,0,0,1,0
1066,71,84.86,12,94,0,3.6,54,0.21,1128,0,0,1,0,1,0,0,0,0,0,0,0,0,0,0
1067,33,195.69,6,232,0,60.3,73,0.42,102,0,0,0,1,0,1,0,0,0,0,0,0,0,0,0
1068,18,132.83,9,276,0,58.8,28,0.2,1748,0,0,1,0,0,0,0,0,0,0,0,1,0,1,0
1069,29,182.49,10,35,0,19.0,91,0.45,24,1,0,0,0,0,0,0,0,0,1,0,0,0,1,0
1070,41,144.67,9,0,0,56.9,52,0.51,1011,0,0,1,0,0,0,0,1,0,0,0,0,0,0,0
1071,51,93.19,10,149,0,40.9,64,0.14,1041,0,0,1,0,0,0,0,1,0,0,0,0,0,0,0
1072,70,45.25,7,214,0,47.9,38,0.3,1794,0,0,0,1,0,0,0,0,0,0,0,1,0,1,0
1073,74,39.24,12,45,0,32.5,44,0.18,116,0,0,1,0,0,0,0,0,1,0,0,0,0,1,0
1074,25,272.03,9,64,0,81.0,87,0.08,309,1,0,0,0,0,0,1,0,0,0,0,0,0,0,0
1075,35,123.18,12,5,0,36.6,62,0.3,1806,0,0,1,0,1,0,0,0,0,0,0,0,0,1,0
1076,74,72.33,8,80,0,79.1,86,0.17,1457,0,0,1,0,0,0,0,0,1,0,0,0,0,0,0
1077,65,102.06,10,188,0,7.7,68,0.46,719,0,0,1,0,0,0,0,0,0,0,0,0,1,1,0
1078,22,158.34,18,150,0,50.95,96,0.52,744,0,0,1,0,0,0,0,0,0,0,0,1,0,1,0
1079,43,47.41,6,147,0,40.3,88,0.2,1081,0,0,0,1,0,0,0,0,0,0,0,0,1,0,0
1080,47,101.16,13,27,0,40.5,38,0.33,1321,0,0,0,1,0,0,0,0,0,1,0,0,0,0,0
1081,71,161.48,6,164,0,44.1,50,0.19,580,1,0,0,0,0,0,0,0,1,0,0,0,0,1,0
1082,30,118.03,9,134,0,65.2,61,0.12,898,1,0,0,0,0,0,0,0,0,0,0,0,0,0,0
1083,36,79.87,15,253,0,57.4,28,0.13,644,1,0,0,0,0,0,1,0,0,0,0,0,0,0,0
1084,46,95.91,8,304,0,52.1,70,0.28,1623,0,0,1,0,0,0,0,0,0,0,0,1,0,0,0
1085,20,244.25,8,211,0,83.8,97,0.17,1321,0,0,0,0,0,0,0,0,0,0,0,1,0,1,0
1086,43,37.31,7,279,0,19.6,31,0.23,1031,0,0,1,0,0,0,1,0,0,0,0,0,0,0,0
1087,57,25.05,13,79,0,86.0,57,0.15,1490,0,0,0,0,0,0,0,1,0,0,0,0,0,0,0
1088,76,93.19,4,268,0,81.1,10,0.17,177,1,0,0,0,0,1,0,0,0,0,0,0,0,0,0
1089,75,171.02,7,347,1,19.6,12,0.33,320,0,0,1,0,0,0,0,0,0,1,0,0,0,0,0
1090,75,94.42,12,14,0,62.4,7,0.26,197,1,0,0,0,0,0,0,0,1,0,0,0,0,1,0
1091,29,22.75,9,86,0,22.3,88,0.65,1302,0,0,0,1,0,0,0,0,0,0,0,1,0,0,0
1092,19,168.78,11,222,0,94.3,28,0.47,719,1,0,0,0,0,0,0,0,0,0,0,1,0,0,0
1093,28,206.84,8,324,0,49.3,75,0.54,519,0,0,1,0,0,0,1,0,0,0,0,0,0,1,0
1094,61,66.57,7,90,0,20.4,96,0.32,1788,0,0,0,1,0,0,0,0,0,0,0,0,0,1,0
1095,45,103.26,10,315,0,63.6,20,0.4,570,0,0,0,1,0,0,1,0,0,0,0,0,0,1,0
1096,35,28.44,13,265,0,70.7,92,0.15,1540,0,0,0,0,0,0,1,0,0,0,0,0,0,0,0
1097,30,35.76,15,306,0,60.5,65,0.17,1419,0,1,0,0,1,0,0,0,0,0,0,0,0,1,0
1098,54,117.18,3,319,0,24.2,27,0.39,862,0,0,0,1,0,0,0,0,1,0,0,0,0,0,0
1099,39,254.95,10,105,0,73.5,16,0.14,1530,0,1,0,0,0,0,0,1,0,0,0,0,0,0,1
1100,29,144.01,11,252,0,50.95,36,0.12,1575,1,0,0,0,0,0,1,0,0,0,0,0,0,0,0
1101,19,57.14,9,198,0,95.2,70,0.24,497,1,0,0,0,0,0,0,0,0,0,0,0,0,0,1
1102,54,164.11,8,55,0,67.9,10,0.09,313,0,0,0,1,0,0,0,1,0,0,0,0,0,0,1
1103,24,23.38,18,238,0,84.0,44,0.17,888,0,0,0,0,0,0,0,0,0,0,1,0,0,1,0
1104,43,10.66,13,346,0,97.9,19,0.14,97,1,0,0,0,0,0,0,0,1,0,0,0,0,0,0
1105,43,85.38,9,340,0,4.3,74,0.08,769,0,1,0,0,0,0,0,0,0,0,0,1,0,1,0
1106,41,236.24,6,362,0,47.7,90,0.31,1478,0,0,0,1,0,0,0,0,0,0,1,0,0,0,0
1107,29,287.42,4,217,0,29.1,98,0.15,1651,0,0,0,1,0,0,0,1,0,0,0,0,0,1,0
1108,33,45.87,14,211,0,47.5,65,0.18,1548,0,0,0,0,0,0,0,1,0,0,0,0,0,0,1
1109,40,93.19,7,188,0,91.7,74,0.23,1072,0,0,0,1,0,0,0,0,1,0,0,0,0,0,0
1110,57,21.41,10,334,0,98.3,62,0.52,1509,0,0,1,0,0,1,0,0,0,0,0,0,0,0,0
1111,79,123.36,6,364,0,90.5,33,0.67,1030,0,1,0,0,1,0,0,0,0,0,0,0,0,1,0
1112,77,14.76,5,101,0,19.7,90,0.14,13,0,0,1,0,0,0,0,0,0,0,0,1,0,1,0
1113,26,67.18,15,142,0,80.3,98,0.3,1643,0,0,1,0,0,0,0,0,0,0,1,0,0,0,0
1114,49,121.17,15,284,0,81.8,37,0.28,76,0,1,0,0,0,0,1,0,0,0,0,0,0,1,0
1115,32,67.59,7,69,0,57.9,13,0.37,1713,0,0,0,1,0,0,0,0,0,1,0,0,0,0,0
1116,54,164.55,9,335,0,71.5,94,0.34,63,0,0,0,1,0,1,0,0,0,0,0,0,0,1,0
1117,30,185.33,11,64,0,90.5,88,0.38,164,0,0,1,0,0,0,0,0,0,0,0,1,0,0,0
1118,22,50.13,11,197,0,99.4,98,0.36,843,0,1,0,0,0,0,0,0,0,1,0,0,0,1,0
1119,28,103.98,15,15,0,4.0,37,0.18,833,1,0,0,0,1,0,0,0,0,0,0,0,0,0,0
1120,27,321.93,13,309,0,25.7,19,0.11,632,0,1,0,0,0,0,0,0,0,1,0,0,0,0,0
1121,69,220.29,14,352,0,93.5,66,0.52,55,0,0,1,0,0,0,1,0,0,0,0,0,0,1,0
1122,30,57.95,9,262,0,32.9,30,0.43,1665,0,1,0,0,0,0,0,0,0,1,0,0,0,1,0
1123,58,35.47,5,59,0,10.6,86,0.08,450,0,1,0,0,0,1,0,0,0,0,0,0,0,1,0
1124,70,60.11,10,9,0,31.3,32,0.16,608,1,0,0,0,0,0,0,0,0,0,0,0,1,0,0
1125,63,144.01,16,308,0,51.8,33,0.42,589,0,0,0,0,0,1,0,0,0,0,0,0,0,0,0
1126,67,46.73,13,7,0,38.6,40,0.32,1821,0,0,0,0,0,0,1,0,0,0,0,0,0,0,0
1127,32,299.23,10,340,0,78.8,15,0.06,1435,1,0,0,0,0,0,0,0,0,0,1,0,0,0,0
1128,59,40.69,3,89,0,61.1,70,0.29,1027,0,1,0,0,0,0,0,0,0,0,0,0,1,1,0
1129,73,103.07,13,36,0,43.5,80,0.04,725,0,0,1,0,1,0,0,0,0,0,0,0,0,1,0
1130,24,37.48,10,83,0,99.7,85,0.26,1350,1,0,0,0,0,1,0,0,0,0,0,0,0,1,0
1131,57,26.32,10,233,0,88.6,98,0.31,1460,0,0,0,0,0,0,0,0,0,0,0,0,1,1,0
1132,45,175.58,12,249,0,50.95,38,0.07,394,0,0,0,0,0,0,0,1,0,0,0,0,0,0,1
1133,49,129.04,19,239,0,56.7,99,0.32,1788,1,0,0,0,0,1,0,0,0,0,0,0,0,0,0
1134,52,119.97,8,103,0,78.0,97,0.24,196,0,1,0,0,0,0,0,0,0,0,0,0,1,1,0
1135,32,35.67,12,210,0,33.6,8,0.47,1647,0,0,0,1,0,0,0,0,1,0,0,0,0,0,0
1136,65,167.41,11,224,0,33.0,76,0.17,709,0,0,1,0,0,0,0,0,0,0,1,0,0,0,0
1137,53,72.65,8,278,0,89.2,39,0.27,1,0,0,0,1,0,0,0,0,0,0,0,1,0,1,0
1138,38,236.51,7,165,0,59.7,60,0.34,272,0,0,1,0,0,0,0,0,0,1,0,0,0,1,0
1139,23,155.21,6,300,0,34.4,60,0.42,670,0,0,0,1,0,0,0,0,0,0,0,0,1,1,0
1140,18,78.73,14,45,0,84.5,56,0.18,1349,0,0,0,1,0,0,0,0,0,0,0,1,0,0,0
1141,21,113.44,9,1,0,44.3,18,0.17,1768,0,0,1,0,0,1,0,0,0,0,0,0,0,0,1
1142,28,104.46,11,175,0,40.0,48,0.15,243,0,0,1,0,0,0,0,0,0,0,0,1,0,0,0
1143,61,142.28,7,272,0,2.6,21,0.41,601,0,0,0,0,0,0,0,1,0,0,0,0,0,1,0
1144,43,67.75,9,117,0,67.9,56,0.25,1591,0,1,0,0,0,0,0,0,0,0,0,0,0,1,0
1145,78,155.13,8,271,0,53.3,91,0.01,918,0,1,0,0,0,0,0,0,0,0,0,0,0,0,0
1146,54,50.05,4,172,0,31.2,12,0.54,478,0,0,0,0,0,0,0,0,0,0,1,0,0,0,0
1147,40,101.23,14,303,0,13.9,6,0.51,689,0,0,0,1,0,0,0,0,0,0,0,0,1,0,0
1148,46,193.83,10,151,0,18.2,31,0.14,1472,0,0,1,0,0,0,0,1,0,0,0,0,0,0,0
1149,38,131.38,9,350,0,22.5,98,0.51,688,1,0,0,0,0,0,0,0,0,1,0,0,0,1,0
1150,65,74.87,15,192,0,86.5,71,0.15,1207,0,0,0,1,1,0,0,0,0,0,0,0,0,0,0
1151,62,123.46,8,91,0,48.1,61,0.4,541,0,1,0,0,0,0,1,0,0,0,0,0,0,0,0
1152,62,85.48,7,160,0,69.5,95,0.18,1706,0,0,1,0,0,0,0,0,0,0,1,0,0,1,0
1153,66,69.95,16,105,0,46.1,68,0.23,1495,0,0,0,0,0,0,1,0,0,0,0,0,0,0,0
1154,44,45.37,16,228,0,47.4,57,0.18,757,0,0,0,1,0,0,0,0,0,0,0,0,0,1,0
1155,56,228.59,6,102,0,82.2,61,0.1,1661,1,0,0,0,0,0,0,0,1,0,0,0,0,1,0
1156,57,75.77,10,131,0,77.1,17,0.27,43,0,0,0,1,1,0,0,0,0,0,0,0,0,1,0
1157,30,68.51,9,256,0,23.2,29,0.11,1767,0,0,0,0,1,0,0,0,0,0,0,0,0,1,0
1158,40,127.65,9,288,0,62.6,67,0.1,155,1,0,0,0,0,0,1,0,0,0,0,0,0,1,0
1159,76,108.52,5,100,0,68.0,59,0.36,60,0,0,0,1,0,0,0,0,1,0,0,0,0,1,0
1160,33,151.25,14,300,0,40.5,88,0.43,1481,0,0,0,0,0,1,0,0,0,0,0,0,0,0,0
1161,47,117.71,8,20,0,6.8,3,0.14,1714,0,0,0,1,0,0,0,0,0,0,0,1,0,0,0
1162,78,85.4,6,248,0,37.1,27,0.14,1170,0,0,1,0,0,0,0,0,0,0,1,0,0,1,0
1163,21,82.89,10,191,0,35.8,1,0.2,55,0,0,0,1,0,0,0,1,0,0,0,0,0,1,0
1164,57,234.77,7,72,0,69.1,79,0.32,1727,0,0,0,0,1,0,0,0,0,0,0,0,0,0,0
1165,33,49.53,13,312,0,81.0,78,0.18,1255,0,1,0,0,0,0,1,0,0,0,0,0,0,1,0
1166,48,185.46,11,167,0,39.6,4,0.48,1232,0,0,0,0,0,0,0,0,0,0,0,1,0,1,0
1167,70,93.19,10,61,0,64.6,4,0.35,463,0,0,0,1,0,0,0,0,0,0,0,0,0,0,0
1168,59,63.47,11,170,0,64.3,89,0.32,1235,0,0,1,0,0,0,0,1,0,0,0,0,0,0,0
1169,42,49.74,6,120,0,64.8,75,0.2,723,0,1,0,0,0,0,1,0,0,0,0,0,0,0,0
1170,61,109.85,13,215,0,55.4,33,0.27,1525,0,0,0,0,0,0,0,0,0,0,1,0,0,0,0
1171,29,67.24,9,173,0,62.9,11,0.48,1057,0,1,0,0,0,0,0,0,0,1,0,0,0,1,0
1172,43,93.19,14,23,0,86.8,76,0.19,1260,0,0,1,0,1,0,0,0,0,0,0,0,0,0,0
1173,54,39.59,9,137,0,92.2,79,0.53,709,1,0,0,0,0,0,0,0,0,0,0,0,0,1,0
1174,65,47.78,15,98,0,9.2,57,0.27,1268,0,1,0,0,0,0,0,0,0,0,1,0,0,1,0
1175,50,61.27,13,323,0,1.2,26,0.31,831,0,0,0,0,0,0,0,0,0,0,0,0,1,1,0
1176,45,41.11,10,56,0,50.95,88,0.24,540,0,0,1,0,0,0,0,0,0,0,0,0,0,0,0
1177,26,185.57,7,246,0,41.3,26,0.14,1458,0,0,0,0,0,0,0,1,0,0,0,0,0,1,0
1178,29,84.28,8,171,0,45.1,54,0.04,1581,0,0,1,0,0,0,0,0,0,0,0,0,1,0,1
1179,22,66.91,9,200,0,45.9,27,0.15,1470,0,0,0,0,0,0,0,0,0,0,0,0,0,0,0
1180,71,45.93,5,330,0,89.5,91,0.4,569,0,0,1,0,0,0,1,0,0,0,0,0,0,0,0
1181,69,208.98,10,106,0,63.7,54,0.8,364,0,0,0,1,0,0,0,0,0,1,0,0,0,0,0
1182,71,79.79,7,47,0,44.2,2,0.14,1343,0,0,0,0,0,0,0,0,0,0,0,1,0,0,0
1183,45,93.19,8,332,0,45.5,87,0.41,1169,0,0,1,0,0,0,0,0,0,1,0,0,0,0,0
1184,73,41.69,7,285,0,84.5,9,0.03,1423,1,0,0,0,0,0,0,0,0,1,0,0,0,1,0
1185,52,48.95,5,45,0,21.7,72,0.19,1807,0,0,1,0,0,0,1,0,0,0,0,0,0,0,0
1186,22,99.31,10,119,0,1.5,64,0.38,1428,1,0,0,0,0,0,0,0,1,0,0,0,0,0,0
1187,51,49.05,13,59,0,47.8,65,0.36,1662,0,1,0,0,0,0,0,0,0,0,0,0,0,0,1
1188,63,45.97,18,146,0,96.0,21,0.25,627,0,0,1,0,0,0,0,0,0,0,0,1,0,0,0
1189,51,93.19,13,103,0,81.4,26,0.25,1785,0,1,0,0,0,1,0,0,0,0,0,0,0,0,0
1190,30,168.37,11,67,0,40.8,15,0.1,44,0,1,0,0,0,0,1,0,0,0,0,0,0,0,0
1191,56,69.06,5,161,0,17.5,43,0.19,1035,0,0,0,1,0,0,0,0,1,0,0,0,0,0,0
1192,59,23.39,15,214,0,57.0,89,0.15,708,0,0,1,0,0,0,1,0,0,0,0,0,0,0,0
1193,62,23.89,9,117,0,88.0,39,0.68,78,0,0,0,1,0,0,0,0,1,0,0,0,0,1,0
1194,65,93.19,17,236,0,71.7,16,0.35,1365,0,0,0,1,0,0,0,0,0,1,0,0,0,0,0
1195,75,130.64,8,217,0,50.95,35,0.31,788,0,1,0,0,1,0,0,0,0,0,0,0,0,0,1
1196,31,64.75,6,123,0,73.5,23,0.13,711,0,0,0,0,1,0,0,0,0,0,0,0,0,0,0
1197,28,93.19,9,116,0,96.5,12,0.31,1521,0,1,0,0,0,0,0,0,0,0,0,0,1,0,0
1198,59,95.52,10,262,0,55.3,56,0.27,307,0,1,0,0,0,1,0,0,0,0,0,0,0,1,0
1199,55,53.6,9,337,1,55.5,52,0.33,394,1,0,0,0,0,0,0,0,0,0,0,1,0,0,0
1200,21,47.09,6,169,0,47.9,19,0.42,60,0,0,0,0,0,0,0,0,1,0,0,0,0,0,0
1201,70,199.42,14,195,0,56.7,98,0.21,732,0,1,0,0,0,0,0,0,0,0,0,0,0,0,0
1202,50,67.4,8,308,0,63.5,62,0.19,1047,0,0,0,0,0,0,0,0,0,1,0,0,0,1,0
1203,24,93.19,6,149,0,20.4,8,0.16,500,1,0,0,0,0,0,0,1,0,0,0,0,0,0,0
1204,73,64.66,7,245,0,56.8,87,0.25,591,0,0,0,0,0,0,0,0,0,0,0,0,0,0,0
1205,58,39.91,7,281,0,1.3,11,0.21,840,0,0,1,0,0,0,0,0,0,0,0,0,0,1,0
1206,25,166.67,5,190,0,93.8,43,0.21,45,1,0,0,0,0,0,0,0,1,0,0,0,0,1,0
1207,54,102.43,8,173,0,3.8,98,0.81,1691,0,0,0,0,0,0,0,0,0,0,0,1,0,1,0
1208,68,165.09,12,80,0,95.8,69,0.33,1501,0,0,0,1,0,0,0,0,0,1,0,0,0,0,0
1209,27,194.66,10,171,0,96.9,37,0.33,1178,0,0,0,0,0,0,0,0,0,1,0,0,0,1,0
1210,60,93.19,12,163,0,52.7,25,0.27,122,1,0,0,0,0,0,0,0,0,0,0,1,0,1,0
1211,74,161.21,6,296,0,33.2,88,0.11,1781,0,0,0,1,1,0,0,0,0,0,0,0,0,0,0
1212,32,87.72,5,110,0,18.5,24,0.06,120,0,0,0,0,0,0,0,0,0,0,1,0,0,1,0
1213,55,68.56,6,206,0,16.2,34,0.32,1512,0,0,0,0,0,0,0,0,0,0,0,0,1,1,0
1214,32,142.87,9,337,0,23.8,82,0.15,746,1,0,0,0,0,0,1,0,0,0,0,0,0,0,0
1215,22,93.19,10,69,0,47.6,12,0.2,1329,0,0,0,1,0,0,0,0,0,0,0,0,1,0,0
1216,46,107.54,10,97,0,74.3,42,0.46,1798,0,0,0,1,1,0,0,0,0,0,0,0,0,0,0
1217,36,34.59,10,4,1,39.9,79,0.37,216,0,0,0,0,0,0,0,0,1,0,0,0,0,1,0
1218,71,89.35,7,184,0,50.95,12,0.37,338,0,0,1,0,0,0,0,0,1,0,0,0,0,0,0
1219,68,239.41,8,203,0,56.5,29,0.36,1381,1,0,0,0,0,1,0,0,0,0,0,0,0,0,0
1220,27,244.06,9,11,0,1.9,93,0.46,1514,1,0,0,0,0,0,0,0,0,0,0,0,1,1,0
1221,29,182.62,17,238,0,13.2,20,0.2,1216,0,1,0,0,0,0,0,0,0,0,0,0,1,1,0
1222,71,159.44,7,330,0,57.2,79,0.27,1387,0,0,0,1,0,0,1,0,0,0,0,0,0,1,0
1223,21,106.62,7,279,0,16.1,3,0.3,1671,0,0,0,1,0,0,0,0,1,0,0,0,0,1,0
1224,48,59.02,8,114,0,60.8,80,0.72,761,0,1,0,0,0,0,0,0,0,0,0,0,0,0,0
1225,35,132.35,7,209,0,50.95,61,0.24,539,0,0,0,0,0,0,0,0,0,0,0,0,1,0,0
1226,33,60.2,6,318,0,69.0,83,0.19,663,0,0,0,0,0,0,1,0,0,0,0,0,0,1,0
1227,57,27.79,8,132,0,29.1,71,0.09,1577,1,0,0,0,0,0,0,0,0,0,0,1,0,1,0
1228,53,398.16,10,222,0,82.2,22,0.32,504,0,0,0,0,0,0,0,1,0,0,0,0,0,1,0
1229,42,122.13,13,344,0,38.9,79,0.4,1469,0,0,1,0,0,0,0,0,0,0,0,1,0,0,0
1230,40,234.83,10,180,0,79.7,73,0.1,219,0,0,1,0,0,0,1,0,0,0,0,0,0,1,0
1231,29,70.27,12,27,1,1.9,17,0.29,549,0,0,1,0,0,0,0,0,0,0,0,0,0,0,0
1232,51,233.86,14,192,0,39.3,97,0.14,502,0,1,0,0,0,1,0,0,0,0,0,0,0,1,0
1233,53,90.38,4,300,0,22.0,2,0.27,87,0,0,1,0,0,0,0,0,1,0,0,0,0,0,0
1234,54,137.6,10,255,0,44.4,7,0.19,243,0,1,0,0,0,1,0,0,0,0,0,0,0,0,0
1235,20,63.31,11,110,0,94.7,95,0.41,407,1,0,0,0,0,1,0,0,0,0,0,0,0,1,0
1236,26,44.8,11,193,0,15.9,14,0.25,1308,1,0,0,0,0,0,1,0,0,0,0,0,0,0,0
1237,78,125.43,12,123,0,8.8,4,0.51,1348,0,0,1,0,0,0,0,0,1,0,0,0,0,0,1
1238,70,343.49,9,90,0,5.8,45,0.3,270,0,1,0,0,0,0,0,0,0,1,0,0,0,1,0
1239,35,231.03,9,135,0,12.3,63,0.12,607,0,0,1,0,0,0,0,1,0,0,0,0,0,0,0
1240,60,77.87,12,282,0,6.2,10,0.75,660,0,0,0,0,0,0,0,0,0,0,0,0,1,1,0
1241,52,62.58,7,228,0,68.5,45,0.23,349,0,1,0,0,0,1,0,0,0,0,0,0,0,0,0
1242,79,128.3,11,144,0,11.7,86,0.13,1661,0,1,0,0,0,0,0,0,0,0,0,1,0,1,0
1243,74,242.07,10,241,0,19.7,88,0.26,1155,0,1,0,0,0,0,0,0,0,1,0,0,0,0,1
1244,72,93.19,11,30,0,64.6,44,0.22,942,0,1,0,0,0,0,0,0,0,1,0,0,0,0,0
1245,51,122.11,10,260,0,44.6,55,0.48,1762,0,0,0,0,0,0,0,0,0,0,0,0,0,0,0
1246,58,93.79,6,59,0,5.5,18,0.39,17,0,0,1,0,0,1,0,0,0,0,0,0,0,0,0
1247,31,82.46,12,88,0,97.1,11,0.22,731,1,0,0,0,0,1,0,0,0,0,0,0,0,0,0
1248,21,114.9,4,100,0,60.0,54,0.31,238,0,0,0,1,0,0,0,0,0,0,1,0,0,1,0
1249,46,107.61,8,297,0,61.4,1,0.49,1215,0,0,0,1,0,0,1,0,0,0,0,0,0,0,0
1250,58,86.23,9,278,0,85.3,53,0.32,336,0,1,0,0,0,0,0,0,0,0,0,0,0,0,1
1251,62,43.96,11,120,0,90.9,96,0.43,247,0,1,0,0,0,0,0,0,0,1,0,0,0,0,0
1252,67,216.95,16,242,0,5.7,80,0.18,71,1,0,0,0,0,0,0,0,0,1,0,0,0,0,1
1253,32,211.83,13,364,0,6.8,78,0.22,141,0,0,0,1,0,0,0,0,0,0,1,0,0,0,0
1254,45,32.94,16,76,0,77.7,33,0.35,881,0,1,0,0,0,0,0,0,0,0,0,0,1,0,0
1255,59,83.14,11,272,0,69.6,7,0.36,681,0,0,0,0,1,0,0,0,0,0,0,0,0,0,0
1256,33,40.08,8,57,0,21.7,83,0.29,1681,0,0,0,1,0,0,0,0,0,0,0,1,0,1,0
1257,29,97.17,14,246,0,32.1,25,0.44,16,0,0,0,0,1,0,0,0,0,0,0,0,0,1,0
1258,69,73.61,10,95,0,61.1,69,0.44,829,1,0,0,0,0,1,0,0,0,0,0,0,0,1,0
1259,22,157.46,14,44,0,78.9,49,0.31,372,1,0,0,0,0,0,0,0,1,0,0,0,0,0,0
1260,51,53.61,5,290,0,60.3,74,0.33,88,0,0,0,1,0,0,0,0,0,0,0,0,0,1,0
1261,59,184.22,5,257,0,79.2,4,0.31,117,0,0,1,0,0,1,0,0,0,0,0,0,0,1,0
1262,18,82.14,9,302,0,22.9,24,0.09,101,0,0,0,1,0,0,0,0,0,0,0,0,1,0,1
1263,56,100.87,10,258,0,33.1,46,0.14,375,0,0,0,0,1,0,0,0,0,0,0,0,0,1,0
1264,49,51.17,12,245,0,10.2,70,0.22,833,0,0,1,0,0,1,0,0,0,0,0,0,0,0,0
1265,43,49.47,14,239,0,98.5,12,0.28,1113,0,0,0,0,0,0,0,0,0,0,0,1,0,1,0
1266,34,93.19,12,127,0,80.9,62,0.37,133,0,0,0,0,0,0,0,0,0,1,0,0,0,1,0
1267,65,169.99,8,201,0,71.6,84,0.17,406,0,0,0,0,0,0,1,0,0,0,0,0,0,0,0
1268,76,39.61,15,275,0,19.5,90,0.21,368,0,1,0,0,0,0,0,1,0,0,0,0,0,0,0
1269,44,51.68,7,206,0,69.9,76,0.42,1375,0,0,1,0,0,1,0,0,0,0,0,0,0,0,0
1270,41,89.76,9,39,0,86.2,62,0.37,292,0,1,0,0,0,0,0,0,0,0,0,0,1,1,0
1271,52,41.7,8,364,0,81.0,97,0.83,194,0,1,0,0,0,0,0,0,0,0,0,0,0,0,0
1272,63,153.5,10,320,0,75.5,62,0.16,999,0,0,0,0,0,0,0,0,1,0,0,0,0,1,0
1273,59,122.62,9,345,0,38.7,76,0.18,1023,1,0,0,0,0,0,0,0,0,0,0,1,0,1,0
1274,71,73.37,10,318,0,76.7,58,0.12,285,0,0,0,1,0,0,0,0,0,0,1,0,0,1,0
1275,56,183.71,11,55,0,48.5,38,0.42,372,1,0,0,0,0,0,0,0,0,0,0,0,1,1,0
1276,43,40.38,8,159,0,40.5,68,0.13,436,0,0,0,0,1,0,0,0,0,0,0,0,0,1,0
1277,66,37.24,11,321,0,96.5,17,0.2,1614,0,0,0,1,0,0,1,0,0,0,0,0,0,1,0
1278,79,125.27,12,95,0,14.7,10,0.12,613,0,0,0,1,1,0,0,0,0,0,0,0,0,0,1
1279,55,40.36,8,115,0,50.95,83,0.58,990,0,0,0,0,0,0,0,0,0,1,0,0,0,1,0
1280,40,67.09,11,211,0,32.2,43,0.15,94,0,1,0,0,0,0,1,0,0,0,0,0,0,1,0
1281,39,367.38,11,86,0,51.6,33,0.7,1409,0,0,0,1,1,0,0,0,0,0,0,0,0,1,0
1282,21,118.74,5,306,0,36.3,37,0.43,874,0,0,0,1,0,0,0,0,0,0,0,0,0,0,0
1283,66,107.25,12,267,0,50.3,28,0.18,419,0,0,0,1,1,0,0,0,0,0,0,0,0,1,0
1284,76,526.84,8,43,0,81.8,46,0.05,1016,0,0,0,1,0,0,0,0,0,0,0,1,0,0,0
1285,26,253.08,9,82,0,18.3,2,0.48,1321,0,0,1,0,0,0,0,0,0,0,0,1,0,0,1
1286,21,88.65,20,210,0,75.5,46,0.64,573,0,1,0,0,0,0,0,1,0,0,0,0,0,1,0
1287,24,143.66,15,345,0,44.6,38,0.28,496,0,0,1,0,1,0,0,0,0,0,0,0,0,0,0
1288,40,58.42,9,8,0,93.5,38,0.45,1310,0,0,1,0,0,0,0,0,0,0,0,0,0,1,0
1289,19,90.87,13,156,0,54.7,21,0.36,262,0,0,0,0,0,0,0,0,0,0,0,0,0,0,0
1290,66,147.07,10,347,0,4.1,23,0.24,914,0,1,0,0,0,1,0,0,0,0,0,0,0,1,0
1291,41,64.69,9,188,0,91.0,33,0.2,1216,1,0,0,0,0,0,0,0,1,0,0,0,0,1,0
1292,57,48.46,8,319,0,92.4,90,0.32,1049,0,1,0,0,0,0,1,0,0,0,0,0,0,1,0
1293,72,168.95,10,130,0,18.0,43,0.21,228,1,0,0,0,0,0,0,0,0,0,0,0,1,0,0
1294,79,98.4,7,214,0,97.3,94,0.3,817,0,0,0,1,0,0,0,0,0,0,1,0,0,1,0
1295,48,63.62,12,114,0,44.6,68,0.43,349,1,0,0,0,0,0,1,0,0,0,0,0,0,1,0
1296,64,111.87,7,122,0,91.4,70,0.18,341,1,0,0,0,0,0,1,0,0,0,0,0,0,0,0
1297,48,56.06,9,357,0,36.4,98,0.34,1491,1,0,0,0,0,0,0,0,0,1,0,0,0,0,0
1298,64,97.52,10,332,0,2.3,64,0.24,1464,0,0,0,1,0,0,1,0,0,0,0,0,0,0,0
1299,57,106.36,13,318,0,79.5,84,0.55,1314,0,0,0,1,0,0,0,0,0,1,0,0,0,1,0
1300,65,36.81,12,363,0,88.6,64,0.55,515,0,0,1,0,0,1,0,0,0,0,0,0,0,0,0
1301,68,222.59,12,191,0,16.3,37,0.2,440,1,0,0,0,0,0,0,0,1,0,0,0,0,0,0
1302,60,93.19,13,147,0,55.4,79,0.15,1548,0,1,0,0,0,0,0,0,0,0,0,0,0,1,0
1303,51,166.06,9,27,0,83.2,23,0.13,616,0,0,0,0,0,0,0,1,0,0,0,0,0,0,0
1304,72,51.57,13,123,0,46.2,73,0.25,1727,0,0,1,0,0,0,0,0,0,0,0,0,0,1,0
1305,41,156.54,12,76,0,78.8,34,0.22,1248,1,0,0,0,1,0,0,0,0,0,0,0,0,0,1
1306,66,127.9,11,74,0,63.8,34,0.13,1292,0,0,1,0,0,0,0,0,0,0,1,0,0,1,0
1307,77,58.95,6,357,0,72.1,27,0.46,1789,1,0,0,0,0,0,0,0,1,0,0,0,0,0,0
1308,43,44.69,10,185,0,91.9,80,0.53,1416,1,0,0,0,0,0,0,0,1,0,0,0,0,1,0
1309,33,116.95,9,38,0,41.7,4,0.38,999,0,0,1,0,0,1,0,0,0,0,0,0,0,0,1
1310,74,101.62,8,233,1,77.1,92,0.17,1747,1,0,0,0,0,0,0,0,0,0,1,0,0,1,0
1311,64,71.69,12,247,0,71.3,81,0.13,400,1,0,0,0,1,0,0,0,0,0,0,0,0,0,1
1312,30,230.03,8,328,0,43.9,76,0.28,43,0,0,0,0,1,0,0,0,0,0,0,0,0,0,1
1313,32,105.5,7,130,0,38.1,69,0.06,180,0,1,0,0,0,0,0,1,0,0,0,0,0,1,0
1314,44,89.64,8,4,0,88.1,99,0.27,1007,0,0,0,1,0,0,0,0,0,0,0,0,1,0,0
1315,21,63.36,8,347,0,20.5,94,0.14,1384,0,0,0,0,0,0,0,0,0,0,0,0,0,0,1
1316,33,230.17,10,258,0,31.9,63,0.18,140,0,0,0,1,0,0,1,0,0,0,0,0,0,1,0
1317,47,189.35,13,244,0,97.4,78,0.18,453,0,0,0,1,0,0,0,0,0,0,1,0,0,1,0
1318,61,49.79,13,349,0,27.7,14,0.14,1127,0,1,0,0,1,0,0,0,0,0,0,0,0,0,0
1319,47,135.23,14,77,0,87.2,66,0.46,439,0,0,0,0,1,0,0,0,0,0,0,0,0,1,0
1320,53,130.18,5,335,0,37.1,28,0.59,915,1,0,0,0,0,0,0,0,0,0,0,0,1,1,0
1321,20,133.81,13,114,0,55.1,21,0.07,310,0,1,0,0,0,0,0,0,1,0,0,0,0,1,0
1322,39,114.4,12,3,0,39.8,79,0.19,677,1,0,0,0,1,0,0,0,0,0,0,0,0,1,0
1323,66,21.75,13,130,0,22.1,87,0.19,543,1,0,0,0,0,0,0,1,0,0,0,0,0,1,0
1324,39,73.83,9,226,0,69.1,10,0.52,1636,1,0,0,0,1,0,0,0,0,0,0,0,0,1,0
1325,67,141.49,11,127,0,96.7,26,0.26,202,1,0,0,0,1,0,0,0,0,0,0,0,0,0,0
1326,74,85.46,9,8,0,89.3,35,0.47,549,0,0,0,0,0,0,0,0,0,0,0,0,1,0,0
1327,67,28.74,8,323,0,98.5,34,0.53,1004,0,0,0,1,0,0,0,1,0,0,0,0,0,1,0
1328,72,143.3,8,117,0,69.1,2,0.24,1153,0,0,0,1,0,0,0,0,0,0,0,1,0,0,0
1329,77,104.58,10,343,0,3.4,95,0.35,426,0,0,0,0,0,0,0,0,0,1,0,0,0,0,0
1330,66,131.35,6,187,0,55.4,43,0.33,1543,0,0,0,1,0,0,0,0,0,0,0,0,1,0,1
1331,29,93.19,6,138,0,50.95,44,0.25,1764,0,1,0,0,0,0,0,0,1,0,0,0,0,1,0
1332,72,120.81,12,124,0,12.0,44,0.31,473,1,0,0,0,0,0,0,0,1,0,0,0,0,1,0
1333,38,238.56,9,222,0,82.8,43,0.35,1420,1,0,0,0,0,0,0,0,0,0,1,0,0,0,1
1334,73,153.63,11,327,0,73.0,52,0.04,1825,1,0,0,0,0,0,0,0,0,0,0,0,1,0,1
1335,21,304.66,8,305,0,44.8,5,0.27,1347,0,0,1,0,0,1,0,0,0,0,0,0,0,0,0
1336,48,115.36,14,258,0,29.2,19,0.18,345,0,1,0,0,0,0,0,0,0,0,0,0,1,0,0
1337,61,62.89,15,66,0,22.2,30,0.12,259,0,0,1,0,0,0,0,0,0,0,0,1,0,1,0
1338,48,102.57,12,84,0,96.4,49,0.28,1588,0,0,0,0,1,0,0,0,0,0,0,0,0,0,0
1339,75,103.8,12,61,0,80.2,63,0.16,164,0,0,1,0,0,0,0,0,0,0,0,0,1,1,0
1340,40,55.78,11,13,0,69.3,81,0.29,1131,0,0,0,1,0,1,0,0,0,0,0,0,0,1,0
1341,71,71.46,14,121,0,94.8,29,0.17,909,0,0,0,1,0,0,1,0,0,0,0,0,0,0,0
1342,70,93.19,9,278,0,20.4,76,0.33,1671,0,1,0,0,0,1,0,0,0,0,0,0,0,1,0
1343,37,143.79,12,122,0,85.8,72,0.59,368,0,0,1,0,0,0,0,0,1,0,0,0,0,0,0
1344,32,173.19,9,76,0,58.3,79,0.06,170,0,0,1,0,0,0,0,0,0,0,0,1,0,0,1
1345,40,73.58,11,271,0,93.3,53,0.78,1269,1,0,0,0,1,0,0,0,0,0,0,0,0,1,0
1346,45,269.05,12,145,0,66.1,98,0.16,387,0,1,0,0,0,1,0,0,0,0,0,0,0,0,1
1347,33,69.2,10,268,0,74.2,28,0.42,1109,1,0,0,0,0,0,0,0,0,0,0,1,0,0,1
1348,54,18.73,11,55,0,22.2,85,0.1,484,0,1,0,0,0,0,1,0,0,0,0,0,0,0,0
1349,38,253.43,17,217,0,34.5,53,0.66,279,0,1,0,0,0,0,0,1,0,0,0,0,0,1,0
1350,32,29.71,13,172,0,30.2,17,0.1,366,0,0,1,0,0,0,0,1,0,0,0,0,0,1,0
1351,34,208.73,9,39,0,69.4,82,0.66,1632,1,0,0,0,0,0,0,1,0,0,0,0,0,1,0
1352,67,126.58,12,358,0,41.1,24,0.51,502,0,0,0,0,0,0,1,0,0,0,0,0,0,1,0
1353,54,180.0,14,158,0,86.0,88,0.5,1482,1,0,0,0,1,0,0,0,0,0,0,0,0,1,0
1354,30,359.85,9,359,0,21.3,76,0.21,1082,0,0,0,0,0,0,0,0,0,1,0,0,0,0,1
1355,36,32.53,13,31,0,79.6,65,0.34,1534,0,0,0,1,0,0,0,0,0,1,0,0,0,1,0
1356,47,118.52,8,247,0,81.3,36,0.22,1593,0,1,0,0,0,0,0,0,0,0,0,1,0,0,0
1357,62,123.97,13,128,0,62.8,32,0.19,1351,1,0,0,0,0,0,0,1,0,0,0,0,0,1,0
1358,35,57.07,5,290,0,14.8,69,0.34,1023,0,1,0,0,0,0,0,0,1,0,0,0,0,0,0
1359,31,95.94,8,35,0,32.7,26,0.07,1469,1,0,0,0,1,0,0,0,0,0,0,0,0,0,1
1360,79,119.44,6,347,0,39.8,56,0.1,553,0,0,0,1,0,0,0,0,0,1,0,0,0,1,0
1361,53,55.2,9,65,0,46.5,67,0.36,1309,1,0,0,0,0,0,0,0,0,0,0,0,1,1,0
1362,53,18.69,12,284,0,73.7,33,0.08,58,0,0,0,1,0,0,0,0,0,0,1,0,0,0,0
1363,37,123.51,13,156,0,33.8,39,0.28,81,0,1,0,0,0,0,0,0,0,0,0,0,0,0,0
1364,69,16.34,6,42,0,1.8,84,0.48,1279,0,0,1,0,0,0,1,0,0,0,0,0,0,0,0
1365,36,40.05,10,274,0,86.6,58,0.28,245,0,0,0,0,0,0,1,0,0,0,0,0,0,1,0
1366,62,125.22,15,120,0,43.2,12,0.12,1507,0,1,0,0,0,0,0,0,0,1,0,0,0,1,0
1367,61,137.66,13,191,0,28.3,84,0.37,155,0,0,1,0,0,0,1,0,0,0,0,0,0,0,1
1368,24,226.74,11,353,0,50.95,81,0.33,461,0,1,0,0,0,0,0,1,0,0,0,0,0,0,1
1369,74,135.01,7,30,0,87.9,43,0.21,1370,0,1,0,0,0,0,0,0,0,0,0,0,0,0,0
1370,61,186.14,8,356,0,50.95,72,0.15,332,1,0,0,0,0,0,0,0,1,0,0,0,0,0,0
1371,70,71.07,12,18,0,35.4,13,0.27,1320,0,0,0,1,0,0,0,0,0,0,0,0,1,0,0
1372,21,141.45,8,284,0,23.1,73,0.66,224,0,0,0,1,0,0,0,0,0,0,0,1,0,1,0
1373,76,37.56,11,72,0,71.3,83,0.32,749,1,0,0,0,0,0,0,0,0,0,0,0,0,1,0
1374,51,102.64,10,75,0,5.7,90,0.28,1126,1,0,0,0,0,0,0,0,1,0,0,0,0,1,0
1375,19,120.9,7,187,0,39.1,5,0.41,908,0,1,0,0,0,0,1,0,0,0,0,0,0,0,0
1376,22,184.5,9,178,0,75.9,45,0.29,992,0,0,0,1,0,0,0,0,0,1,0,0,0,1,0
1377,72,29.5,9,337,0,58.5,89,0.29,137,0,1,0,0,0,1,0,0,0,0,0,0,0,1,0
1378,27,124.32,6,305,0,73.4,5,0.37,817,0,0,1,0,0,0,0,0,0,0,0,1,0,0,0
1379,49,55.1,14,136,0,57.3,23,0.26,1109,0,0,1,0,1,0,0,0,0,0,0,0,0,0,0
1380,59,81.61,6,161,0,24.0,35,0.38,593,1,0,0,0,0,0,0,0,0,0,1,0,0,0,0
1381,58,88.37,13,289,0,48.3,96,0.25,186,0,0,0,1,0,0,0,0,0,1,0,0,0,0,1
1382,30,283.57,10,46,0,77.3,54,0.32,1308,0,0,1,0,0,0,1,0,0,0,0,0,0,1,0
1383,56,134.16,13,23,0,23.0,49,0.41,1349,0,0,0,1,0,0,0,0,0,1,0,0,0,0,0
1384,22,85.44,4,335,0,96.3,70,0.25,1775,0,0,0,1,0,0,0,1,0,0,0,0,0,0,0
1385,75,68.13,9,283,0,20.3,78,0.12,1749,0,0,0,0,0,0,1,0,0,0,0,0,0,0,0
1386,27,56.45,15,173,0,1.4,93,0.06,1786,0,0,1,0,0,0,0,0,0,1,0,0,0,1,0
1387,27,60.73,11,306,0,77.8,37,0.46,1312,0,0,1,0,0,0,0,0,0,0,0,0,0,1,0
1388,55,139.02,9,261,0,92.8,22,0.47,1517,0,1,0,0,0,0,0,0,0,0,0,0,0,0,0
1389,44,65.63,3,229,0,24.7,84,0.3,1603,0,1,0,0,0,0,0,0,0,0,0,0,1,0,0
1390,77,18.03,13,190,0,15.5,8,0.6,903,0,0,0,1,0,0,0,0,0,0,0,0,1,0,0
1391,68,31.24,10,117,0,22.4,91,0.25,1116,1,0,0,0,0,0,0,0,0,0,0,1,0,0,0
1392,38,113.19,5,52,0,62.8,57,0.44,1422,0,1,0,0,0,0,0,0,0,1,0,0,0,0,0
1393,25,35.24,7,191,0,57.9,71,0.56,681,0,1,0,0,0,0,0,0,0,0,0,0,1,0,0
1394,18,57.56,12,59,0,50.95,60,0.23,1610,0,0,0,1,0,0,0,1,0,0,0,0,0,0,0
1395,45,149.34,12,10,0,0.8,55,0.56,1781,0,0,1,0,0,0,0,0,1,0,0,0,0,1,0
1396,66,93.21,3,259,0,15.7,34,0.19,239,0,1,0,0,0,0,0,0,0,0,0,0,1,0,0
1397,56,34.87,14,269,0,24.3,41,0.52,1585,1,0,0,0,0,0,0,0,0,1,0,0,0,0,0
1398,31,172.89,8,140,0,69.7,28,0.28,418,0,0,0,1,0,0,0,0,0,0,0,0,0,1,0
1399,38,119.08,11,142,0,60.9,31,0.64,453,0,0,1,0,0,0,0,0,0,0,1,0,0,1,0
1400,47,29.09,9,112,0,62.4,21,0.37,1379,0,0,0,0,0,1,0,0,0,0,0,0,0,1,0
1401,38,23.68,14,263,0,57.1,74,0.13,1046,1,0,0,0,1,0,0,0,0,0,0,0,0,0,1
1402,66,182.37,14,343,0,74.5,51,0.06,1223,0,0,1,0,0,0,0,0,0,0,0,0,1,1,0
1403,26,67.73,7,10,0,94.2,36,0.57,582,0,0,0,1,1,0,0,0,0,0,0,0,0,0,0
1404,34,67.6,12,98,0,67.4,77,0.21,1586,0,0,0,0,0,1,0,0,0,0,0,0,0,1,0
1405,22,70.41,13,22,0,74.5,26,0.64,1317,1,0,0,0,0,0,0,0,0,0,0,1,0,1,0
1406,75,97.73,17,238,0,50.95,98,0.51,168,0,1,0,0,0,0,0,0,0,0,0,0,0,0,0
1407,74,42.45,7,108,0,79.8,19,0.05,1217,0,1,0,0,0,0,0,0,0,0,0,0,0,1,0
1408,79,105.95,13,262,0,94.3,6,0.31,1163,1,0,0,0,0,1,0,0,0,0,0,0,0,0,0
1409,48,32.35,5,324,0,60.5,48,0.1,199,0,1,0,0,0,0,0,0,0,1,0,0,0,0,0
1410,69,163.27,8,159,0,18.1,15,0.15,1162,0,0,0,1,1,0,0,0,0,0,0,0,0,0,0
1411,78,54.24,6,219,0,77.0,49,0.37,944,1,0,0,0,1,0,0,0,0,0,0,0,0,1,0
1412,57,92.75,11,171,0,65.1,18,0.25,1399,1,0,0,0,0,1,0,0,0,0,0,0,0,0,0
1413,55,48.37,13,93,0,93.4,84,0.08,1428,0,1,0,0,1,0,0,0,0,0,0,0,0,0,0
1414,60,157.37,8,121,0,27.2,65,0.34,1805,1,0,0,0,0,0,0,0,0,1,0,0,0,0,0
1415,36,45.11,4,299,0,97.0,22,0.4,1464,0,0,0,0,0,0,0,0,0,0,0,0,0,0,0
1416,53,74.45,9,196,0,55.2,60,0.46,989,1,0,0,0,0,0,0,0,0,0,0,1,0,0,0
1417,67,132.27,8,50,0,50.95,36,0.17,1389,0,1,0,0,0,0,0,1,0,0,0,0,0,0,1
1418,50,101.7,9,316,0,78.4,82,0.5,1720,0,1,0,0,0,0,0,0,0,0,0,0,0,0,0
1419,30,22.69,8,306,0,86.6,10,0.33,890,0,1,0,0,0,0,0,0,1,0,0,0,0,1,0
1420,31,113.36,13,19,0,32.4,20,0.18,1427,0,1,0,0,0,0,0,0,1,0,0,0,0,1,0
1421,73,134.67,12,29,0,21.9,70,0.14,286,0,0,0,1,0,0,0,0,0,0,0,0,0,1,0
1422,50,57.35,11,299,0,62.4,61,0.28,1299,0,1,0,0,0,0,0,0,0,1,0,0,0,1,0
1423,79,143.75,8,85,0,37.4,59,0.33,273,0,0,0,0,0,0,0,1,0,0,0,0,0,1,0
1424,46,25.26,13,229,0,98.6,22,0.27,245,1,0,0,0,0,0,0,0,0,0,0,1,0,1,0
1425,60,27.08,12,156,0,49.5,68,0.24,1590,0,0,1,0,1,0,0,0,0,0,0,0,0,0,0
1426,66,60.66,8,180,0,11.0,4,0.41,917,0,0,1,0,0,0,0,0,1,0,0,0,0,1,0
1427,53,62.27,9,111,0,49.9,83,0.51,901,0,0,0,1,0,0,0,0,1,0,0,0,0,0,0
1428,75,140.68,14,138,0,53.5,29,0.18,658,0,0,1,0,0,0,0,0,1,0,0,0,0,1,0
1429,61,26.41,10,9,0,0.5,58,0.03,740,0,1,0,0,0,0,1,0,0,0,0,0,0,1,0
1430,27,79.33,7,290,0,24.5,58,0.21,344,0,0,1,0,0,0,0,0,0,1,0,0,0,1,0
1431,48,145.14,8,237,0,0.1,54,0.19,1346,0,0,0,0,0,0,0,0,0,0,0,0,0,1,0
1432,23,52.46,9,131,0,56.1,28,0.16,1682,0,1,0,0,0,0,0,1,0,0,0,0,0,0,0
1433,74,200.85,5,329,0,29.2,77,0.38,1651,0,0,1,0,0,0,0,0,0,0,0,0,0,0,0
1434,18,108.94,8,184,0,17.3,39,0.06,205,0,1,0,0,0,0,1,0,0,0,0,0,0,1,0
1435,24,42.66,10,294,0,83.9,57,0.31,134,0,0,0,1,0,0,0,0,1,0,0,0,0,0,0
1436,75,194.08,9,207,0,3.0,64,0.36,737,0,0,0,0,0,1,0,0,0,0,0,0,0,0,0
1437,44,129.59,10,249,0,69.2,92,0.37,806,1,0,0,0,0,0,1,0,0,0,0,0,0,0,0
1438,38,128.28,5,349,0,57.3,30,0.15,1788,0,1,0,0,0,0,0,0,0,1,0,0,0,0,0
1439,45,110.13,8,322,0,77.2,86,0.25,1474,0,0,0,0,0,0,0,0,0,0,0,1,0,0,0
1440,33,56.89,9,88,0,13.2,50,0.52,1641,0,0,0,1,1,0,0,0,0,0,0,0,0,0,0
1441,73,145.11,9,357,0,87.2,54,0.54,1393,0,0,0,1,0,0,0,0,0,0,1,0,0,0,0
1442,63,36.83,10,361,0,32.2,23,0.18,325,0,0,0,0,0,0,0,1,0,0,0,0,0,1,0
1443,40,33.9,7,35,0,0.9,18,0.17,277,0,0,1,0,0,0,1,0,0,0,0,0,0,1,0
1444,69,87.84,11,3,0,65.7,81,0.43,385,0,0,0,0,0,0,0,0,0,0,0,1,0,0,1
1445,37,70.14,8,233,0,85.9,54,0.11,1068,0,0,1,0,0,0,0,0,0,0,1,0,0,0,0
1446,55,139.79,12,329,0,35.4,95,0.14,795,0,0,1,0,0,0,0,0,0,0,0,1,0,0,0
1447,71,92.67,6,268,0,52.8,28,0.15,352,0,0,0,0,0,0,0,0,0,0,0,0,0,0,0
1448,42,136.48,17,69,0,41.2,8,0.25,1508,0,0,0,1,0,0,0,0,0,0,0,0,0,1,0
1449,45,119.82,9,6,0,4.2,32,0.48,401,1,0,0,0,0,0,0,0,1,0,0,0,0,0,0
1450,22,65.21,10,155,0,75.3,6,0.47,655,1,0,0,0,0,0,0,0,0,0,0,0,1,0,0
1451,73,64.18,9,292,0,94.1,72,0.59,984,0,0,0,0,1,0,0,0,0,0,0,0,0,1,0
1452,38,154.08,11,285,0,42.0,86,0.11,385,0,1,0,0,0,0,0,0,0,1,0,0,0,0,0
1453,35,42.81,18,359,0,14.4,40,0.2,880,0,0,0,0,0,0,0,0,0,1,0,0,0,0,0
1454,64,112.85,9,73,0,50.5,51,0.37,1157,1,0,0,0,0,0,0,0,1,0,0,0,0,1,0
1455,23,87.75,11,11,0,90.5,47,0.62,1702,0,0,0,0,0,0,0,0,0,0,0,0,0,0,0
1456,74,99.98,9,336,0,60.6,95,0.35,395,0,0,0,1,0,0,0,0,1,0,0,0,0,1,0
1457,46,93.79,10,111,0,21.2,70,0.24,40,1,0,0,0,0,1,0,0,0,0,0,0,0,0,0
1458,36,155.9,14,29,0,55.3,68,0.15,864,1,0,0,0,0,0,1,0,0,0,0,0,0,1,0
1459,50,61.85,8,35,0,32.7,7,0.36,18,1,0,0,0,0,0,1,0,0,0,0,0,0,0,0
1460,18,58.62,9,343,0,2.4,98,0.07,272,0,0,0,1,0,0,0,1,0,0,0,0,0,0,0
1461,62,86.54,4,229,0,91.4,27,0.07,264,1,0,0,0,0,0,0,0,0,0,0,0,0,1,0
1462,20,86.08,11,276,0,79.4,66,0.28,438,0,1,0,0,0,0,0,0,0,0,0,0,1,0,1
1463,59,72.4,11,105,0,92.4,54,0.45,1658,1,0,0,0,0,1,0,0,0,0,0,0,0,0,1
1464,38,99.52,16,287,0,68.3,14,0.43,1629,0,0,0,0,0,1,0,0,0,0,0,0,0,1,0
1465,52,82.1,9,249,0,45.0,93,0.08,331,0,1,0,0,0,0,0,0,0,0,0,0,0,1,0
1466,58,97.44,8,62,0,49.3,22,0.18,517,0,0,1,0,0,0,1,0,0,0,0,0,0,0,1
1467,57,365.38,10,43,0,20.5,69,0.25,104,1,0,0,0,0,0,0,0,0,0,1,0,0,0,1
1468,20,73.87,10,148,0,38.6,56,0.21,1084,0,0,1,0,0,0,1,0,0,0,0,0,0,1,0
1469,42,137.2,5,45,0,16.4,82,0.64,1454,0,0,1,0,0,0,0,1,0,0,0,0,0,1,0
1470,62,87.27,10,174,0,47.3,60,0.57,1824,0,0,0,1,0,0,0,1,0,0,0,0,0,1,0
1471,55,118.01,15,153,0,64.6,51,0.37,372,0,0,0,0,0,0,0,0,0,0,0,0,0,0,1
1472,62,219.73,17,260,0,25.7,16,0.19,1710,0,0,0,0,1,0,0,0,0,0,0,0,0,1,0
1473,72,107.18,11,132,0,94.4,6,0.45,277,0,0,1,0,1,0,0,0,0,0,0,0,0,0,0
1474,37,55.77,11,286,0,64.7,1,0.27,233,0,0,0,1,0,0,0,0,0,0,0,0,1,0,0
1475,69,174.38,16,155,0,22.0,12,0.28,147,0,1,0,0,1,0,0,0,0,0,0,0,0,1,0
1476,61,69.28,9,332,0,16.7,24,0.1,600,1,0,0,0,0,0,0,0,0,0,0,1,0,0,0
1477,62,71.53,7,240,0,17.0,75,0.57,17,0,1,0,0,0,0,0,0,0,0,0,1,0,1,0
1478,51,186.26,5,330,0,97.4,43,0.07,1539,1,0,0,0,0,0,0,0,0,1,0,0,0,0,0
1479,38,135.31,5,126,0,23.7,34,0.4,1191,0,0,1,0,0,0,0,0,0,0,0,1,0,1,0
1480,73,102.71,10,192,0,16.8,93,0.2,609,0,0,0,1,0,0,0,0,0,0,1,0,0,0,0
1481,72,159.37,9,268,0,16.4,96,0.21,12,0,0,0,1,0,0,0,0,0,0,1,0,0,0,0
1482,65,37.18,16,121,0,34.4,57,0.28,188,0,0,0,0,0,0,0,0,0,0,1,0,0,1,0
1483,40,100.26,7,145,0,61.5,21,0.28,1649,0,0,0,0,0,0,0,0,0,0,0,1,0,1,0
1484,23,36.42,8,151,0,7.9,40,0.3,1200,0,1,0,0,0,0,0,0,0,0,0,0,1,1,0
1485,68,229.17,10,156,0,15.9,33,0.07,1406,0,0,0,0,0,0,1,0,0,0,0,0,0,1,0
1486,70,88.24,7,155,0,97.6,33,0.66,1730,1,0,0,0,0,0,0,0,0,0,0,0,0,0,0
1487,30,93.19,11,101,0,61.8,28,0.31,1391,0,0,0,1,0,0,0,0,1,0,0,0,0,0,0
1488,66,54.4,6,339,0,14.0,65,0.15,1571,0,0,0,1,0,0,0,0,0,1,0,0,0,0,0
1489,40,72.33,8,251,0,55.0,76,0.2,1098,0,0,1,0,0,0,0,1,0,0,0,0,0,0,0
1490,26,51.02,6,266,0,24.1,46,0.05,398,0,0,1,0,0,1,0,0,0,0,0,0,0,0,0
1491,34,55.66,9,306,0,50.95,33,0.1,564,0,1,0,0,0,0,0,1,0,0,0,0,0,0,0
1492,78,37.39,11,58,0,38.9,69,0.31,111,0,0,1,0,0,0,0,0,0,1,0,0,0,1,0
1493,19,125.11,11,339,0,14.2,66,0.36,1214,1,0,0,0,0,0,0,1,0,0,0,0,0,1,0
1494,36,44.56,7,104,0,61.3,36,0.26,1666,0,0,0,0,0,0,1,0,0,0,0,0,0,1,0
1495,36,141.31,8,268,0,13.7,88,0.48,736,0,0,0,0,0,0,0,1,0,0,0,0,0,0,0
1496,73,245.71,7,46,0,51.8,54,0.09,141,0,1,0,0,0,0,0,1,0,0,0,0,0,1,0
1497,24,100.82,13,87,0,85.2,50,0.19,688,0,0,0,0,0,0,1,0,0,0,0,0,0,1,0
1498,71,63.76,10,170,0,34.6,51,0.09,4,0,0,0,1,0,0,1,0,0,0,0,0,0,1,0
1499,59,112.82,9,151,0,50.95,52,0.47,362,0,0,0,0,0,0,0,0,0,0,0,1,0,0,0
1500,59,45.95,10,175,0,10.8,21,0.15,1229,0,0,1,0,0,0,1,0,0,0,0,0,0,1,0
1501,76,82.44,6,318,0,64.6,30,0.41,878,0,0,0,1,0,0,0,0,1,0,0,0,0,1,0
1502,37,63.68,12,144,0,11.2,15,0.08,787,0,0,1,0,1,0,0,0,0,0,0,0,0,1,0
1503,26,84.16,17,324,0,32.7,9,0.22,1619,0,0,1,0,0,0,0,0,1,0,0,0,0,1,0
1504,34,257.38,6,309,0,84.1,32,0.46,1445,0,1,0,0,0,0,0,1,0,0,0,0,0,0,0
1505,44,62.4,11,221,0,15.0,72,0.1,1040,0,1,0,0,0,0,0,0,1,0,0,0,0,1,0
1506,64,121.85,12,14,0,84.0,23,0.66,1777,0,0,0,1,0,0,0,0,0,1,0,0,0,1,0
1507,19,169.5,6,137,0,63.1,27,0.31,1573,0,0,0,0,0,0,0,0,0,0,0,0,0,0,0
1508,79,85.61,7,249,0,14.1,42,0.44,207,1,0,0,0,1,0,0,0,0,0,0,0,0,1,0
1509,53,132.86,7,149,0,16.8,8,0.08,595,0,0,0,0,0,0,0,0,0,0,0,0,0,1,0
1510,36,88.31,7,350,0,66.3,93,0.4,1685,0,0,0,1,0,1,0,0,0,0,0,0,0,0,0
1511,34,206.14,7,268,0,72.9,11,0.06,565,1,0,0,0,0,0,0,0,1,0,0,0,0,1,0
1512,22,87.24,9,80,0,65.6,21,0.3,829,0,0,1,0,0,0,0,0,0,0,0,0,0,1,0
1513,56,143.52,10,64,0,71.4,44,0.14,522,0,0,1,0,0,0,1,0,0,0,0,0,0,1,0
1514,35,48.19,16,141,0,36.2,39,0.34,1008,1,0,0,0,0,0,0,0,0,0,0,0,1,0,0
1515,70,36.64,12,299,0,0.1,94,0.52,505,0,0,1,0,0,0,0,0,0,0,0,0,1,0,0
1516,71,165.24,13,246,0,52.9,33,0.08,1690,0,0,0,0,0,0,1,0,0,0,0,0,0,0,0
1517,76,124.33,6,192,0,59.5,67,0.47,1369,0,1,0,0,0,0,0,0,0,0,0,0,0,0,0
1518,24,75.98,10,282,0,68.8,55,0.11,987,0,0,0,0,0,0,0,1,0,0,0,0,0,1,0
1519,34,44.92,14,253,0,23.1,13,0.31,512,0,0,1,0,0,0,1,0,0,0,0,0,0,1,0
1520,56,193.02,12,172,0,50.95,36,0.24,194,0,1,0,0,1,0,0,0,0,0,0,0,0,0,0
1521,53,93.19,11,312,0,83.0,87,0.17,1316,0,0,0,0,0,0,0,0,0,0,1,0,0,0,1
1522,57,76.95,12,277,0,84.1,26,0.11,827,0,0,1,0,0,0,0,0,0,1,0,0,0,1,0
1523,62,150.06,10,289,0,98.8,74,0.29,914,0,0,0,0,0,0,0,1,0,0,0,0,0,0,0
1524,21,64.38,8,305,0,34.0,38,0.19,1780,0,0,1,0,1,0,0,0,0,0,0,0,0,1,0
1525,55,83.67,13,309,0,5.9,23,0.2,1672,0,0,0,1,0,0,0,0,0,0,0,0,0,1,0
1526,42,30.6,9,185,0,47.6,8,0.41,387,1,0,0,0,0,0,0,1,0,0,0,0,0,1,0
1527,22,98.56,8,355,0,48.0,14,0.45,738,0,0,1,0,0,0,0,1,0,0,0,0,0,1,0
1528,47,317.57,12,223,0,3.7,24,0.04,1747,0,0,0,0,0,0,0,0,0,0,0,0,0,0,0
1529,29,92.15,15,61,0,57.5,82,0.25,1406,0,0,1,0,0,0,1,0,0,0,0,0,0,0,0
1530,21,119.84,11,83,0,26.1,40,0.43,518,0,0,1,0,0,0,0,0,0,0,0,0,0,1,0
1531,41,129.33,13,26,0,11.9,25,0.22,1235,0,0,0,0,0,0,0,0,1,0,0,0,0,1,0
1532,46,26.05,6,319,0,60.5,84,0.07,1133,0,0,0,0,0,0,0,0,1,0,0,0,0,0,0
1533,26,81.86,9,130,0,28.2,25,0.61,1321,0,1,0,0,0,0,0,0,0,1,0,0,0,1,0
1534,21,20.54,17,126,0,56.2,17,0.23,1386,0,0,1,0,0,0,0,0,0,0,0,0,1,0,0
1535,68,61.6,12,10,0,1.5,4,0.15,338,0,0,0,1,0,0,0,0,0,0,0,1,0,1,0
1536,41,66.53,5,279,0,36.6,85,0.25,609,1,0,0,0,0,0,0,0,0,1,0,0,0,0,0
1537,31,100.77,5,284,0,86.5,84,0.08,47,0,0,1,0,0,0,0,0,0,1,0,0,0,1,0
1538,22,21.62,7,196,0,65.0,81,0.45,174,0,0,0,0,0,0,0,0,0,0,1,0,0,1,0
1539,35,252.38,13,224,0,86.8,99,0.15,1781,0,1,0,0,0,0,0,0,0,0,0,1,0,1,0
1540,59,127.74,15,263,0,74.0,41,0.33,100,0,0,1,0,0,0,0,0,0,0,0,0,1,1,0
1541,74,15.72,12,274,0,72.0,60,0.46,1289,0,0,0,1,0,0,0,1,0,0,0,0,0,1,0
1542,36,33.54,7,67,0,87.0,87,0.27,704,0,0,0,0,0,0,0,0,0,0,0,1,0,0,0
1543,29,70.82,9,232,0,2.0,85,0.18,1021,0,0,0,1,0,0,0,0,0,0,1,0,0,1,0
1544,35,154.57,13,98,0,42.0,43,0.2,1662,0,0,0,1,0,1,0,0,0,0,0,0,0,1,0
1545,34,75.03,10,221,0,96.0,54,0.31,172,1,0,0,0,0,0,0,0,0,1,0,0,0,0,0
1546,47,166.29,9,123,0,17.7,52,0.34,1240,1,0,0,0,0,0,0,0,0,0,0,0,0,0,0
1547,41,206.09,10,303,0,65.4,21,0.23,1461,0,0,1,0,0,0,0,0,0,1,0,0,0,0,1
1548,28,70.98,10,101,0,79.0,24,0.36,481,1,0,0,0,0,0,1,0,0,0,0,0,0,0,0
1549,52,35.51,7,319,0,93.4,37,0.59,1065,0,0,1,0,0,0,0,0,0,0,1,0,0,0,0
1550,40,32.99,6,263,0,87.2,82,0.07,897,0,0,1,0,0,0,0,0,0,1,0,0,0,0,0
1551,34,54.1,11,364,0,67.7,44,0.15,1800,0,0,0,0,0,0,0,0,0,1,0,0,0,0,1
1552,18,189.48,7,229,0,71.1,83,0.13,278,0,0,0,0,0,0,0,0,0,0,0,1,0,0,0
1553,32,67.57,14,122,0,34.3,5,0.43,935,0,1,0,0,0,0,0,0,0,0,0,1,0,1,0
1554,49,89.67,10,226,0,22.4,61,0.12,491,1,0,0,0,0,0,0,0,0,0,0,0,0,1,0
1555,77,235.59,11,227,0,95.9,44,0.29,1088,0,1,0,0,1,0,0,0,0,0,0,0,0,1,0
1556,26,122.06,12,152,0,97.6,91,0.33,882,0,0,0,1,0,0,1,0,0,0,0,0,0,0,0
1557,32,28.53,9,308,0,42.5,6,0.16,639,0,0,1,0,0,0,0,0,0,0,0,0,0,0,0
1558,45,138.49,16,304,0,41.1,78,0.67,972,0,0,1,0,0,1,0,0,0,0,0,0,0,0,0
1559,41,39.31,10,327,0,45.2,3,0.04,900,0,0,0,0,0,0,1,0,0,0,0,0,0,1,0
1560,77,93.19,16,148,0,46.1,65,0.33,1135,0,0,0,1,0,0,0,0,0,0,0,1,0,0,0
1561,78,78.29,5,306,0,84.2,31,0.15,561,0,0,1,0,0,0,0,0,0,1,0,0,0,0,0
1562,52,111.84,9,8,0,43.1,55,0.16,21,0,0,1,0,0,0,0,1,0,0,0,0,0,1,0
1563,39,76.76,10,319,0,88.2,45,0.02,1213,0,0,0,1,0,0,0,0,0,1,0,0,0,0,0
1564,44,180.06,5,223,0,69.5,74,0.18,52,0,0,0,1,0,0,0,0,0,0,0,0,1,1,0
1565,36,65.12,15,22,0,96.5,55,0.08,737,0,0,1,0,0,0,0,0,0,0,0,0,0,0,0
1566,62,98.6,8,191,0,67.5,60,0.23,649,0,0,0,1,0,0,1,0,0,0,0,0,0,0,0
1567,29,91.99,10,226,0,50.95,31,0.57,529,1,0,0,0,0,0,0,1,0,0,0,0,0,0,0
1568,37,59.63,12,53,0,91.8,81,0.19,1218,0,0,0,1,0,0,0,0,0,0,0,0,1,0,0
1569,18,70.72,8,91,0,23.0,39,0.27,1811,0,1,0,0,0,1,0,0,0,0,0,0,0,0,0
1570,38,128.49,6,14,0,96.5,48,0.46,971,0,1,0,0,0,0,0,0,0,1,0,0,0,0,0
1571,66,302.3,13,307,0,4.3,80,0.1,1076,0,0,1,0,1,0,0,0,0,0,0,0,0,1,0
1572,62,93.19,7,178,0,64.1,27,0.3,510,0,0,1,0,0,0,0,0,0,0,1,0,0,0,0
1573,18,118.71,13,3,0,1.8,16,0.25,1684,0,0,0,0,0,0,0,0,0,0,0,0,1,1,0
1574,27,14.31,8,100,0,20.4,52,0.35,818,0,0,0,1,0,0,0,0,0,1,0,0,0,1,0
1575,64,111.08,5,129,0,46.4,4,0.41,602,0,1,0,0,0,0,0,0,0,1,0,0,0,0,0
1576,76,93.19,11,6,0,15.8,42,0.28,311,0,0,0,0,0,0,1,0,0,0,0,0,0,0,0
1577,76,240.3,6,183,0,98.9,91,0.03,1172,0,0,1,0,0,0,1,0,0,0,0,0,0,1,0
1578,49,67.91,10,330,0,77.3,54,0.06,576,1,0,0,0,1,0,0,0,0,0,0,0,0,1,0
1579,79,311.27,23,331,0,85.1,9,0.41,1710,0,0,0,1,0,0,0,0,0,0,0,0,1,1,0
1580,56,180.36,8,34,1,50.95,25,0.18,1366,0,0,0,0,0,0,0,0,0,0,0,1,0,1,0
1581,77,77.88,10,231,0,67.5,88,0.2,216,1,0,0,0,0,0,1,0,0,0,0,0,0,1,0
1582,39,63.72,11,153,0,26.7,58,0.3,1725,0,0,1,0,0,0,0,0,0,0,1,0,0,0,0
1583,35,57.2,9,63,0,75.7,92,0.08,1414,0,1,0,0,0,0,0,0,0,1,0,0,0,1,0
1584,65,52.77,10,246,0,58.4,18,0.59,1082,0,0,0,0,0,0,0,0,0,1,0,0,0,0,0
1585,63,134.05,9,55,0,26.7,44,0.5,1174,0,0,0,0,0,1,0,0,0,0,0,0,0,1,0
1586,49,58.28,7,228,0,36.7,90,0.37,1538,0,0,1,0,0,1,0,0,0,0,0,0,0,0,1
1587,44,24.74,13,310,0,60.8,74,0.14,1075,0,0,1,0,1,0,0,0,0,0,0,0,0,1,0
1588,45,56.84,10,252,0,39.5,49,0.46,789,0,1,0,0,0,0,0,0,0,0,0,0,1,1,0
1589,35,65.04,19,292,0,23.5,44,0.18,1054,0,1,0,0,0,0,0,0,1,0,0,0,0,1,0
1590,76,201.18,11,51,0,43.0,98,0.11,1478,0,1,0,0,0,0,0,1,0,0,0,0,0,0,0
1591,56,99.78,10,14,0,23.4,75,0.5,1022,1,0,0,0,0,0,1,0,0,0,0,0,0,0,0
1592,66,32.02,4,341,0,87.5,78,0.49,106,1,0,0,0,0,0,0,0,0,0,0,0,1,1,0
1593,46,39.03,10,339,0,69.4,38,0.24,778,0,0,1,0,0,0,0,0,0,1,0,0,0,1,0
1594,35,81.61,8,362,0,37.7,65,0.37,765,0,0,0,0,0,0,0,0,0,0,0,0,0,1,0
1595,61,407.34,11,179,0,94.5,81,0.41,435,1,0,0,0,0,1,0,0,0,0,0,0,0,0,0
1596,25,54.1,6,76,0,38.9,81,0.16,1015,0,0,1,0,0,0,0,1,0,0,0,0,0,0,0
1597,71,22.79,6,214,0,57.4,10,0.28,693,1,0,0,0,0,0,1,0,0,0,0,0,0,1,0
1598,48,44.95,8,222,0,51.2,63,0.11,1289,0,1,0,0,0,0,0,0,0,0,0,1,0,1,0
1599,79,33.49,11,153,0,12.2,94,0.25,1371,0,0,1,0,0,0,0,0,0,0,0,1,0,1,0
1600,51,24.89,12,44,0,42.4,46,0.17,1385,0,1,0,0,0,1,0,0,0,0,0,0,0,1,0
1601,24,89.84,11,351,0,7.8,97,0.76,468,0,0,0,1,0,0,0,0,0,0,0,0,1,0,0
1602,53,53.64,7,20,0,17.1,2,0.33,665,0,0,0,0,0,0,1,0,0,0,0,0,0,1,0
1603,35,22.69,14,80,0,78.8,20,0.51,1729,0,1,0,0,0,0,0,1,0,0,0,0,0,1,0
1604,77,67.94,10,52,0,30.3,96,0.23,1773,0,0,0,0,0,0,0,0,0,1,0,0,0,1,0
1605,55,138.31,10,156,0,8.9,3,0.27,644,0,0,1,0,0,0,0,0,0,0,0,0,1,0,1
1606,76,93.19,11,146,0,71.9,36,0.12,1255,0,0,0,1,0,1,0,0,0,0,0,0,0,0,0
1607,26,157.52,13,181,0,80.2,5,0.08,568,0,0,0,0,1,0,0,0,0,0,0,0,0,1,0
1608,76,141.21,10,77,0,57.8,20,0.07,616,1,0,0,0,0,0,0,0,1,0,0,0,0,1,0
1609,26,44.12,12,118,0,91.6,3,0.39,76,0,0,1,0,0,0,0,0,0,0,0,0,1,1,0
1610,63,152.27,14,358,0,84.9,3,0.47,1114,0,0,0,1,0,0,0,0,0,0,1,0,0,0,0
1611,25,112.74,14,342,0,55.3,70,0.3,262,1,0,0,0,0,0,1,0,0,0,0,0,0,1,0
1612,68,75.26,16,104,0,73.7,88,0.33,1529,1,0,0,0,0,0,0,0,0,0,0,1,0,0,0
1613,52,75.81,4,1,0,32.9,47,0.23,1652,0,0,0,1,0,0,0,0,0,0,1,0,0,0,0
1614,35,213.76,6,114,0,63.6,37,0.16,1038,0,1,0,0,0,0,0,0,0,0,0,0,1,0,0
1615,22,149.38,13,31,0,97.7,8,0.54,1771,0,0,0,1,0,0,0,0,0,0,0,0,1,1,0
1616,31,62.17,13,357,0,80.0,80,0.0,1337,0,0,0,1,0,0,0,0,0,0,1,0,0,0,0
1617,45,59.32,13,61,0,37.5,1,0.14,316,0,0,0,1,1,0,0,0,0,0,0,0,0,0,0
1618,47,26.67,10,96,0,93.2,78,0.29,702,0,0,0,0,0,0,0,0,0,0,1,0,0,1,0
1619,21,96.14,7,134,0,82.5,45,0.24,1297,0,1,0,0,0,0,0,0,0,1,0,0,0,1,0
1620,56,100.23,11,97,0,3.7,74,0.51,691,0,0,1,0,0,0,0,1,0,0,0,0,0,1,0
1621,37,202.34,11,214,0,74.6,10,0.11,378,1,0,0,0,0,0,0,0,0,0,1,0,0,1,0
1622,42,107.84,13,83,0,97.6,86,0.47,1817,0,0,0,0,0,0,0,0,0,0,1,0,0,1,0
1623,45,66.91,8,156,0,31.8,95,0.4,890,0,1,0,0,0,0,1,0,0,0,0,0,0,0,0
1624,29,52.13,17,106,0,27.5,68,0.52,1800,0,0,0,1,0,0,0,1,0,0,0,0,0,1,0
1625,19,119.69,12,356,0,64.0,43,0.24,648,0,0,0,0,0,0,0,0,1,0,0,0,0,0,1
1626,60,214.83,14,130,0,11.0,87,0.15,239,0,0,0,0,0,0,0,0,0,0,1,0,0,1,0
1627,31,31.33,12,21,0,67.5,41,0.24,382,1,0,0,0,0,0,0,0,0,0,1,0,0,0,1
1628,39,115.31,8,83,1,22.7,12,0.25,1775,0,0,1,0,0,0,0,0,0,1,0,0,0,1,0
1629,48,93.19,13,88,0,45.2,8,0.64,951,0,1,0,0,0,0,0,0,0,0,0,1,0,0,0
1630,40,27.47,13,225,0,89.2,45,0.41,733,0,1,0,0,0,0,0,0,0,1,0,0,0,1,0
1631,65,106.1,9,105,0,79.7,88,0.08,1528,0,1,0,0,0,0,0,0,0,0,1,0,0,1,0
1632,37,53.23,7,348,0,10.8,1,0.13,1140,0,0,0,1,0,0,1,0,0,0,0,0,0,0,0
1633,78,27.34,17,358,0,76.1,26,0.18,1375,0,0,0,1,0,0,0,0,0,1,0,0,0,1,0
1634,55,71.2,8,100,0,41.2,86,0.06,88,0,0,0,0,0,0,1,0,0,0,0,0,0,0,0
1635,72,17.39,11,295,0,99.4,89,0.29,187,0,0,1,0,0,0,0,1,0,0,0,0,0,0,0
1636,21,124.67,10,147,0,30.0,31,0.34,111,1,0,0,0,0,0,1,0,0,0,0,0,0,0,0
1637,32,32.27,8,229,0,47.1,56,0.43,0,1,0,0,0,1,0,0,0,0,0,0,0,0,0,0
1638,41,204.8,11,86,0,34.1,98,0.21,1610,0,0,1,0,0,0,0,0,0,0,0,0,0,0,0
1639,42,55.91,20,10,0,58.6,37,0.08,1468,0,1,0,0,0,0,0,1,0,0,0,0,0,1,0
1640,18,69.18,5,135,0,26.6,75,0.12,378,0,0,1,0,0,0,0,0,0,0,0,0,0,0,0
1641,24,48.71,12,92,0,91.3,4,0.68,1051,1,0,0,0,0,0,0,0,0,0,1,0,0,0,0
1642,74,45.46,11,291,0,61.7,72,0.3,1440,0,0,0,1,0,0,0,0,0,0,1,0,0,1,0
1643,48,108.38,7,152,0,94.3,44,0.22,1740,0,0,1,0,1,0,0,0,0,0,0,0,0,1,0
1644,29,152.66,11,353,0,68.1,99,0.33,1393,0,0,0,0,0,0,0,0,0,0,0,0,1,0,0
1645,59,176.36,9,95,0,18.6,89,0.04,71,0,0,0,1,0,0,0,0,0,0,0,0,0,1,0
1646,22,93.19,10,61,0,1.5,95,0.71,138,0,0,0,0,0,0,0,0,0,1,0,0,0,1,0
1647,61,194.48,12,360,0,40.8,49,0.4,1655,0,0,0,0,1,0,0,0,0,0,0,0,0,1,0
1648,67,38.99,8,86,0,99.4,87,0.28,1719,0,0,1,0,0,0,0,1,0,0,0,0,0,0,0
1649,59,124.7,5,210,0,87.7,40,0.2,1031,0,0,0,0,0,0,0,0,1,0,0,0,0,1,0
1650,55,85.43,9,82,0,84.7,68,0.42,918,0,1,0,0,0,0,0,0,0,1,0,0,0,0,0
1651,77,279.23,10,226,0,56.9,71,0.34,1808,0,0,1,0,0,0,1,0,0,0,0,0,0,0,0
1652,29,157.03,13,11,0,9.5,10,0.38,697,1,0,0,0,0,0,0,0,0,0,1,0,0,1,0
1653,56,93.54,11,358,0,1.5,70,0.32,585,0,1,0,0,0,0,0,1,0,0,0,0,0,0,0
1654,35,39.98,14,152,0,83.9,95,0.36,1445,0,0,0,1,1,0,0,0,0,0,0,0,0,0,1
1655,19,47.22,12,4,0,17.7,4,0.05,538,0,0,1,0,0,0,0,0,0,0,0,0,0,0,0
1656,27,73.41,14,75,0,7.7,21,0.24,899,1,0,0,0,0,0,0,0,0,0,0,0,0,0,0
1657,32,101.23,12,3,0,71.0,42,0.41,1664,1,0,0,0,0,1,0,0,0,0,0,0,0,1,0
1658,47,93.99,13,82,0,0.1,84,0.13,1260,0,0,1,0,0,0,0,0,0,0,1,0,0,0,0
1659,61,41.59,11,361,0,74.1,81,0.43,1229,0,1,0,0,0,0,0,0,0,1,0,0,0,1,0
1660,75,38.4,15,34,0,19.2,6,0.1,494,1,0,0,0,0,0,1,0,0,0,0,0,0,1,0
1661,34,96.28,8,241,0,32.1,11,0.74,1716,0,0,1,0,0,0,1,0,0,0,0,0,0,1,0
1662,21,87.02,11,143,0,17.2,82,0.26,1356,0,0,1,0,0,0,0,0,0,0,1,0,0,1,0
1663,24,125.46,10,79,0,77.7,73,0.64,462,0,0,0,0,0,1,0,0,0,0,0,0,0,0,0
1664,79,62.79,8,74,0,50.95,12,0.32,1179,0,0,1,0,0,1,0,0,0,0,0,0,0,1,0
1665,58,44.92,8,298,0,16.6,31,0.24,1586,1,0,0,0,0,0,0,0,0,1,0,0,0,0,0
1666,48,72.23,10,283,0,3.9,31,0.44,1755,0,0,0,0,0,1,0,0,0,0,0,0,0,0,0
1667,68,80.57,9,214,0,98.7,43,0.29,748,1,0,0,0,1,0,0,0,0,0,0,0,0,0,0
1668,77,11.48,9,245,0,71.4,58,0.15,1587,0,1,0,0,0,1,0,0,0,0,0,0,0,1,0
1669,76,120.79,7,237,0,68.0,50,0.27,303,0,1,0,0,0,0,0,0,0,0,0,0,0,0,0
1670,72,32.0,10,336,0,50.3,98,0.15,884,1,0,0,0,0,0,0,0,0,0,0,1,0,1,0
1671,56,238.9,11,18,0,43.5,80,0.14,1091,0,0,0,1,0,0,0,0,0,0,0,0,1,1,0
1672,72,244.94,11,73,0,79.6,41,0.41,1537,0,0,0,1,0,0,0,0,0,0,0,0,0,0,1
1673,51,25.37,7,54,0,50.95,76,0.7,718,0,0,0,1,0,0,0,0,0,0,0,0,0,1,0
1674,23,72.27,7,82,0,6.1,77,0.14,357,1,0,0,0,0,0,0,0,1,0,0,0,0,1,0
1675,67,60.01,5,163,0,85.9,36,0.61,1108,0,0,1,0,0,0,0,0,1,0,0,0,0,0,0
1676,55,57.09,9,317,0,76.2,77,0.38,956,0,0,0,0,0,0,0,0,0,0,1,0,0,1,0
1677,62,115.19,9,362,0,48.6,44,0.23,1302,0,0,1,0,0,0,0,0,1,0,0,0,0,0,0
1678,75,40.3,11,166,0,50.95,66,0.35,70,1,0,0,0,0,0,0,0,0,0,1,0,0,1,0
1679,68,58.97,8,115,0,83.5,15,0.15,1139,0,0,1,0,0,0,0,0,0,0,0,0,0,1,0
1680,79,42.42,9,296,0,79.4,77,0.31,358,0,1,0,0,0,0,0,0,0,0,0,0,1,1,0
1681,51,151.72,14,187,0,13.9,34,0.34,1131,0,0,0,0,0,0,0,0,0,1,0,0,0,1,0
1682,61,269.46,9,254,0,54.9,90,0.11,1749,1,0,0,0,0,0,0,0,0,1,0,0,0,1,0
1683,32,63.86,10,341,0,96.9,70,0.25,152,0,0,0,0,0,0,0,0,0,0,0,1,0,0,0
1684,31,123.13,5,321,0,73.5,85,0.04,64,0,0,0,1,0,0,0,1,0,0,0,0,0,0,0
1685,23,208.57,7,352,0,97.3,44,0.22,932,0,0,0,1,0,0,0,0,0,1,0,0,0,0,1
1686,67,64.12,13,18,0,77.6,33,0.3,1503,0,1,0,0,0,0,0,1,0,0,0,0,0,1,0
1687,54,109.57,10,310,0,52.5,79,0.01,1016,1,0,0,0,0,1,0,0,0,0,0,0,0,0,0
1688,67,96.68,8,301,0,60.5,99,0.18,54,0,0,0,1,0,0,1,0,0,0,0,0,0,0,0
1689,49,126.78,15,3,0,70.9,92,0.15,730,0,0,0,0,0,0,0,0,0,0,0,0,0,0,1
1690,20,93.19,10,189,0,72.9,6,0.14,1665,0,0,0,0,0,0,0,0,0,0,0,0,1,1,0
1691,20,144.18,12,280,0,74.8,40,0.51,1563,0,1,0,0,0,0,0,0,0,0,1,0,0,0,0
1692,39,38.93,6,62,0,50.95,6,0.19,1014,0,0,0,1,0,0,0,1,0,0,0,0,0,0,0
1693,39,119.0,11,268,0,30.9,75,0.25,996,0,0,1,0,0,0,0,0,0,0,0,1,0,1,0
1694,27,55.24,14,253,0,82.9,14,0.14,1471,0,0,0,1,0,0,0,0,0,1,0,0,0,0,0
1695,68,66.13,12,114,1,57.0,85,0.45,852,0,1,0,0,1,0,0,0,0,0,0,0,0,1,0
1696,20,177.36,9,341,0,88.5,84,0.24,1260,0,0,0,1,0,0,0,0,0,1,0,0,0,0,0
1697,78,51.5,8,259,0,63.1,5,0.23,1384,1,0,0,0,0,0,0,0,1,0,0,0,0,0,1
1698,29,86.9,6,1,0,93.5,45,0.38,1008,0,1,0,0,0,0,0,0,0,0,0,0,0,0,0
1699,46,139.14,15,66,0,42.4,59,0.07,1370,0,0,1,0,0,0,0,0,1,0,0,0,0,1,0
1700,65,63.8,9,285,1,50.95,73,0.76,1692,0,0,0,0,0,0,0,0,0,1,0,0,0,1,0
1701,34,131.94,8,131,0,64.5,94,0.27,474,0,0,0,1,1,0,0,0,0,0,0,0,0,0,1
1702,24,94.65,7,47,0,77.5,43,0.46,966,0,0,0,0,0,0,0,0,1,0,0,0,0,0,0
1703,30,122.8,12,42,0,69.1,53,0.29,105,0,1,0,0,0,0,0,0,0,0,0,0,1,1,0
1704,73,146.11,9,92,0,72.5,27,0.39,292,0,0,0,0,0,0,0,0,1,0,0,0,0,0,0
1705,19,129.84,10,140,0,2.9,69,0.1,1230,1,0,0,0,1,0,0,0,0,0,0,0,0,0,0
1706,21,239.44,10,46,0,96.5,69,0.45,947,0,1,0,0,0,0,0,0,1,0,0,0,0,1,0
1707,27,99.02,8,230,0,26.4,48,0.17,447,0,1,0,0,0,0,0,1,0,0,0,0,0,1,0
1708,56,52.4,12,223,0,41.4,79,0.23,948,0,0,0,1,0,1,0,0,0,0,0,0,0,1,0
1709,41,150.4,8,283,0,41.8,73,0.16,1805,0,1,0,0,0,0,0,0,0,0,1,0,0,0,0
1710,34,93.19,9,36,0,90.7,25,0.41,1156,1,0,0,0,0,0,0,0,0,1,0,0,0,0,0
1711,69,102.7,12,27,0,74.4,8,0.36,703,0,0,0,1,0,0,0,1,0,0,0,0,0,0,0
1712,23,108.8,11,157,0,62.0,78,0.28,114,1,0,0,0,0,0,0,0,0,0,1,0,0,0,0
1713,36,99.35,13,221,0,12.0,32,0.09,1203,0,0,1,0,0,1,0,0,0,0,0,0,0,0,0
1714,22,93.17,14,8,0,32.3,95,0.38,894,0,0,0,1,0,0,0,1,0,0,0,0,0,0,0
1715,49,43.64,11,69,0,49.2,61,0.17,1765,0,1,0,0,0,0,0,0,0,0,0,1,0,1,0
1716,27,149.02,12,341,0,11.5,87,0.34,1318,0,1,0,0,0,0,0,1,0,0,0,0,0,0,0
1717,26,38.67,9,65,0,57.1,1,0.06,1749,0,1,0,0,0,0,0,0,0,0,0,0,1,1,0
1718,44,42.94,14,94,0,21.4,31,0.23,1294,0,0,1,0,1,0,0,0,0,0,0,0,0,0,0
1719,30,105.37,10,180,0,82.4,71,0.13,782,1,0,0,0,0,0,0,0,0,1,0,0,0,0,0
1720,36,129.76,6,69,0,82.9,15,0.69,1468,0,1,0,0,0,0,0,0,0,0,0,0,0,1,0
1721,38,33.7,8,233,0,59.9,70,0.22,919,0,0,0,0,0,0,0,0,0,0,1,0,0,0,1
1722,41,94.31,12,260,0,36.0,16,0.59,1535,0,1,0,0,0,0,0,0,1,0,0,0,0,1,0
1723,55,93.19,13,19,0,4.5,78,0.54,1521,0,0,0,1,0,0,0,0,0,1,0,0,0,0,0
1724,21,130.26,10,357,0,62.9,81,0.14,427,0,0,0,1,0,0,0,0,0,0,0,0,0,1,0
1725,41,74.97,5,357,1,78.5,74,0.46,159,0,0,0,0,0,1,0,0,0,0,0,0,0,0,1
1726,76,158.47,11,185,0,79.0,93,0.36,1800,0,0,1,0,0,0,0,1,0,0,0,0,0,1,0
1727,52,145.8,9,304,0,48.4,72,0.54,940,0,0,0,1,0,0,0,0,0,0,0,0,0,1,0
1728,20,151.42,8,63,0,14.0,57,0.27,1165,0,0,1,0,0,0,0,0,0,0,0,1,0,1,0
1729,21,113.97,9,177,0,6.5,11,0.25,1416,0,0,1,0,0,0,0,0,0,1,0,0,0,1,0
1730,74,57.88,9,234,0,5.6,18,0.43,555,0,0,0,0,0,0,0,0,0,1,0,0,0,1,0
1731,54,137.68,7,352,0,24.9,45,0.37,1694,0,0,0,1,0,0,0,0,0,1,0,0,0,0,0
1732,57,54.63,12,249,0,14.1,20,0.3,1625,0,1,0,0,1,0,0,0,0,0,0,0,0,1,0
1733,65,72.99,10,294,0,16.9,80,0.29,60,0,0,1,0,0,1,0,0,0,0,0,0,0,1,0
1734,71,135.57,15,39,0,69.9,91,0.33,428,0,0,1,0,1,0,0,0,0,0,0,0,0,1,0
1735,52,257.71,11,286,0,18.0,87,0.23,483,0,0,0,1,0,0,0,0,0,1,0,0,0,0,0
1736,48,156.37,11,258,0,69.2,14,0.16,1263,0,0,0,1,0,0,0,0,0,0,0,1,0,0,0
1737,73,117.08,9,239,0,35.2,76,0.21,102,0,0,0,0,0,0,0,0,1,0,0,0,0,0,0
1738,61,59.46,11,71,0,77.5,27,0.22,1402,1,0,0,0,0,0,0,0,0,0,0,1,0,0,0
1739,42,57.96,12,29,0,15.9,77,0.3,1712,1,0,0,0,0,0,0,0,0,0,1,0,0,1,0
1740,57,124.67,19,350,0,2.3,80,0.49,63,1,0,0,0,0,1,0,0,0,0,0,0,0,1,0
1741,30,99.49,9,28,0,8.9,97,0.08,549,0,0,1,0,0,0,0,1,0,0,0,0,0,1,0
1742,21,31.16,11,311,0,96.6,88,0.61,824,0,0,0,0,0,0,0,0,0,1,0,0,0,0,0
1743,63,93.19,12,86,0,53.8,76,0.31,964,1,0,0,0,0,0,0,0,0,0,0,0,0,0,1
1744,31,174.17,9,107,0,60.7,9,0.1,281,0,0,0,1,0,0,0,0,1,0,0,0,0,0,0
1745,30,105.22,5,318,0,96.7,13,0.13,23,0,0,1,0,0,0,0,1,0,0,0,0,0,1,0
1746,44,57.57,11,29,1,77.6,45,0.08,1128,0,0,1,0,0,0,1,0,0,0,0,0,0,1,0
1747,23,137.83,4,308,0,11.3,8,0.49,1361,0,0,0,1,0,0,0,0,0,0,0,1,0,1,0
1748,34,200.9,18,45,0,42.2,56,0.29,1457,0,0,0,0,0,0,0,0,1,0,0,0,0,0,0
1749,53,150.62,12,358,0,82.1,82,0.29,829,0,0,0,0,0,0,1,0,0,0,0,0,0,1,0
1750,57,117.43,9,136,0,66.5,91,0.42,256,1,0,0,0,1,0,0,0,0,0,0,0,0,0,1
1751,66,56.51,10,262,0,21.6,97,0.18,976,0,0,0,1,0,0,1,0,0,0,0,0,0,1,0
1752,52,72.28,15,62,0,80.6,7,0.14,432,0,1,0,0,0,0,0,1,0,0,0,0,0,0,1
1753,34,82.51,9,43,0,55.9,77,0.49,1704,0,0,0,0,0,1,0,0,0,0,0,0,0,0,0
1754,58,44.56,11,250,0,78.8,15,0.07,509,1,0,0,0,0,0,0,0,0,0,0,1,0,0,0
1755,19,93.24,6,334,0,62.6,98,0.6,204,0,0,1,0,0,0,0,0,1,0,0,0,0,0,0
1756,74,143.43,11,206,0,46.3,56,0.03,219,0,0,0,0,0,0,1,0,0,0,0,0,0,0,0
1757,30,190.93,11,58,0,72.9,84,0.01,1476,0,1,0,0,0,0,0,0,0,0,0,1,0,0,0
1758,69,18.35,9,205,0,86.6,56,0.19,464,0,0,1,0,0,0,0,0,1,0,0,0,0,0,0
1759,19,68.52,11,330,0,46.6,37,0.09,621,0,0,1,0,0,0,0,0,1,0,0,0,0,0,0
1760,69,126.86,7,83,0,3.0,64,0.36,1410,0,0,0,1,0,0,0,1,0,0,0,0,0,0,1
1761,45,96.4,7,12,0,59.3,17,0.3,1527,0,0,0,1,0,0,0,0,0,0,0,1,0,0,0
1762,60,167.1,10,236,0,9.0,93,0.05,1383,0,0,0,0,0,0,0,1,0,0,0,0,0,0,0
1763,76,110.66,7,157,0,32.5,21,0.05,1219,0,1,0,0,0,0,1,0,0,0,0,0,0,0,0
1764,43,171.71,6,103,0,55.0,78,0.3,55,0,0,0,1,0,0,0,0,0,0,1,0,0,1,0
1765,39,124.72,11,358,0,34.5,93,0.24,1707,1,0,0,0,0,1,0,0,0,0,0,0,0,1,0
1766,64,93.19,15,339,0,28.1,86,0.4,882,0,0,1,0,0,0,0,0,0,0,1,0,0,0,0
1767,60,77.86,5,364,0,2.0,52,0.48,1248,1,0,0,0,0,0,0,0,0,0,0,0,1,0,0
1768,72,59.63,7,42,0,26.9,33,0.16,121,0,0,1,0,0,0,0,0,0,1,0,0,0,0,0
1769,20,31.91,6,178,0,38.5,77,0.24,185,1,0,0,0,0,0,0,0,0,0,1,0,0,1,0
1770,52,225.1,6,357,0,29.0,95,0.21,1254,0,0,1,0,1,0,0,0,0,0,0,0,0,0,0
1771,77,45.14,10,263,1,62.8,12,0.15,62,0,0,0,1,0,1,0,0,0,0,0,0,0,0,0
1772,75,73.02,15,242,0,66.6,96,0.35,65,1,0,0,0,0,0,0,0,0,1,0,0,0,1,0
1773,29,93.19,12,36,0,78.0,46,0.53,696,0,0,0,0,0,0,1,0,0,0,0,0,0,0,0
1774,41,405.36,12,361,0,18.6,70,0.14,1064,0,0,0,0,0,0,0,1,0,0,0,0,0,0,0
1775,22,200.72,8,352,0,61.9,75,0.47,478,0,1,0,0,1,0,0,0,0,0,0,0,0,1,0
1776,37,128.1,12,345,1,43.0,87,0.15,519,0,1,0,0,0,0,0,0,0,1,0,0,0,0,0
1777,56,93.19,14,363,0,32.3,71,0.54,1445,0,1,0,0,0,0,0,0,0,1,0,0,0,0,0
1778,56,93.19,11,249,0,48.3,57,0.2,986,1,0,0,0,0,0,0,0,1,0,0,0,0,1,0
1779,30,262.54,14,119,0,48.1,20,0.41,587,0,0,1,0,0,0,0,0,0,0,0,0,1,1,0
1780,58,99.85,8,191,0,63.9,68,0.22,732,0,1,0,0,0,0,0,1,0,0,0,0,0,0,1
1781,74,165.64,10,294,0,55.9,85,0.08,1772,0,0,0,1,0,0,1,0,0,0,0,0,0,1,0
1782,70,76.08,9,61,0,63.1,44,0.49,1328,0,0,0,0,0,0,0,0,0,0,0,1,0,1,0
1783,62,160.29,11,209,0,98.0,30,0.18,1344,0,0,0,0,0,0,0,0,0,0,1,0,0,1,0
1784,29,38.85,14,294,0,81.0,25,0.05,1257,0,0,0,1,0,1,0,0,0,0,0,0,0,0,0
1785,30,100.09,6,51,0,50.95,31,0.35,1425,0,0,0,0,0,0,0,0,0,0,0,0,1,0,0
1786,73,67.45,8,209,0,50.95,2,0.37,1044,1,0,0,0,0,0,0,0,1,0,0,0,0,0,0
1787,27,95.2,12,312,0,22.9,84,0.22,944,0,0,0,1,0,0,0,0,1,0,0,0,0,1,0
1788,50,184.47,16,278,0,51.9,54,0.2,1550,1,0,0,0,0,0,0,0,0,1,0,0,0,0,0
1789,74,77.49,17,201,0,71.2,14,0.45,1322,0,0,0,0,0,0,0,0,0,0,0,0,0,1,0
1790,57,345.0,14,138,0,50.95,23,0.2,1774,0,0,0,1,0,0,0,0,0,0,1,0,0,1,0
1791,71,327.06,10,339,0,13.7,69,0.59,1011,0,0,0,1,0,0,0,0,0,0,0,0,1,0,0
1792,33,250.17,11,18,0,50.95,52,0.37,67,0,0,0,1,0,0,0,0,0,1,0,0,0,1,0
1793,62,109.9,11,320,0,37.9,83,0.19,830,0,0,0,0,0,0,0,0,0,0,0,0,1,0,0
1794,52,358.69,8,94,0,76.7,50,0.18,1342,0,0,0,0,1,0,0,0,0,0,0,0,0,0,1
1795,20,148.87,8,129,0,45.0,71,0.44,828,0,0,0,0,0,0,0,1,0,0,0,0,0,1,0
1796,73,21.75,12,104,0,50.95,85,0.29,1329,0,1,0,0,0,1,0,0,0,0,0,0,0,0,0
1797,22,93.19,15,196,0,59.0,33,0.27,221,0,1,0,0,0,0,0,0,0,0,1,0,0,0,0
1798,43,116.21,19,259,1,50.95,84,0.34,1625,0,0,1,0,0,0,0,0,1,0,0,0,0,0,1
1799,28,35.74,8,38,0,17.4,9,0.69,1142,0,0,0,1,0,0,0,0,0,0,0,0,0,1,0
1800,79,254.75,12,304,0,91.5,95,0.13,1001,0,0,0,0,0,0,1,0,0,0,0,0,0,0,0
1801,24,40.52,9,130,0,45.9,8,0.05,1645,0,0,0,1,0,0,0,0,0,0,0,1,0,1,0
1802,70,69.24,12,153,0,41.9,75,0.31,591,1,0,0,0,0,0,0,1,0,0,0,0,0,0,0
1803,73,93.19,12,40,1,75.1,7,0.35,1503,1,0,0,0,0,0,0,0,0,0,1,0,0,1,0
1804,27,72.64,8,320,0,4.5,21,0.3,286,0,0,0,0,1,0,0,0,0,0,0,0,0,0,0
1805,59,174.39,14,121,0,84.1,92,0.08,17,0,1,0,0,0,0,0,0,0,0,1,0,0,1,0
1806,69,114.01,10,243,0,67.0,53,0.29,1700,0,0,1,0,0,0,1,0,0,0,0,0,0,1,0
1807,51,166.59,7,244,0,14.5,15,0.13,857,0,1,0,0,0,1,0,0,0,0,0,0,0,0,0
1808,20,74.42,12,143,0,6.5,72,0.6,257,0,0,0,1,0,1,0,0,0,0,0,0,0,0,0
1809,25,72.93,7,185,0,0.3,52,0.21,775,0,1,0,0,0,0,0,0,0,0,0,0,1,0,0
1810,48,65.82,6,34,0,29.4,76,0.36,75,0,0,0,0,0,0,0,0,0,1,0,0,0,0,0
1811,28,51.58,11,210,0,32.5,69,0.47,1477,0,1,0,0,0,1,0,0,0,0,0,0,0,1,0
1812,62,43.42,8,32,0,17.7,72,0.08,293,1,0,0,0,0,0,0,0,0,0,0,0,0,0,0
1813,24,55.28,8,158,0,28.7,37,0.13,902,0,0,0,0,0,0,0,0,0,0,0,1,0,0,0
1814,62,33.17,6,316,0,56.2,78,0.5,371,0,0,0,0,1,0,0,0,0,0,0,0,0,1,0
1815,19,149.42,11,363,0,11.3,4,0.12,1284,0,0,0,0,0,0,1,0,0,0,0,0,0,0,0
1816,23,222.47,7,191,0,20.1,91,0.03,828,0,1,0,0,0,0,0,0,1,0,0,0,0,0,0
1817,58,26.65,12,162,0,56.2,79,0.52,1749,1,0,0,0,0,1,0,0,0,0,0,0,0,0,0
1818,49,107.61,5,251,0,70.4,84,0.27,846,0,1,0,0,0,0,0,0,1,0,0,0,0,0,0
1819,37,146.12,8,38,1,93.1,61,0.41,1823,0,0,0,1,0,1,0,0,0,0,0,0,0,0,0
1820,74,120.62,10,130,0,51.1,22,0.18,492,0,0,1,0,0,0,0,0,0,0,0,0,0,1,0
1821,51,19.09,6,95,0,11.3,49,0.13,1687,0,0,1,0,0,0,0,0,1,0,0,0,0,1,0
1822,67,148.42,15,140,0,59.2,36,0.21,373,0,0,1,0,0,0,0,0,0,1,0,0,0,0,0
1823,33,194.72,12,269,1,99.5,94,0.51,203,0,0,0,1,1,0,0,0,0,0,0,0,0,1,0
1824,42,114.7,17,168,0,88.3,97,0.2,318,0,0,0,1,0,0,0,0,0,0,0,1,0,1,0
1825,29,52.61,14,274,0,78.0,63,0.31,202,0,0,0,1,0,0,0,0,0,0,0,0,0,1,0
1826,24,56.8,9,364,0,73.5,92,0.13,741,1,0,0,0,0,0,0,0,0,1,0,0,0,0,0
1827,56,27.64,14,98,0,75.6,38,0.21,264,0,0,0,0,0,0,0,0,0,0,0,1,0,1,0
1828,34,93.19,14,60,0,9.1,40,0.08,1772,0,0,0,1,0,0,0,0,0,1,0,0,0,0,0
1829,62,160.15,14,322,0,50.95,64,0.24,399,0,0,1,0,0,0,0,0,0,1,0,0,0,0,0
1830,28,103.09,6,216,0,69.0,68,0.21,1428,0,0,1,0,0,0,0,0,0,1,0,0,0,1,0
1831,23,103.82,10,76,0,7.3,56,0.52,1088,0,1,0,0,0,0,0,0,0,0,0,0,1,0,0
1832,78,35.57,12,207,0,91.5,14,0.25,1441,0,0,0,0,0,0,0,0,0,0,0,1,0,0,0
1833,40,59.91,11,347,0,12.8,2,0.56,1228,0,0,0,1,0,0,0,0,0,1,0,0,0,0,0
1834,44,93.19,10,44,0,8.8,63,0.13,133,0,0,0,0,0,0,0,1,0,0,0,0,0,0,0
1835,63,61.54,5,346,0,12.3,19,0.67,1818,0,0,0,1,0,0,0,1,0,0,0,0,0,1,0
1836,23,114.44,10,201,0,50.95,78,0.17,1711,0,0,1,0,0,1,0,0,0,0,0,0,0,0,0
1837,55,94.15,7,209,0,50.95,71,0.26,416,0,0,0,0,1,0,0,0,0,0,0,0,0,1,0
1838,19,72.24,14,327,0,9.5,9,0.33,1001,0,0,0,0,0,0,0,0,1,0,0,0,0,0,1
1839,39,354.7,12,134,0,78.6,33,0.38,607,0,0,0,1,0,1,0,0,0,0,0,0,0,0,0
1840,37,102.21,13,21,0,20.0,88,0.19,1381,0,0,0,1,0,0,0,0,0,0,0,0,1,0,0
1841,42,107.76,8,357,0,50.95,61,0.29,612,0,0,0,0,0,0,0,1,0,0,0,0,0,1,0
1842,32,93.19,9,59,0,49.1,85,0.37,415,0,0,0,1,0,0,0,0,0,0,0,1,0,1,0
1843,77,74.62,9,297,0,90.6,44,0.53,1210,0,0,0,0,1,0,0,0,0,0,0,0,0,1,0
1844,66,50.36,14,58,0,89.3,65,0.16,1325,0,1,0,0,1,0,0,0,0,0,0,0,0,0,0
1845,46,170.36,12,230,0,23.8,85,0.26,1382,0,0,0,0,0,0,0,0,1,0,0,0,0,1,0
1846,25,99.75,15,284,0,53.8,57,0.49,1759,1,0,0,0,0,0,0,0,0,0,0,1,0,0,0
1847,54,12.5,10,182,0,98.5,24,0.31,1693,0,0,0,0,0,0,1,0,0,0,0,0,0,1,0
1848,66,93.19,14,100,0,33.2,44,0.2,128,0,1,0,0,0,0,0,0,1,0,0,0,0,0,1
1849,69,32.2,10,113,0,50.95,68,0.44,354,0,1,0,0,1,0,0,0,0,0,0,0,0,1,0
1850,50,57.06,12,41,0,71.8,6,0.6,292,0,0,1,0,0,0,0,0,0,0,0,0,1,0,1
1851,39,21.14,11,28,0,50.3,67,0.17,760,0,0,1,0,0,0,0,0,0,0,0,0,0,0,1
1852,67,72.71,14,276,0,94.0,34,0.4,317,1,0,0,0,0,0,0,0,0,0,0,0,0,0,0
1853,64,307.41,5,96,0,57.5,25,0.35,501,0,0,0,1,0,0,0,1,0,0,0,0,0,0,0
1854,22,68.57,8,190,1,51.1,27,0.3,483,0,0,0,1,1,0,0,0,0,0,0,0,0,1,0
1855,56,197.58,10,318,0,91.5,18,0.39,490,0,1,0,0,0,0,0,0,0,0,0,0,1,0,0
1856,35,93.19,10,37,0,38.0,5,0.37,760,0,1,0,0,0,0,0,0,1,0,0,0,0,1,0
1857,55,55.37,10,206,0,59.7,88,0.08,432,0,0,1,0,0,0,0,0,0,0,0,0,1,1,0
1858,71,74.78,15,193,0,84.6,96,0.35,1003,0,1,0,0,0,0,0,0,0,0,1,0,0,0,0
1859,70,76.37,10,139,0,59.8,85,0.59,620,0,0,0,0,0,0,0,0,1,0,0,0,0,0,0
1860,54,31.55,6,288,0,29.8,44,0.45,612,0,0,0,0,0,0,0,0,0,1,0,0,0,0,0
1861,47,131.85,10,256,0,55.8,98,0.5,536,1,0,0,0,0,0,0,0,1,0,0,0,0,1,0
1862,68,93.19,10,224,0,43.2,93,0.3,365,0,0,0,0,0,0,0,1,0,0,0,0,0,1,0
1863,48,93.19,13,27,0,98.5,5,0.42,1120,1,0,0,0,0,0,0,0,0,0,0,0,0,1,0
1864,27,146.37,7,189,0,5.1,61,0.38,160,0,0,1,0,0,0,0,0,1,0,0,0,0,1,0
1865,32,88.56,16,244,0,76.8,92,0.05,555,0,0,0,0,0,0,0,0,0,1,0,0,0,1,0
1866,59,47.09,7,333,0,2.4,6,0.34,1573,1,0,0,0,0,0,0,0,0,0,1,0,0,1,0
1867,76,36.6,16,314,0,60.4,75,0.55,868,0,0,0,1,0,0,0,0,0,0,0,0,1,1,0
1868,65,37.72,12,48,0,43.1,39,0.07,991,1,0,0,0,0,0,0,0,0,0,0,1,0,0,0
1869,61,166.36,10,300,0,91.0,8,0.52,1104,0,0,0,0,0,0,0,0,0,0,0,0,0,1,0
1870,35,331.76,13,203,0,53.9,99,0.14,25,1,0,0,0,0,0,0,0,0,0,0,0,1,0,0
1871,40,27.87,6,114,0,82.7,75,0.1,323,0,0,1,0,0,0,0,0,0,0,1,0,0,1,0
1872,50,79.77,15,19,0,67.2,84,0.57,1357,0,1,0,0,0,0,0,0,0,0,0,1,0,0,0
1873,33,52.74,8,84,0,44.7,43,0.7,1472,0,0,0,1,1,0,0,0,0,0,0,0,0,0,0
1874,71,93.19,11,252,0,33.8,86,0.1,1225,0,0,1,0,0,1,0,0,0,0,0,0,0,1,0
1875,55,149.71,9,51,0,11.7,41,0.5,1820,0,0,0,1,0,0,0,1,0,0,0,0,0,0,0
1876,52,23.65,11,147,0,1.4,76,0.55,1512,0,0,0,1,0,0,0,0,0,0,0,0,1,1,0
1877,51,88.03,4,185,0,0.1,69,0.26,1250,1,0,0,0,0,0,1,0,0,0,0,0,0,0,0
1878,45,85.48,14,172,0,50.95,98,0.83,1418,0,1,0,0,0,0,0,0,0,0,0,1,0,1,0
1879,19,53.85,11,352,0,56.1,98,0.27,1410,1,0,0,0,1,0,0,0,0,0,0,0,0,0,1
1880,47,144.62,14,113,0,97.5,30,0.36,705,1,0,0,0,0,0,1,0,0,0,0,0,0,1,0
1881,30,111.56,14,1,0,70.5,59,0.31,792,0,0,0,0,0,1,0,0,0,0,0,0,0,1,0
1882,58,32.6,13,33,0,7.1,23,0.32,469,1,0,0,0,0,1,0,0,0,0,0,0,0,0,0
1883,33,93.19,11,281,0,64.5,57,0.25,1654,0,1,0,0,0,0,0,0,0,0,0,0,0,1,0
1884,76,196.87,9,160,0,48.5,25,0.31,1338,0,0,1,0,0,0,1,0,0,0,0,0,0,0,0
1885,22,49.17,10,169,0,63.6,48,0.82,22,1,0,0,0,0,0,0,0,0,0,0,0,0,0,0
1886,72,215.25,16,93,0,62.3,70,0.13,601,0,1,0,0,0,0,0,0,0,0,0,0,0,0,0
1887,45,61.86,9,247,0,14.4,42,0.01,1118,1,0,0,0,0,0,0,0,0,0,0,0,0,1,0
1888,70,17.12,15,320,0,91.9,29,0.15,947,0,0,0,1,0,0,0,0,0,0,0,0,0,0,0
1889,56,110.81,3,7,0,55.5,85,0.35,78,1,0,0,0,1,0,0,0,0,0,0,0,0,0,0
1890,62,91.5,10,320,0,70.1,71,0.33,1024,0,0,0,0,0,0,0,1,0,0,0,0,0,1,0
1891,37,17.07,11,109,0,38.7,45,0.54,458,0,0,0,1,0,0,0,0,1,0,0,0,0,1,0
1892,41,208.79,8,31,0,12.2,41,0.05,299,0,1,0,0,1,0,0,0,0,0,0,0,0,1,0
1893,78,187.57,8,50,0,50.95,73,0.43,387,1,0,0,0,0,0,0,0,0,0,1,0,0,0,1
1894,44,86.95,6,167,0,94.2,63,0.25,1553,0,0,0,1,0,0,0,0,0,0,0,0,0,1,0
1895,47,93.19,7,65,0,58.1,47,0.03,1104,0,0,0,1,0,0,0,0,0,0,0,1,0,0,0
1896,75,27.37,11,30,0,19.9,1,0.31,556,0,0,1,0,0,0,0,0,0,0,0,1,0,1,0
1897,62,28.68,16,323,0,62.3,95,0.13,1782,0,0,0,1,0,0,1,0,0,0,0,0,0,1,0
1898,44,46.28,7,11,0,42.9,20,0.62,1038,0,1,0,0,0,0,1,0,0,0,0,0,0,0,0
1899,43,42.28,11,286,0,39.9,92,0.39,678,1,0,0,0,0,0,0,0,0,0,1,0,0,0,1
1900,24,58.99,14,22,0,91.4,19,0.13,446,0,0,0,1,1,0,0,0,0,0,0,0,0,0,0
1901,59,56.06,6,160,0,73.7,65,0.16,1023,0,1,0,0,0,0,0,0,0,0,0,1,0,0,0
1902,64,50.26,9,263,0,50.9,93,0.11,1712,0,0,1,0,0,0,0,0,0,1,0,0,0,0,0
1903,70,113.3,18,189,0,41.8,74,0.42,347,1,0,0,0,0,0,0,0,0,1,0,0,0,1,0
1904,76,82.87,6,240,0,24.3,36,0.32,1540,0,0,0,0,0,0,0,0,1,0,0,0,0,1,0
1905,55,93.19,7,79,0,34.3,23,0.12,1106,0,0,0,1,0,0,0,0,0,1,0,0,0,0,0
1906,22,73.69,12,270,0,54.1,82,0.56,622,0,0,0,1,0,0,0,0,0,0,0,0,1,0,1
1907,40,202.76,10,103,0,4.8,29,0.59,1607,0,0,1,0,0,0,0,0,0,0,0,0,0,0,0
1908,45,161.67,8,77,0,35.8,92,0.41,1014,0,1,0,0,0,0,0,0,0,0,1,0,0,1,0
1909,51,138.4,8,11,0,49.4,44,0.35,1804,0,0,1,0,0,0,1,0,0,0,0,0,0,1,0
1910,70,67.28,11,282,0,60.8,7,0.31,1140,0,1,0,0,0,0,0,0,0,0,0,0,1,1,0
1911,32,65.65,8,110,0,74.3,31,0.05,1260,1,0,0,0,0,0,0,1,0,0,0,0,0,0,1
1912,49,154.54,11,259,0,1.4,38,0.24,158,0,0,0,1,0,0,0,0,0,0,0,0,0,0,0
1913,43,78.41,13,309,0,29.5,66,0.1,789,0,0,0,0,0,0,0,0,0,0,0,1,0,0,0
1914,65,226.08,8,350,0,26.1,79,0.37,1624,0,0,1,0,0,0,0,0,0,0,0,0,0,1,0
1915,48,73.56,9,195,1,52.1,22,0.15,322,0,0,0,0,0,0,1,0,0,0,0,0,0,0,0
1916,36,79.75,4,339,0,46.6,75,0.18,676,0,0,0,0,0,1,0,0,0,0,0,0,0,0,0
1917,26,110.21,12,183,0,8.0,54,0.21,349,0,0,0,1,0,1,0,0,0,0,0,0,0,1,0
1918,46,111.5,7,145,0,76.1,54,0.24,109,0,0,0,1,0,0,0,0,0,0,0,0,1,0,0
1919,71,68.68,17,174,0,68.7,83,0.45,1113,0,0,0,0,1,0,0,0,0,0,0,0,0,1,0
1920,78,116.38,8,199,0,82.1,6,0.59,1721,1,0,0,0,0,0,0,0,0,0,0,1,0,1,0
1921,75,114.17,8,187,0,50.95,73,0.28,1574,0,0,0,0,0,0,1,0,0,0,0,0,0,0,0
1922,68,139.44,6,105,0,50.6,62,0.19,1656,0,1,0,0,0,0,1,0,0,0,0,0,0,0,0
1923,56,81.35,3,72,0,60.4,29,0.19,396,0,1,0,0,0,0,1,0,0,0,0,0,0,1,0
1924,21,54.94,10,271,0,4.9,43,0.11,1486,0,1,0,0,0,0,0,0,0,1,0,0,0,0,0
1925,79,12.87,8,213,0,95.9,67,0.53,1646,0,1,0,0,0,0,1,0,0,0,0,0,0,1,0
1926,20,289.68,5,185,0,79.4,62,0.28,123,0,0,1,0,0,1,0,0,0,0,0,0,0,0,0
1927,73,138.86,7,139,1,24.4,13,0.34,1356,1,0,0,0,0,0,0,1,0,0,0,0,0,0,0
1928,46,123.62,9,166,0,62.9,64,0.27,1118,0,0,1,0,0,0,0,0,0,0,1,0,0,0,0
1929,69,98.01,9,142,0,14.3,47,0.58,81,0,0,1,0,0,0,0,0,0,0,0,0,0,0,0
1930,28,114.39,9,71,1,87.3,60,0.32,1428,0,1,0,0,0,0,0,0,0,0,1,0,0,1,0
1931,50,200.83,13,343,0,9.8,15,0.23,989,1,0,0,0,0,1,0,0,0,0,0,0,0,1,0
1932,55,100.13,6,146,0,90.4,5,0.5,1048,1,0,0,0,0,1,0,0,0,0,0,0,0,0,0
1933,75,97.75,8,100,0,82.8,69,0.04,1126,0,0,0,0,0,0,0,1,0,0,0,0,0,1,0
1934,28,162.77,10,337,0,47.8,2,0.5,1789,0,0,1,0,0,0,0,0,1,0,0,0,0,0,0
1935,44,45.31,7,84,0,65.3,38,0.3,1594,1,0,0,0,0,0,0,0,0,0,0,0,1,1,0
1936,50,32.89,6,304,0,24.6,94,0.28,29,0,0,0,1,0,0,0,0,0,1,0,0,0,1,0
1937,38,78.44,9,294,0,38.4,54,0.42,770,0,0,1,0,1,0,0,0,0,0,0,0,0,1,0
1938,56,49.34,8,333,0,21.7,92,0.23,543,1,0,0,0,0,0,1,0,0,0,0,0,0,0,1
1939,48,140.5,9,142,0,52.8,39,0.31,77,0,0,0,1,0,0,1,0,0,0,0,0,0,1,0
1940,55,116.73,9,310,0,31.9,96,0.3,1094,0,0,0,1,0,0,0,1,0,0,0,0,0,0,0
1941,63,205.15,9,194,0,35.2,20,0.33,651,0,0,0,1,0,0,0,0,1,0,0,0,0,1,0
1942,19,115.7,13,183,0,44.3,20,0.31,488,0,1,0,0,0,0,1,0,0,0,0,0,0,1,0
1943,44,167.84,7,300,0,87.3,29,0.48,332,0,0,0,0,0,0,0,0,0,1,0,0,0,0,0
1944,53,190.56,7,66,0,54.9,35,0.33,1490,0,0,0,0,0,0,0,0,0,0,0,0,1,0,0
1945,28,55.01,9,221,0,80.7,32,0.25,945,1,0,0,0,0,0,0,0,0,1,0,0,0,0,0
1946,64,61.13,10,261,0,84.9,17,0.25,1064,1,0,0,0,0,0,0,0,1,0,0,0,0,0,0
1947,35,43.9,7,325,0,24.5,51,0.25,1650,0,0,0,0,0,1,0,0,0,0,0,0,0,1,0
1948,76,71.17,8,21,0,77.8,8,0.21,392,0,0,0,1,0,0,0,0,0,1,0,0,0,1,0
1949,18,85.36,10,340,0,64.9,21,0.25,1412,1,0,0,0,0,0,0,0,0,0,1,0,0,0,1
1950,52,164.34,12,165,0,50.7,23,0.46,1227,0,1,0,0,0,0,0,0,0,1,0,0,0,1,0
1951,52,105.85,9,101,0,8.9,51,0.18,462,0,1,0,0,0,1,0,0,0,0,0,0,0,0,0
1952,48,40.89,9,313,0,57.2,91,0.45,744,0,0,0,0,0,0,1,0,0,0,0,0,0,0,0
1953,45,276.57,8,109,0,15.5,6,0.08,236,1,0,0,0,0,0,0,0,0,0,0,0,0,1,0
1954,56,410.59,12,341,0,81.6,52,0.37,1489,1,0,0,0,0,0,0,0,0,0,0,0,0,0,0
1955,18,15.74,7,315,0,93.5,8,0.54,1537,0,0,0,1,0,0,0,0,0,0,0,0,0,1,0
1956,42,123.59,14,178,0,47.8,99,0.39,1799,1,0,0,0,0,0,1,0,0,0,0,0,0,1,0
1957,60,51.71,16,166,0,44.1,69,0.42,189,0,0,0,0,0,0,0,1,0,0,0,0,0,1,0
1958,55,59.87,6,133,0,48.9,33,0.1,916,1,0,0,0,0,0,0,0,0,0,0,0,1,0,0
1959,37,127.22,7,29,0,6.7,62,0.32,390,1,0,0,0,0,0,0,0,0,0,0,0,1,1,0
1960,20,257.82,13,362,0,23.7,65,0.63,963,0,1,0,0,0,0,1,0,0,0,0,0,0,0,0
1961,68,86.01,12,85,0,94.1,63,0.17,1259,0,0,0,0,0,0,0,0,0,1,0,0,0,0,1
1962,19,125.37,11,8,0,34.5,88,0.31,1600,0,0,1,0,1,0,0,0,0,0,0,0,0,0,0
1963,35,65.34,15,135,0,59.1,32,0.2,134,0,0,0,0,0,0,0,0,0,0,0,0,1,0,0
1964,79,82.84,10,289,0,64.9,55,0.22,1668,0,0,0,0,0,0,0,0,0,0,1,0,0,0,0
1965,61,153.96,15,135,0,87.7,33,0.17,664,0,0,1,0,0,0,0,0,0,0,1,0,0,1,0
1966,78,122.69,9,139,0,23.8,38,0.42,704,0,0,1,0,0,0,0,0,0,0,0,1,0,0,0
1967,27,93.19,10,42,0,89.0,2,0.3,99,0,1,0,0,0,0,0,0,0,0,1,0,0,0,0
1968,22,68.92,12,104,0,39.2,81,0.33,1178,0,0,0,1,0,0,0,0,0,0,0,0,1,0,1
1969,26,71.66,9,311,0,92.2,10,0.12,1729,0,0,0,0,1,0,0,0,0,0,0,0,0,0,1
1970,19,123.11,7,30,0,41.1,66,0.27,263,0,0,0,0,0,1,0,0,0,0,0,0,0,0,0
1971,51,66.27,7,169,0,10.4,76,0.34,174,0,0,0,0,0,0,0,0,0,0,0,0,0,0,0
1972,77,139.65,6,160,0,5.2,94,0.32,1752,0,0,0,0,0,0,0,0,0,1,0,0,0,0,0
1973,55,24.44,10,274,0,96.7,15,0.13,1350,0,1,0,0,0,1,0,0,0,0,0,0,0,0,0
1974,78,196.95,6,252,0,12.1,87,0.14,1429,0,0,0,0,1,0,0,0,0,0,0,0,0,0,0
1975,48,122.16,6,218,0,54.1,82,0.29,422,0,0,1,0,0,0,0,1,0,0,0,0,0,1,0
1976,27,138.04,9,112,0,52.7,61,0.17,952,0,0,1,0,0,0,0,0,0,0,0,0,0,0,1
1977,67,60.8,10,219,0,40.1,31,0.23,102,1,0,0,0,0,0,0,0,0,0,0,1,0,1,0
1978,29,150.41,8,182,0,41.8,38,0.21,1085,0,1,0,0,0,0,0,1,0,0,0,0,0,0,0
1979,53,80.25,8,259,0,47.6,29,0.3,1819,1,0,0,0,0,0,0,0,0,0,0,0,1,0,0
1980,71,85.34,8,11,0,10.0,78,0.6,701,0,0,0,0,1,0,0,0,0,0,0,0,0,0,1
1981,38,46.98,11,339,0,79.1,43,0.15,561,0,1,0,0,0,0,0,0,0,0,0,0,0,1,0
1982,66,43.76,15,359,0,37.7,23,0.53,768,0,1,0,0,0,0,0,0,0,0,0,1,0,0,0
1983,64,47.61,14,245,0,24.5,25,0.2,528,0,0,0,1,0,0,0,0,0,1,0,0,0,0,0
1984,23,82.35,9,249,0,31.8,28,0.14,1412,0,0,0,1,0,0,0,0,0,1,0,0,0,1,0
1985,65,49.53,6,57,0,61.2,99,0.2,1790,1,0,0,0,0,0,1,0,0,0,0,0,0,0,0
1986,66,87.14,15,303,0,77.5,94,0.13,815,1,0,0,0,0,0,0,0,0,0,0,0,1,0,0
1987,20,77.31,9,0,0,15.3,91,0.18,1556,0,0,1,0,0,0,0,0,0,0,1,0,0,0,0
1988,27,205.57,7,360,0,59.3,72,0.19,1621,0,0,1,0,1,0,0,0,0,0,0,0,0,1,0
1989,22,73.38,12,202,0,42.2,83,0.35,540,0,0,1,0,0,0,0,0,0,0,0,1,0,0,0
1990,63,71.18,9,43,0,86.2,1,0.29,828,0,1,0,0,0,0,0,0,0,0,0,1,0,0,0
1991,43,91.3,12,318,0,94.9,20,0.21,29,0,0,0,0,0,0,0,0,0,0,1,0,0,1,0
1992,78,78.75,11,94,0,67.9,94,0.26,432,1,0,0,0,0,0,0,0,0,0,1,0,0,1,0
1993,38,81.21,6,293,0,59.0,29,0.02,1786,0,0,1,0,0,0,0,1,0,0,0,0,0,0,1
1994,62,93.19,8,8,0,50.95,8,0.12,1094,0,1,0,0,0,0,0,0,0,0,0,0,0,0,0
1995,43,95.05,13,261,0,49.6,62,0.26,1017,0,0,0,1,0,0,0,1,0,0,0,0,0,0,0
1996,55,63.35,8,325,0,5.5,14,0.38,1330,0,0,0,0,0,0,0,0,1,0,0,0,0,1,0
1997,61,108.19,11,252,0,70.1,38,0.36,263,0,0,0,1,0,0,0,0,1,0,0,0,0,1,0
1998,43,124.64,7,307,0,58.0,3,0.58,868,0,0,0,1,0,0,0,0,0,0,0,0,1,1,0
1999,25,40.82,8,322,0,15.1,3,0.24,1174,0,0,0,0,0,0,1,0,0,0,0,0,0,1,0
2000,22,56.22,10,95,0,21.3,55,0.15,445,0,1,0,0,1,0,0,0,0,0,0,0,0,0,0
2001,79,29.74,9,354,0,23.1,78,0.19,1712,0,0,0,1,0,0,0,0,0,0,0,1,0,0,0
2002,32,43.68,14,129,0,73.2,21,0.09,1401,0,1,0,0,0,0,0,0,0,0,0,0,0,0,0
2003,76,167.89,8,35,0,51.8,35,0.28,956,0,0,0,1,0,0,0,0,0,1,0,0,0,1,0
2004,33,271.65,10,104,0,4.8,44,0.14,1730,0,0,1,0,0,0,0,0,0,1,0,0,0,0,0
2005,18,64.95,12,198,0,83.8,44,0.48,227,0,0,0,0,0,1,0,0,0,0,0,0,0,1,0
2006,33,47.45,8,290,0,64.5,43,0.47,1067,1,0,0,0,0,0,0,0,0,0,1,0,0,1,0
2007,54,93.19,9,29,0,73.3,41,0.2,784,0,0,0,0,0,0,0,0,0,0,0,0,1,0,1
2008,20,101.71,10,92,0,93.7,27,0.41,1683,0,0,0,1,0,1,0,0,0,0,0,0,0,0,0
2009,69,192.34,14,235,0,26.0,92,0.37,715,0,0,0,1,0,1,0,0,0,0,0,0,0,0,0
2010,64,60.72,11,360,0,59.0,28,0.18,527,0,0,1,0,0,0,1,0,0,0,0,0,0,1,0
2011,48,81.59,12,194,0,76.0,5,0.13,586,0,0,1,0,1,0,0,0,0,0,0,0,0,0,1
2012,30,41.23,13,255,0,51.3,43,0.12,1691,0,0,0,0,0,0,0,0,0,0,0,1,0,0,0
2013,73,88.61,7,355,0,48.6,63,0.23,1230,1,0,0,0,0,0,0,0,0,0,0,0,0,0,0
2014,33,66.15,9,358,0,92.9,39,0.2,193,0,0,0,0,0,0,0,0,0,1,0,0,0,1,0
2015,72,139.18,8,30,0,24.4,10,0.12,977,1,0,0,0,0,0,0,0,0,1,0,0,0,0,1
2016,60,97.01,10,24,0,65.3,63,0.2,1236,0,1,0,0,0,0,0,0,0,1,0,0,0,0,0
2017,38,93.19,9,302,0,97.0,9,0.34,1180,0,0,0,1,0,0,0,0,1,0,0,0,0,0,0
2018,19,40.9,14,0,0,22.0,84,0.23,396,0,1,0,0,1,0,0,0,0,0,0,0,0,1,0
2019,71,323.35,7,357,0,46.2,93,0.08,679,0,0,0,0,0,0,0,0,0,0,0,0,1,1,0
2020,44,132.59,8,117,1,97.5,29,0.28,721,1,0,0,0,0,0,0,0,0,1,0,0,0,1,0
2021,55,58.63,10,164,0,3.6,28,0.51,1131,1,0,0,0,0,0,1,0,0,0,0,0,0,1,0
2022,43,53.15,10,112,0,63.0,11,0.18,790,0,1,0,0,0,0,0,0,0,1,0,0,0,0,0
2023,75,226.54,9,194,0,40.5,85,0.28,961,0,0,1,0,0,0,0,0,0,0,0,0,1,1,0
2024,79,168.81,11,139,0,77.1,99,0.27,700,0,0,1,0,0,0,0,0,1,0,0,0,0,1,0
2025,76,177.28,9,19,0,32.3,87,0.13,979,0,1,0,0,0,0,1,0,0,0,0,0,0,1,0
2026,55,101.85,11,285,0,37.3,93,0.13,1728,0,0,1,0,0,1,0,0,0,0,0,0,0,1,0
2027,63,166.76,13,230,0,51.6,15,0.35,1120,1,0,0,0,0,0,0,0,0,0,0,0,1,1,0
2028,42,117.31,7,78,0,34.6,81,0.29,1320,0,0,0,0,0,1,0,0,0,0,0,0,0,0,0
2029,28,119.79,9,127,0,26.0,24,0.18,1409,0,0,1,0,0,0,0,0,0,0,1,0,0,0,0
2030,25,33.04,6,84,0,35.5,35,0.64,50,1,0,0,0,0,0,0,1,0,0,0,0,0,1,0
2031,25,38.1,17,63,0,90.8,61,0.35,838,0,0,0,0,0,0,0,0,0,1,0,0,0,1,0
2032,50,45.18,12,273,0,34.3,20,0.18,218,1,0,0,0,0,0,0,0,0,0,0,0,1,1,0
2033,70,42.53,7,287,0,89.9,58,0.29,1643,0,0,0,1,0,0,0,1,0,0,0,0,0,1,0
2034,24,17.73,9,252,0,20.5,63,0.37,737,0,0,0,0,0,0,0,0,0,0,0,0,0,0,0
2035,55,46.25,5,93,0,67.2,75,0.41,694,0,0,0,1,0,0,1,0,0,0,0,0,0,0,0
2036,38,104.21,10,288,0,74.5,94,0.12,722,0,0,1,0,1,0,0,0,0,0,0,0,0,0,0
2037,25,207.04,12,149,0,11.1,60,0.35,643,0,0,1,0,0,0,0,0,0,0,1,0,0,0,0
2038,68,72.36,6,364,0,54.4,39,0.13,577,1,0,0,0,0,0,0,0,0,0,0,0,0,1,0
2039,71,93.19,7,156,0,1.3,20,0.32,1061,0,1,0,0,0,0,0,0,0,0,0,0,0,0,1
2040,38,101.09,9,215,0,92.8,86,0.2,486,1,0,0,0,0,0,0,0,0,0,1,0,0,0,0
2041,73,33.41,6,259,0,52.4,88,0.59,386,0,0,0,1,0,1,0,0,0,0,0,0,0,0,1
2042,37,25.5,12,99,0,3.7,58,0.36,1766,0,0,0,0,0,0,0,0,0,0,0,0,1,1,0
2043,25,148.56,11,121,0,68.3,64,0.06,860,0,1,0,0,0,0,0,0,0,0,0,1,0,0,1
2044,75,108.63,11,131,0,50.95,14,0.28,1172,1,0,0,0,0,0,0,0,0,1,0,0,0,0,0
2045,63,30.84,10,4,0,73.8,36,0.31,859,0,0,0,1,0,0,1,0,0,0,0,0,0,0,0
2046,48,239.18,6,232,0,13.4,13,0.11,1219,0,0,0,1,0,0,0,0,1,0,0,0,0,1,0
2047,67,95.37,14,166,0,50.95,1,0.36,1530,0,0,1,0,0,0,0,0,0,0,0,0,1,0,0
2048,74,53.81,14,56,0,73.3,91,0.25,1152,1,0,0,0,0,0,0,0,0,1,0,0,0,0,1
2049,46,63.39,11,30,0,80.1,13,0.41,298,1,0,0,0,0,0,0,0,0,0,0,0,1,0,0
2050,65,86.36,15,6,0,1.6,35,0.12,1186,0,0,0,1,0,0,0,0,0,0,0,0,0,0,0
2051,26,303.35,9,11,0,28.4,8,0.17,702,1,0,0,0,0,0,0,0,0,0,0,1,0,0,1
2052,32,131.6,12,9,0,88.5,18,0.22,511,0,0,1,0,0,0,0,0,1,0,0,0,0,1,0
2053,47,294.39,15,156,0,25.8,34,0.25,1116,0,1,0,0,0,0,0,0,0,0,0,0,1,0,0
2054,43,165.01,5,212,0,50.95,52,0.51,298,0,0,0,1,0,0,0,0,0,1,0,0,0,0,0
2055,27,137.42,17,140,0,69.7,70,0.3,229,0,0,1,0,0,0,0,0,1,0,0,0,0,0,1
2056,46,16.98,15,126,0,98.6,58,0.24,124,0,0,1,0,0,0,0,0,1,0,0,0,0,1,0
2057,71,79.93,13,197,0,50.95,27,0.05,1121,0,0,0,0,1,0,0,0,0,0,0,0,0,0,0
2058,33,30.52,17,136,0,50.95,18,0.55,528,0,1,0,0,0,0,1,0,0,0,0,0,0,0,0
2059,53,93.19,10,178,0,55.9,57,0.42,309,0,0,1,0,0,0,0,0,0,0,0,0,0,0,0
2060,37,106.99,6,87,0,23.4,9,0.07,1818,0,0,0,0,1,0,0,0,0,0,0,0,0,0,0
2061,62,72.91,14,266,0,36.9,64,0.06,539,0,0,0,0,0,0,0,0,0,1,0,0,0,0,1
2062,71,149.62,9,163,0,43.4,79,0.12,412,1,0,0,0,0,0,0,0,0,1,0,0,0,0,1
2063,54,61.5,15,248,0,1.9,23,0.1,1268,0,0,1,0,0,1,0,0,0,0,0,0,0,1,0
2064,39,56.59,8,0,0,0.8,59,0.21,978,0,0,0,1,0,0,0,0,0,0,0,0,1,1,0
2065,24,168.61,17,276,0,22.4,67,0.15,1615,1,0,0,0,0,0,0,0,0,0,0,0,1,1,0
2066,40,99.97,8,171,0,51.2,73,0.04,59,0,1,0,0,0,1,0,0,0,0,0,0,0,1,0
2067,58,68.64,9,355,0,95.6,22,0.31,1281,0,0,0,1,0,0,0,1,0,0,0,0,0,0,0
2068,57,160.84,15,261,0,97.3,50,0.26,1400,0,0,0,1,0,0,0,0,0,0,1,0,0,0,1
2069,46,93.19,12,141,0,64.7,23,0.14,1722,0,0,0,0,0,0,0,0,0,0,0,0,1,0,0
2070,33,316.06,10,92,0,82.7,84,0.16,1704,0,0,1,0,0,0,0,0,0,0,1,0,0,1,0
2071,55,127.07,6,128,0,90.1,52,0.35,779,0,0,0,0,0,0,0,0,0,0,0,0,1,1,0
2072,45,198.33,13,135,0,83.9,7,0.41,463,0,0,0,0,0,0,1,0,0,0,0,0,0,0,0
2073,65,231.54,10,110,0,54.4,17,0.09,1553,0,0,1,0,0,0,0,1,0,0,0,0,0,0,0
2074,55,46.63,7,43,0,70.4,3,0.33,692,0,0,1,0,0,0,0,0,0,0,0,1,0,1,0
2075,48,264.04,10,210,0,0.4,7,0.15,755,0,0,1,0,0,0,0,1,0,0,0,0,0,0,0
2076,31,86.07,9,342,0,64.8,77,0.04,459,0,0,0,0,0,0,0,0,0,1,0,0,0,0,1
2077,70,149.3,5,358,0,42.6,41,0.24,1260,0,0,1,0,0,1,0,0,0,0,0,0,0,1,0
2078,50,215.78,7,360,0,64.5,23,0.07,1486,0,0,1,0,0,0,0,0,0,1,0,0,0,0,0
2079,74,188.51,11,330,0,69.4,37,0.03,796,0,0,0,1,0,0,0,0,0,0,0,1,0,1,0
2080,26,75.56,13,246,0,9.8,68,0.13,947,0,0,0,0,1,0,0,0,0,0,0,0,0,0,0
2081,74,125.42,14,231,0,87.5,73,0.43,1190,0,0,1,0,0,0,0,0,0,1,0,0,0,0,0
2082,44,54.49,10,291,0,17.6,70,0.27,1707,0,0,0,0,0,0,0,0,0,1,0,0,0,1,0
2083,41,46.48,7,169,0,1.0,64,0.25,121,0,1,0,0,0,0,0,0,0,1,0,0,0,0,1
2084,30,107.94,8,233,0,43.0,18,0.25,1137,1,0,0,0,0,0,0,0,1,0,0,0,0,0,0
2085,43,119.57,4,7,0,9.0,35,0.38,1732,0,0,0,1,0,0,0,0,0,0,1,0,0,0,0
2086,46,55.71,11,301,0,95.6,23,0.15,1422,0,0,0,1,0,0,0,1,0,0,0,0,0,1,0
2087,68,93.19,7,99,0,28.4,95,0.61,1159,0,0,0,0,1,0,0,0,0,0,0,0,0,1,0
2088,66,120.46,5,252,0,22.4,84,0.44,1806,0,0,1,0,0,0,0,1,0,0,0,0,0,1,0
2089,60,86.52,5,307,0,26.2,7,0.38,348,0,0,0,0,0,0,1,0,0,0,0,0,0,0,0
2090,45,38.17,6,281,0,28.3,61,0.1,154,1,0,0,0,0,0,0,0,0,0,1,0,0,0,0
2091,45,66.35,6,290,0,6.3,76,0.17,627,0,0,0,1,1,0,0,0,0,0,0,0,0,1,0
2092,25,73.18,8,187,0,54.0,49,0.37,112,0,0,0,1,0,0,1,0,0,0,0,0,0,0,0
2093,40,85.64,15,122,0,1.8,57,0.42,308,1,0,0,0,0,0,0,0,0,0,0,0,0,0,0
2094,46,101.67,13,131,0,74.7,68,0.29,527,0,0,0,0,0,0,0,0,1,0,0,0,0,0,0
2095,22,174.57,12,235,0,76.8,12,0.62,12,0,0,0,1,0,0,0,0,0,1,0,0,0,0,0
2096,59,69.58,8,220,0,40.0,15,0.29,1638,0,0,1,0,0,0,0,0,1,0,0,0,0,0,1
2097,24,54.74,11,61,0,97.1,2,0.35,1642,0,0,0,0,0,0,0,1,0,0,0,0,0,0,0
2098,59,29.76,9,319,0,78.2,47,0.18,1451,0,0,1,0,1,0,0,0,0,0,0,0,0,0,0
2099,53,231.66,7,177,0,12.3,75,0.12,1119,0,1,0,0,0,0,1,0,0,0,0,0,0,1,0
2100,58,134.35,8,219,0,50.95,56,0.08,67,1,0,0,0,0,0,0,0,0,0,0,1,0,1,0
2101,44,10.7,6,170,0,84.5,97,0.19,117,0,0,0,1,0,0,1,0,0,0,0,0,0,1,0
2102,75,108.88,18,81,0,70.4,14,0.4,1572,1,0,0,0,0,0,0,0,1,0,0,0,0,0,0
2103,63,250.01,16,13,0,65.3,27,0.29,791,1,0,0,0,0,0,0,0,0,1,0,0,0,1,0
2104,19,86.0,19,269,0,60.5,4,0.14,73,0,0,1,0,0,0,0,0,0,0,0,1,0,1,0
2105,42,127.18,11,53,0,99.0,38,0.28,961,0,0,0,1,0,0,0,1,0,0,0,0,0,0,0
2106,26,42.95,8,130,0,47.8,84,0.54,413,0,1,0,0,0,0,0,0,0,0,0,1,0,1,0
2107,70,26.36,11,97,0,16.6,2,0.4,1774,1,0,0,0,0,0,0,0,0,0,1,0,0,1,0
2108,44,93.19,12,200,0,29.4,4,0.31,346,0,0,1,0,0,0,0,0,0,0,0,0,0,1,0
2109,18,104.04,13,359,0,37.5,24,0.32,319,0,0,1,0,0,0,0,0,0,1,0,0,0,0,0
2110,40,209.51,8,260,0,31.6,9,0.32,863,0,0,0,1,0,0,0,0,1,0,0,0,0,1,0
2111,27,95.13,10,220,0,3.0,19,0.44,397,0,0,0,0,1,0,0,0,0,0,0,0,0,0,0
2112,59,103.21,10,4,0,7.4,62,0.6,85,0,0,0,0,0,1,0,0,0,0,0,0,0,0,0
2113,69,94.58,7,116,0,0.5,72,0.54,1154,0,1,0,0,0,0,0,0,0,0,0,1,0,0,0
2114,42,224.21,7,300,0,67.9,41,0.26,1616,0,0,1,0,0,0,0,0,0,0,0,0,1,0,0
2115,71,204.01,8,191,0,66.5,92,0.56,757,0,0,0,0,0,1,0,0,0,0,0,0,0,0,0
2116,78,91.04,8,115,0,6.8,77,0.43,283,1,0,0,0,0,0,0,1,0,0,0,0,0,1,0
2117,20,110.64,6,235,0,31.5,72,0.09,473,0,1,0,0,0,0,0,0,0,0,0,0,1,1,0
2118,23,58.03,7,50,0,28.3,78,0.29,1494,1,0,0,0,0,0,0,0,0,0,0,0,1,1,0
2119,78,75.14,8,12,0,45.4,50,0.26,1700,0,0,0,0,0,0,0,0,0,0,0,0,1,1,0
2120,75,42.13,10,217,0,35.9,74,0.25,709,0,0,1,0,0,0,1,0,0,0,0,0,0,1,0
2121,23,159.87,11,328,0,82.1,84,0.16,532,0,0,0,0,0,1,0,0,0,0,0,0,0,1,0
2122,70,79.99,22,67,0,88.3,65,0.45,1329,0,1,0,0,0,0,0,1,0,0,0,0,0,0,0
2123,19,231.48,7,230,0,20.6,76,0.4,1301,0,1,0,0,0,0,0,0,1,0,0,0,0,0,0
2124,75,78.73,14,324,0,12.1,99,0.17,379,1,0,0,0,0,0,0,0,0,0,0,0,0,1,0
2125,75,41.16,15,91,0,83.9,84,0.1,189,1,0,0,0,0,0,0,1,0,0,0,0,0,0,0
2126,35,78.63,13,103,0,50.1,76,0.09,978,0,1,0,0,0,0,0,0,1,0,0,0,0,1,0
2127,40,58.25,12,77,0,32.4,12,0.1,905,1,0,0,0,0,0,0,0,1,0,0,0,0,1,0
2128,19,252.8,6,101,0,5.1,39,0.45,1279,0,0,0,1,0,0,0,0,0,0,0,0,1,0,0
2129,29,154.1,10,260,0,60.6,29,0.48,829,0,1,0,0,0,0,0,0,0,1,0,0,0,1,0
2130,39,223.11,3,303,0,20.8,58,0.56,1715,1,0,0,0,0,1,0,0,0,0,0,0,0,1,0
2131,54,116.73,14,225,0,3.8,67,0.27,427,0,0,0,0,0,0,0,0,1,0,0,0,0,1,0
2132,37,327.28,10,347,0,44.5,71,0.3,1473,0,0,1,0,0,1,0,0,0,0,0,0,0,0,1
2133,56,76.28,9,174,0,59.7,87,0.07,1343,0,0,0,1,0,0,0,0,0,0,1,0,0,0,0
2134,41,46.35,13,87,0,50.95,77,0.46,880,0,0,0,1,0,0,1,0,0,0,0,0,0,1,0
2135,65,72.71,9,117,0,65.1,75,0.12,23,0,0,1,0,0,0,0,0,0,0,0,0,0,0,0
2136,37,176.1,11,279,0,18.9,25,0.42,1113,0,0,1,0,0,0,0,0,0,0,1,0,0,0,0
2137,18,93.19,13,140,0,2.1,84,0.31,747,0,0,0,0,0,0,0,0,1,0,0,0,0,0,0
2138,18,85.58,15,112,0,14.9,49,0.33,1396,0,0,1,0,0,0,0,1,0,0,0,0,0,0,0
2139,34,66.52,10,248,0,58.7,63,0.65,124,0,0,0,1,0,1,0,0,0,0,0,0,0,1,0
2140,76,45.04,12,88,0,63.5,27,0.3,1571,0,0,0,0,0,0,0,0,0,0,1,0,0,1,0
2141,18,160.45,12,364,0,86.5,70,0.36,215,0,0,1,0,0,1,0,0,0,0,0,0,0,0,0
2142,70,93.19,11,308,0,6.2,70,0.39,1776,0,0,0,0,0,0,1,0,0,0,0,0,0,0,0
2143,69,15.83,14,219,0,95.3,58,0.06,27,0,0,0,0,0,0,0,1,0,0,0,0,0,0,0
2144,62,106.43,2,50,0,52.2,9,0.32,1088,1,0,0,0,0,0,0,0,0,0,1,0,0,0,0
2145,47,120.32,7,174,0,24.6,85,0.13,881,0,0,1,0,0,1,0,0,0,0,0,0,0,0,1
2146,58,179.6,4,208,0,36.5,82,0.16,1517,1,0,0,0,0,0,0,1,0,0,0,0,0,0,1
2147,64,68.04,14,116,0,5.6,1,0.42,556,0,0,0,1,0,0,0,0,0,0,0,0,1,0,0
2148,20,140.2,4,312,0,11.0,76,0.19,1110,0,0,0,0,0,0,0,0,0,0,0,1,0,0,0
2149,63,144.09,11,312,0,88.2,65,0.38,990,0,0,0,1,0,0,0,0,0,0,0,0,1,0,1
2150,72,336.67,8,290,0,10.6,92,0.06,679,0,0,0,0,0,0,0,0,0,0,0,0,0,1,0
2151,28,74.75,10,85,0,5.6,24,0.19,1424,0,0,1,0,0,0,0,0,1,0,0,0,0,1,0
2152,41,90.25,16,134,0,59.8,19,0.43,476,0,1,0,0,0,0,0,0,0,1,0,0,0,0,0
2153,39,93.19,7,308,0,38.3,14,0.12,71,0,0,1,0,0,0,0,0,0,0,0,1,0,0,0
2154,61,227.64,11,265,0,40.6,14,0.6,538,0,0,0,0,0,0,0,0,1,0,0,0,0,0,0
2155,62,229.55,7,219,0,12.0,90,0.15,1230,0,1,0,0,0,0,0,0,0,0,1,0,0,0,0
2156,43,122.77,8,294,0,4.4,80,0.1,1156,0,1,0,0,0,0,0,0,0,0,0,0,0,1,0
2157,30,89.7,8,185,0,86.6,88,0.39,1779,0,0,1,0,0,0,1,0,0,0,0,0,0,1,0
2158,18,53.37,11,162,0,39.0,32,0.19,275,0,0,0,1,0,0,0,0,0,0,0,0,0,0,0
2159,41,93.19,12,126,0,11.0,6,0.44,1402,0,0,1,0,0,1,0,0,0,0,0,0,0,1,0
2160,27,163.36,18,314,0,50.95,94,0.35,1588,0,0,0,0,0,0,0,0,0,0,0,0,0,1,0
2161,52,225.25,8,116,1,10.3,23,0.15,1084,0,0,0,1,0,0,0,0,0,0,1,0,0,1,0
2162,41,121.89,7,136,0,47.8,19,0.19,992,0,0,0,0,0,0,1,0,0,0,0,0,0,1,0
2163,45,48.44,11,255,0,80.4,89,0.42,383,0,0,0,1,0,0,1,0,0,0,0,0,0,0,0
2164,53,141.83,10,355,0,39.3,89,0.44,240,1,0,0,0,1,0,0,0,0,0,0,0,0,1,0
2165,33,33.96,8,263,0,62.0,2,0.31,166,0,0,0,1,0,0,0,0,0,0,0,0,0,0,0
2166,57,29.8,4,221,0,67.5,74,0.32,1020,1,0,0,0,0,0,0,0,0,0,0,0,1,1,0
2167,33,141.53,12,313,0,71.2,41,0.1,941,0,0,0,0,1,0,0,0,0,0,0,0,0,0,0
2168,76,54.81,15,350,0,60.6,53,0.26,33,0,0,1,0,1,0,0,0,0,0,0,0,0,1,0
2169,34,93.19,9,149,0,55.4,27,0.22,336,0,0,0,0,0,0,0,0,0,0,1,0,0,0,0
2170,68,149.74,9,235,0,47.8,8,0.24,1612,0,0,1,0,0,0,0,0,0,0,0,1,0,0,0
2171,71,154.85,13,350,0,47.4,43,0.25,172,1,0,0,0,0,0,0,0,0,0,0,0,1,1,0
2172,32,60.87,23,167,0,33.3,33,0.1,1622,0,0,1,0,0,0,1,0,0,0,0,0,0,0,0
2173,33,235.87,9,68,0,50.5,43,0.38,92,0,0,0,0,0,0,0,0,0,0,0,0,0,0,0
2174,32,54.63,2,208,0,47.9,83,0.39,601,0,0,0,0,1,0,0,0,0,0,0,0,0,1,0
2175,74,93.19,7,51,0,31.9,30,0.29,1380,0,0,0,0,0,0,0,0,1,0,0,0,0,1,0
2176,51,228.01,16,266,0,30.1,34,0.36,1575,0,0,0,1,0,0,0,0,1,0,0,0,0,0,1
2177,28,48.5,11,149,0,44.6,78,0.58,171,0,0,0,0,1,0,0,0,0,0,0,0,0,0,0
2178,18,35.81,8,302,0,50.95,20,0.43,420,0,0,0,1,0,1,0,0,0,0,0,0,0,1,0
2179,32,115.77,10,344,0,24.8,87,0.3,498,0,1,0,0,0,0,0,0,0,0,0,0,0,1,0
2180,43,142.54,7,12,0,84.5,62,0.55,284,1,0,0,0,0,0,0,0,0,0,1,0,0,0,0
2181,68,165.57,8,99,0,72.4,79,0.28,1629,0,1,0,0,0,0,1,0,0,0,0,0,0,0,0
2182,21,23.01,10,172,0,26.2,2,0.6,1733,0,1,0,0,1,0,0,0,0,0,0,0,0,0,0
2183,60,86.45,8,236,0,1.4,88,0.24,528,0,0,0,1,0,0,0,0,0,0,0,0,1,1,0
2184,22,69.97,14,74,0,7.7,88,0.13,901,0,0,0,1,1,0,0,0,0,0,0,0,0,0,0
2185,52,38.78,14,324,0,88.3,95,0.41,12,1,0,0,0,0,0,0,1,0,0,0,0,0,1,0
2186,30,35.98,13,249,0,80.7,80,0.51,841,1,0,0,0,0,0,1,0,0,0,0,0,0,1,0
2187,27,37.46,12,77,0,38.0,68,0.48,495,1,0,0,0,0,0,0,0,0,0,0,1,0,0,0
2188,28,204.71,10,277,0,6.2,98,0.4,354,0,0,0,0,0,0,1,0,0,0,0,0,0,0,1
2189,35,69.84,7,241,0,81.1,79,0.28,440,0,0,0,0,0,0,0,0,0,0,0,0,1,1,0
2190,51,70.95,13,313,0,25.5,83,0.05,875,1,0,0,0,0,0,0,1,0,0,0,0,0,0,0
2191,56,68.87,19,215,0,95.3,19,0.2,1591,0,0,0,1,0,0,0,0,0,0,0,1,0,0,0
2192,58,93.19,12,219,0,52.3,35,0.18,3,0,1,0,0,0,0,0,0,0,1,0,0,0,0,0
2193,59,96.7,11,20,0,71.5,20,0.28,1177,1,0,0,0,0,0,0,0,0,0,0,0,1,0,0
2194,67,68.11,9,304,0,46.2,41,0.55,1321,1,0,0,0,0,0,0,0,1,0,0,0,0,0,0
2195,40,101.71,11,352,0,2.8,29,0.55,1097,0,1,0,0,0,1,0,0,0,0,0,0,0,1,0
2196,24,135.22,6,91,0,6.3,15,0.6,515,0,0,1,0,0,0,1,0,0,0,0,0,0,0,1
2197,76,93.19,8,294,0,97.6,84,0.01,1580,1,0,0,0,0,0,0,0,0,1,0,0,0,0,0
2198,56,69.68,11,99,0,41.2,32,0.32,1756,1,0,0,0,0,0,0,1,0,0,0,0,0,0,0
2199,20,93.19,15,265,0,18.3,13,0.09,349,0,0,0,0,0,0,0,0,0,1,0,0,0,0,0
2200,29,208.08,10,167,0,72.0,7,0.21,85,0,1,0,0,0,0,0,0,0,0,1,0,0,0,0
2201,24,22.53,11,57,0,88.2,54,0.04,114,1,0,0,0,0,0,0,0,0,0,0,0,0,1,0
2202,66,87.25,14,88,0,26.7,16,0.31,152,1,0,0,0,0,0,1,0,0,0,0,0,0,1,0
2203,43,70.1,11,172,0,57.1,10,0.31,1272,0,0,1,0,0,0,0,0,0,0,0,0,0,0,0
2204,50,72.38,8,144,0,24.5,56,0.28,148,0,1,0,0,0,0,0,0,1,0,0,0,0,1,0
2205,54,81.81,6,120,0,82.3,66,0.14,151,1,0,0,0,0,0,0,0,0,1,0,0,0,1,0
2206,65,122.57,8,244,0,8.7,38,0.26,1385,0,0,1,0,0,0,0,1,0,0,0,0,0,0,0
2207,32,117.68,10,323,0,37.3,53,0.17,1610,1,0,0,0,0,0,0,0,1,0,0,0,0,0,0
2208,19,143.56,10,265,0,38.0,82,0.54,204,0,0,0,1,0,0,0,0,0,0,0,0,0,1,0
2209,58,65.55,11,61,0,63.7,34,0.07,1153,0,0,1,0,0,0,0,0,0,1,0,0,0,0,0
2210,24,145.28,6,88,0,17.8,85,0.17,676,0,0,0,1,0,0,0,0,1,0,0,0,0,0,0
2211,49,116.77,17,71,0,47.5,85,0.1,762,1,0,0,0,0,0,0,0,0,0,0,0,1,0,0
2212,21,90.63,12,169,0,55.2,1,0.24,881,0,0,1,0,1,0,0,0,0,0,0,0,0,0,0
2213,37,141.29,9,172,0,89.1,79,0.13,1516,0,1,0,0,0,1,0,0,0,0,0,0,0,1,0
2214,67,227.97,8,75,0,52.7,74,0.24,289,0,0,0,0,0,0,0,0,0,0,0,1,0,1,0
2215,70,106.47,15,364,0,13.2,59,0.1,915,1,0,0,0,0,0,0,0,0,0,0,0,1,1,0
2216,53,40.67,10,157,0,10.1,99,0.16,457,0,0,1,0,0,0,0,0,1,0,0,0,0,0,0
2217,49,66.41,6,329,0,92.4,25,0.1,1589,0,0,0,1,0,0,0,1,0,0,0,0,0,0,0
2218,45,74.26,7,212,0,98.0,32,0.31,610,0,0,1,0,0,0,0,0,0,0,1,0,0,0,0
2219,30,229.43,10,8,0,16.7,31,0.28,124,0,1,0,0,1,0,0,0,0,0,0,0,0,0,0
2220,18,65.61,12,2,0,75.1,74,0.12,1415,0,0,1,0,0,0,0,0,0,0,0,1,0,0,0
2221,77,24.43,13,308,0,25.1,3,0.24,433,0,0,0,1,0,0,0,0,0,0,0,0,1,0,0
2222,73,105.42,7,169,0,83.3,86,0.4,1505,1,0,0,0,0,0,0,0,0,0,1,0,0,1,0
2223,52,34.76,6,146,0,9.7,66,0.44,188,0,0,0,1,0,0,0,0,0,0,1,0,0,1,0
2224,65,31.29,10,5,0,43.7,87,0.48,1264,0,0,0,1,0,0,0,0,0,0,1,0,0,0,0
2225,47,344.41,7,170,0,59.6,41,0.14,1716,0,0,0,1,1,0,0,0,0,0,0,0,0,1,0
2226,71,31.42,12,79,0,85.3,62,0.04,1649,0,0,0,0,0,0,0,0,0,1,0,0,0,1,0
2227,53,158.44,15,291,0,85.7,53,0.07,1129,1,0,0,0,0,0,0,0,0,0,0,0,1,0,0
2228,74,252.78,11,223,0,18.4,88,0.21,1479,0,0,0,0,0,0,0,0,0,1,0,0,0,1,0
2229,72,34.89,7,351,0,96.7,96,0.11,953,0,0,1,0,0,0,1,0,0,0,0,0,0,0,0
2230,42,185.17,12,294,0,63.9,33,0.2,226,1,0,0,0,1,0,0,0,0,0,0,0,0,1,0
2231,33,124.56,10,42,0,65.9,91,0.38,285,1,0,0,0,0,0,0,0,0,0,1,0,0,1,0
2232,75,114.37,12,244,0,88.9,13,0.39,1071,0,0,1,0,0,0,0,0,0,0,1,0,0,1,0
2233,36,26.76,10,49,1,32.0,39,0.03,243,0,0,1,0,1,0,0,0,0,0,0,0,0,0,0
2234,18,107.73,10,294,0,41.5,29,0.27,1482,0,0,0,1,0,0,1,0,0,0,0,0,0,1,0
2235,22,139.79,7,129,0,98.5,25,0.21,656,1,0,0,0,0,1,0,0,0,0,0,0,0,0,0
2236,68,143.88,9,251,0,1.7,19,0.18,1822,0,1,0,0,0,0,0,1,0,0,0,0,0,0,0
2237,39,80.09,14,164,0,86.7,65,0.14,1515,0,0,0,1,0,1,0,0,0,0,0,0,0,0,1
2238,41,133.21,14,100,0,84.3,99,0.2,1378,1,0,0,0,0,0,0,0,0,1,0,0,0,1,0
2239,60,162.32,9,274,0,26.2,16,0.6,1522,0,0,1,0,1,0,0,0,0,0,0,0,0,0,0
2240,62,22.15,6,68,0,82.2,72,0.26,1141,0,0,1,0,0,0,0,1,0,0,0,0,0,0,0
2241,69,132.71,12,43,0,33.0,71,0.11,1794,0,1,0,0,0,1,0,0,0,0,0,0,0,0,1
2242,54,56.08,7,149,0,62.9,85,0.33,226,1,0,0,0,0,0,0,0,0,1,0,0,0,0,1
2243,70,91.96,12,134,0,50.95,75,0.25,440,0,0,0,0,0,0,0,0,1,0,0,0,0,1,0
2244,53,152.3,14,317,0,10.1,90,0.13,281,0,0,0,1,0,0,0,0,0,0,0,0,0,0,0
2245,53,38.78,8,344,0,89.5,60,0.14,197,1,0,0,0,0,0,0,1,0,0,0,0,0,1,0
2246,21,94.37,8,217,0,54.5,79,0.47,1358,0,0,0,0,0,0,0,0,0,0,0,1,0,1,0
2247,53,118.73,13,147,0,48.2,57,0.21,1170,0,0,1,0,0,0,0,1,0,0,0,0,0,1,0
2248,69,56.53,8,125,0,87.9,45,0.31,489,0,0,1,0,0,0,0,0,0,1,0,0,0,0,0
2249,70,78.08,7,248,0,32.8,52,0.39,1445,0,0,0,0,0,0,0,0,0,0,1,0,0,0,0
2250,35,55.77,6,53,0,57.0,6,0.47,355,0,0,0,0,0,0,0,0,0,1,0,0,0,1,0
2251,67,158.93,9,331,0,88.2,60,0.38,634,0,1,0,0,0,0,0,0,0,0,0,0,1,0,0
2252,33,58.31,7,222,0,34.3,37,0.12,843,1,0,0,0,0,0,0,0,0,0,1,0,0,1,0
2253,58,207.71,8,208,0,79.4,54,0.49,1341,0,0,1,0,0,0,0,0,0,1,0,0,0,0,0
2254,35,129.57,9,143,0,51.4,4,0.2,1457,0,0,0,1,0,1,0,0,0,0,0,0,0,1,0
2255,39,161.3,7,312,0,15.8,83,0.07,1789,0,0,1,0,0,0,0,0,0,0,0,0,0,1,0
2256,19,74.92,9,319,0,4.1,47,0.17,253,1,0,0,0,0,0,0,0,0,1,0,0,0,1,0
2257,38,44.8,13,137,0,72.7,85,0.2,1773,0,0,0,0,0,1,0,0,0,0,0,0,0,1,0
2258,53,66.22,14,354,0,26.2,37,0.33,1611,0,1,0,0,0,0,0,0,0,0,0,1,0,0,0
2259,61,19.43,10,224,0,50.95,82,0.3,332,0,0,1,0,0,0,0,0,0,0,0,0,1,1,0
2260,56,108.69,8,101,0,18.9,42,0.03,472,0,1,0,0,0,0,0,0,1,0,0,0,0,0,0
2261,64,45.79,7,98,0,56.8,48,0.52,723,0,0,0,0,0,0,0,0,0,0,0,0,1,1,0
2262,56,38.03,6,306,0,9.3,61,0.47,313,1,0,0,0,0,0,0,0,0,0,1,0,0,0,0
2263,46,73.51,8,282,0,73.6,62,0.12,1825,0,0,1,0,0,0,0,0,0,0,0,0,0,0,0
2264,71,101.4,9,90,0,76.6,55,0.57,1664,1,0,0,0,0,0,0,0,0,0,0,0,1,1,0
2265,43,220.98,17,296,0,50.95,37,0.25,738,0,0,0,1,0,0,0,1,0,0,0,0,0,0,0
2266,38,89.47,5,203,0,56.1,15,0.42,1750,1,0,0,0,0,0,0,0,1,0,0,0,0,1,0
2267,34,55.38,12,237,0,10.6,59,0.22,128,0,0,0,0,0,0,0,0,0,0,1,0,0,0,0
2268,33,142.12,8,96,0,82.8,63,0.12,847,0,0,0,0,0,0,0,1,0,0,0,0,0,1,0
2269,77,105.07,13,120,0,31.4,66,0.41,163,0,0,0,1,0,0,0,0,0,0,1,0,0,0,0
2270,48,89.66,13,116,0,90.0,42,0.46,567,1,0,0,0,0,0,0,1,0,0,0,0,0,0,0
2271,68,181.72,8,65,0,50.95,31,0.49,1567,0,0,0,0,0,0,1,0,0,0,0,0,0,0,1
2272,26,93.19,11,130,0,13.2,6,0.36,1754,0,0,0,0,0,0,0,0,0,0,0,0,0,0,0
2273,48,38.28,6,266,0,8.3,19,0.4,1596,0,0,0,0,0,1,0,0,0,0,0,0,0,0,0
2274,31,93.19,10,315,0,89.8,38,0.26,1650,0,0,0,0,0,0,0,0,0,0,0,0,1,1,0
2275,66,95.28,8,91,0,89.9,79,0.2,819,0,1,0,0,0,0,0,0,0,0,0,1,0,0,1
2276,54,75.51,13,76,0,58.5,33,0.64,1187,0,0,1,0,0,0,0,1,0,0,0,0,0,0,0
2277,19,43.28,7,237,0,88.8,90,0.2,341,0,1,0,0,0,0,1,0,0,0,0,0,0,1,0
2278,69,55.74,14,251,0,93.1,53,0.17,416,0,0,0,0,0,0,0,0,0,0,0,0,0,0,0
2279,65,59.44,16,226,0,55.5,30,0.36,121,1,0,0,0,0,0,0,0,0,0,0,1,0,1,0
2280,63,18.92,5,359,0,68.7,75,0.33,1484,0,1,0,0,0,0,0,0,0,0,0,0,1,0,0
2281,31,172.81,12,319,0,61.4,65,0.36,191,0,0,0,1,0,0,1,0,0,0,0,0,0,0,0
2282,76,104.53,10,140,0,17.5,14,0.55,552,0,0,1,0,0,0,0,0,0,0,0,1,0,1,0
2283,50,138.39,10,53,0,43.6,10,0.27,1066,1,0,0,0,0,0,0,0,1,0,0,0,0,0,0
2284,52,227.45,10,139,0,68.1,17,0.14,1387,0,1,0,0,1,0,0,0,0,0,0,0,0,1,0
2285,75,62.4,13,145,0,61.0,75,0.16,1799,0,0,1,0,0,0,0,0,0,0,1,0,0,1,0
2286,56,50.66,11,273,0,21.5,15,0.57,1470,0,1,0,0,0,0,0,0,0,0,1,0,0,1,0
2287,75,95.61,13,144,0,91.0,76,0.22,180,0,0,0,1,0,0,0,0,0,1,0,0,0,0,0
2288,64,85.0,10,166,0,78.4,3,0.25,561,0,0,0,0,0,0,0,0,1,0,0,0,0,1,0
2289,68,116.36,13,85,0,50.95,22,0.22,37,0,0,0,1,1,0,0,0,0,0,0,0,0,1,0
2290,37,151.48,13,140,0,34.4,56,0.57,176,0,0,0,0,0,0,0,0,0,1,0,0,0,0,0
2291,19,61.56,8,44,0,99.6,59,0.13,160,0,0,1,0,0,0,0,0,0,0,0,1,0,1,0
2292,68,27.12,10,127,0,50.95,26,0.41,670,0,1,0,0,0,0,0,0,0,1,0,0,0,1,0
2293,58,88.53,17,357,0,50.95,50,0.25,268,0,1,0,0,0,0,0,1,0,0,0,0,0,1,0
2294,36,161.06,17,116,0,10.1,87,0.13,1726,0,0,0,1,0,0,0,0,1,0,0,0,0,1,0
2295,76,110.47,13,146,0,31.1,80,0.41,831,1,0,0,0,0,0,1,0,0,0,0,0,0,0,0
2296,54,72.46,11,146,0,88.2,61,0.04,1194,0,0,1,0,0,0,1,0,0,0,0,0,0,1,0
2297,35,44.58,11,20,0,51.1,55,0.26,1652,0,0,0,0,1,0,0,0,0,0,0,0,0,0,1
2298,33,174.14,9,23,0,82.5,64,0.29,440,0,0,1,0,0,0,0,0,0,0,0,0,1,0,0
2299,21,49.11,13,157,0,0.8,3,0.55,584,0,0,0,1,0,0,1,0,0,0,0,0,0,1,0
2300,29,93.19,10,47,0,66.6,30,0.07,896,0,1,0,0,0,0,0,0,1,0,0,0,0,1,0
2301,46,95.33,11,109,0,30.0,58,0.03,271,0,0,0,0,0,0,0,0,0,0,0,0,0,1,0
2302,24,138.87,8,58,0,86.1,13,0.33,1550,0,0,0,0,0,0,0,0,0,0,1,0,0,0,0
2303,31,31.52,7,16,0,94.4,72,0.22,1497,0,0,0,0,0,0,0,0,0,0,0,0,0,1,0
2304,72,176.29,11,303,0,68.8,24,0.1,1232,0,0,0,0,0,0,0,0,0,1,0,0,0,1,0
2305,29,101.94,12,54,0,14.6,69,0.15,795,0,0,1,0,0,1,0,0,0,0,0,0,0,0,0
2306,52,114.73,10,136,0,46.8,7,0.27,334,0,0,1,0,0,0,0,1,0,0,0,0,0,1,0
2307,22,70.75,18,76,0,46.4,51,0.21,1608,0,0,0,1,0,1,0,0,0,0,0,0,0,1,0
2308,34,53.27,8,269,0,83.0,54,0.39,1514,0,1,0,0,0,0,0,0,1,0,0,0,0,0,0
2309,75,140.02,10,179,0,46.1,51,0.27,1536,0,1,0,0,0,1,0,0,0,0,0,0,0,0,0
2310,59,149.22,10,84,0,33.3,27,0.13,1544,0,0,1,0,0,0,0,0,0,0,0,0,0,1,0
2311,49,72.66,15,299,0,61.1,12,0.7,1656,0,0,0,1,0,0,0,0,0,0,0,0,1,0,0
2312,27,68.18,8,138,0,64.7,41,0.43,746,1,0,0,0,0,0,0,0,1,0,0,0,0,1,0
2313,60,70.54,8,306,0,81.0,89,0.19,800,0,0,0,0,0,0,0,0,0,0,1,0,0,0,0
2314,34,30.73,5,169,0,50.95,33,0.14,477,0,1,0,0,1,0,0,0,0,0,0,0,0,0,0
2315,22,117.39,9,241,0,89.0,79,0.48,1031,0,0,0,0,0,0,0,0,1,0,0,0,0,0,0
2316,62,75.91,11,63,0,62.7,31,0.19,1761,0,1,0,0,0,0,0,0,0,0,0,1,0,0,1
2317,59,184.92,8,239,0,52.4,11,0.3,717,1,0,0,0,0,0,0,0,0,0,1,0,0,0,1
2318,26,114.9,12,94,0,80.1,36,0.08,792,0,1,0,0,0,0,0,0,1,0,0,0,0,0,1
2319,66,104.09,10,145,0,30.7,6,0.23,1084,1,0,0,0,0,0,0,0,0,0,0,1,0,0,0
2320,50,154.71,10,48,0,75.8,45,0.1,161,0,1,0,0,0,0,0,0,0,0,1,0,0,1,0
2321,53,93.19,12,144,0,50.6,60,0.19,1413,0,0,1,0,0,0,0,0,0,1,0,0,0,0,0
2322,53,37.34,6,258,0,12.4,90,0.31,621,0,0,0,0,0,0,1,0,0,0,0,0,0,0,0
2323,35,101.65,6,158,0,75.3,72,0.28,1098,0,0,0,1,0,0,0,1,0,0,0,0,0,0,0
2324,26,15.58,13,216,0,64.8,37,0.32,46,0,0,0,1,0,0,1,0,0,0,0,0,0,1,0
2325,79,32.54,13,302,0,8.2,30,0.31,1581,0,1,0,0,0,0,0,0,0,0,0,0,0,0,1
2326,74,104.54,8,16,0,50.95,38,0.29,1021,0,0,0,1,1,0,0,0,0,0,0,0,0,0,0
2327,46,93.19,11,80,0,48.6,16,0.3,528,0,0,0,0,0,0,1,0,0,0,0,0,0,0,1
2328,78,217.84,22,183,0,65.4,79,0.33,456,0,0,1,0,0,0,0,0,1,0,0,0,0,0,0
2329,67,142.2,10,282,0,67.8,38,0.35,378,0,0,1,0,0,0,0,0,0,1,0,0,0,1,0
2330,31,73.12,8,70,0,19.1,53,0.3,674,1,0,0,0,0,1,0,0,0,0,0,0,0,1,0
2331,42,56.0,12,89,0,3.4,8,0.43,774,0,0,0,1,0,0,0,0,0,0,0,0,0,1,0
2332,32,63.01,5,196,0,79.4,99,0.3,233,0,0,0,0,0,0,1,0,0,0,0,0,0,1,0
2333,23,93.19,16,129,0,98.2,9,0.54,1733,0,0,0,1,0,0,0,0,0,0,0,0,1,0,0
2334,73,202.15,9,79,0,94.1,21,0.22,774,0,0,0,0,1,0,0,0,0,0,0,0,0,0,0
2335,59,98.14,6,364,0,50.1,41,0.04,1649,1,0,0,0,0,1,0,0,0,0,0,0,0,0,0
2336,46,92.04,3,202,0,52.9,69,0.18,928,0,0,0,1,0,0,0,1,0,0,0,0,0,0,0
2337,32,113.68,9,230,0,93.1,19,0.48,1328,0,0,1,0,0,0,0,0,1,0,0,0,0,1,0
2338,46,289.69,10,86,0,54.4,80,0.4,1096,1,0,0,0,0,0,0,0,0,1,0,0,0,1,0
2339,21,146.44,9,226,0,27.8,18,0.72,1148,0,0,0,1,0,0,0,0,0,0,1,0,0,1,0
2340,35,124.96,11,5,0,67.8,76,0.12,1763,0,0,1,0,0,0,1,0,0,0,0,0,0,1,0
2341,67,93.19,4,356,0,47.7,80,0.19,46,0,0,1,0,0,0,0,0,0,0,0,0,1,0,0
2342,74,184.94,10,224,0,78.5,5,0.4,1180,0,0,0,0,1,0,0,0,0,0,0,0,0,1,0
2343,66,156.61,13,145,0,50.95,67,0.61,739,0,0,1,0,0,0,0,1,0,0,0,0,0,1,0
2344,61,70.1,12,54,0,93.6,71,0.51,352,0,1,0,0,0,0,1,0,0,0,0,0,0,1,0
2345,56,29.51,11,66,0,13.8,32,0.18,64,0,0,0,1,0,0,0,1,0,0,0,0,0,0,0
2346,33,27.52,13,184,0,52.1,95,0.3,1648,0,0,0,1,0,1,0,0,0,0,0,0,0,0,0
2347,28,61.37,6,146,0,50.95,78,0.28,1672,0,0,0,0,0,1,0,0,0,0,0,0,0,0,0
2348,31,57.17,8,73,0,43.5,88,0.23,1333,0,0,1,0,0,0,0,0,0,0,0,0,0,1,0
2349,20,117.22,12,138,0,62.7,48,0.45,916,0,0,0,0,0,0,1,0,0,0,0,0,0,0,1
2350,68,117.13,11,223,0,81.7,33,0.28,575,0,1,0,0,0,0,0,0,0,1,0,0,0,1,0
2351,67,69.91,10,231,0,47.3,69,0.27,128,0,0,0,0,1,0,0,0,0,0,0,0,0,0,0
2352,79,93.19,5,182,0,40.8,72,0.37,539,0,0,0,1,0,0,0,0,0,0,1,0,0,0,0
2353,59,44.51,8,95,0,18.1,2,0.26,1488,0,0,0,0,0,0,0,0,0,0,1,0,0,0,0
2354,55,53.37,8,341,0,82.5,54,0.12,1661,0,0,0,1,0,0,0,0,1,0,0,0,0,0,1
2355,62,112.52,0,247,0,79.6,42,0.13,998,1,0,0,0,0,0,0,0,1,0,0,0,0,1,0
2356,59,157.14,13,131,1,74.3,35,0.2,483,0,1,0,0,1,0,0,0,0,0,0,0,0,0,0
2357,35,324.18,11,12,0,39.3,61,0.53,80,0,1,0,0,0,0,1,0,0,0,0,0,0,1,0
2358,75,201.92,9,69,0,58.3,60,0.17,1025,0,0,0,1,0,0,1,0,0,0,0,0,0,0,0
2359,37,128.9,6,348,0,12.4,98,0.59,27,1,0,0,0,0,1,0,0,0,0,0,0,0,1,0
2360,75,358.68,9,255,0,32.0,94,0.38,950,0,0,1,0,0,0,0,0,0,0,0,0,1,1,0
2361,65,81.72,15,187,1,43.6,49,0.55,941,0,0,0,0,0,0,0,0,1,0,0,0,0,0,0
2362,42,103.04,10,88,0,4.4,23,0.26,1402,0,0,1,0,0,0,0,0,0,0,0,0,1,0,0
2363,74,125.83,16,318,0,10.4,68,0.36,310,1,0,0,0,0,0,1,0,0,0,0,0,0,1,0
2364,55,31.47,9,315,0,83.0,35,0.56,1495,0,1,0,0,0,0,0,0,1,0,0,0,0,0,0
2365,30,108.06,14,153,0,97.1,14,0.05,89,0,0,1,0,0,0,0,0,0,0,1,0,0,0,0
2366,21,104.58,9,149,0,32.2,22,0.44,1770,1,0,0,0,0,0,0,1,0,0,0,0,0,1,0
2367,72,54.92,11,329,0,10.7,30,0.24,491,0,1,0,0,0,0,0,0,1,0,0,0,0,0,0
2368,31,161.69,7,131,0,93.5,3,0.35,820,0,0,1,0,0,0,1,0,0,0,0,0,0,0,0
2369,50,45.58,9,143,0,91.4,75,0.42,1509,0,1,0,0,0,0,1,0,0,0,0,0,0,0,0
2370,45,93.19,17,246,0,65.5,10,0.4,1012,0,0,0,1,0,0,0,1,0,0,0,0,0,1,0
2371,69,162.26,9,62,0,50.95,67,0.51,487,0,1,0,0,0,0,0,0,0,0,0,0,1,1,0
2372,54,38.05,12,169,1,11.3,41,0.25,1560,0,1,0,0,1,0,0,0,0,0,0,0,0,0,0
2373,25,192.98,10,301,0,93.9,48,0.18,811,1,0,0,0,0,0,0,1,0,0,0,0,0,0,1
2374,61,29.12,10,235,0,92.0,50,0.3,847,1,0,0,0,0,0,0,0,0,0,1,0,0,0,0
2375,51,61.11,10,288,0,74.3,69,0.9,690,0,0,0,0,0,0,1,0,0,0,0,0,0,1,0
2376,61,114.69,11,122,0,93.4,58,0.36,590,1,0,0,0,0,0,0,0,0,1,0,0,0,0,0
2377,22,35.08,2,269,0,14.0,15,0.31,342,0,0,0,1,0,0,0,0,0,0,1,0,0,0,0
2378,71,19.42,8,7,0,10.9,48,0.21,523,0,0,0,1,0,0,0,0,0,0,0,0,1,1,0
2379,22,183.33,10,217,0,19.2,6,0.24,285,0,1,0,0,0,0,0,1,0,0,0,0,0,0,1
2380,48,85.07,12,341,0,21.5,4,0.18,1518,1,0,0,0,0,0,1,0,0,0,0,0,0,0,1
2381,62,128.36,10,173,0,82.7,23,0.45,797,0,0,0,0,0,0,1,0,0,0,0,0,0,1,0
2382,26,66.05,12,125,0,92.2,45,0.11,1008,1,0,0,0,0,0,0,1,0,0,0,0,0,0,1
2383,59,105.48,8,314,0,21.6,65,0.42,977,0,0,0,0,1,0,0,0,0,0,0,0,0,1,0
2384,49,167.11,7,315,0,50.95,56,0.47,1522,0,1,0,0,0,0,0,1,0,0,0,0,0,0,0
2385,50,102.0,17,48,0,45.4,98,0.66,1123,0,0,0,1,0,0,0,0,1,0,0,0,0,1,0
2386,79,183.03,7,335,0,17.8,63,0.51,1730,1,0,0,0,0,0,0,0,0,0,0,1,0,1,0
2387,20,181.0,8,235,0,85.3,15,0.07,1246,1,0,0,0,1,0,0,0,0,0,0,0,0,0,0
2388,47,185.68,9,348,0,52.2,4,0.1,59,0,0,0,1,0,0,0,0,0,0,0,1,0,0,0
2389,67,154.01,10,316,0,56.6,91,0.15,117,0,0,0,1,0,0,0,0,0,0,0,0,1,1,0
2390,29,100.88,7,255,1,25.8,77,0.48,1622,0,0,1,0,0,1,0,0,0,0,0,0,0,0,0
2391,46,114.43,10,115,0,55.9,32,0.05,1786,0,0,1,0,0,0,0,0,0,0,1,0,0,1,0
2392,20,18.19,8,278,0,79.3,9,0.07,1723,0,0,1,0,0,0,0,0,0,0,0,0,0,1,0
2393,43,43.4,9,84,0,30.5,89,0.24,393,0,0,0,1,0,0,0,1,0,0,0,0,0,1,0
2394,74,180.35,4,119,0,11.3,57,0.16,1356,0,0,1,0,0,0,0,0,0,0,1,0,0,0,0
2395,78,93.19,12,49,0,58.4,67,0.2,479,1,0,0,0,0,0,0,0,0,0,0,0,0,1,0
2396,47,54.97,10,163,0,63.6,39,0.26,1798,0,0,0,1,0,0,0,0,0,0,0,0,1,1,0
2397,26,35.97,13,147,0,20.2,40,0.05,1299,1,0,0,0,0,0,0,0,0,0,0,0,1,1,0
2398,43,177.7,6,42,0,24.8,16,0.51,188,0,0,0,1,0,1,0,0,0,0,0,0,0,1,0
2399,19,193.7,16,135,0,15.3,81,0.03,1477,0,1,0,0,1,0,0,0,0,0,0,0,0,0,0
2400,79,128.41,5,245,0,92.1,91,0.26,1183,1,0,0,0,0,0,0,0,0,0,1,0,0,0,1
2401,20,93.19,12,217,0,21.3,10,0.19,1429,0,0,0,1,0,0,0,0,0,0,1,0,0,1,0
2402,63,205.48,3,280,0,1.1,53,0.7,401,0,0,0,0,0,0,0,1,0,0,0,0,0,0,1
2403,21,124.87,11,233,0,84.0,65,0.11,810,0,0,0,1,0,0,0,0,0,0,0,0,1,0,0
2404,42,39.23,9,262,0,80.3,50,0.11,44,0,1,0,0,0,0,0,0,0,0,0,0,0,0,0
2405,68,138.99,15,114,0,50.95,29,0.29,744,0,0,0,1,0,0,0,0,0,1,0,0,0,0,0
2406,30,110.32,6,341,0,79.7,18,0.16,1257,0,1,0,0,0,1,0,0,0,0,0,0,0,0,0
2407,56,45.52,12,188,0,45.0,52,0.21,61,0,0,1,0,1,0,0,0,0,0,0,0,0,1,0
2408,61,27.01,14,196,0,22.5,32,0.1,1123,1,0,0,0,0,0,1,0,0,0,0,0,0,0,0
2409,52,35.73,11,37,0,42.6,33,0.09,1788,0,1,0,0,0,0,0,0,0,1,0,0,0,0,0
2410,72,315.13,7,11,0,48.7,86,0.54,1282,0,0,0,0,0,0,0,0,1,0,0,0,0,0,0
2411,40,22.35,12,123,0,0.9,11,0.31,1304,1,0,0,0,0,0,0,0,0,0,0,1,0,0,0
2412,26,198.48,7,43,0,11.3,29,0.21,86,0,0,0,1,0,1,0,0,0,0,0,0,0,1,0
2413,19,58.71,14,308,0,87.5,20,0.18,1815,0,0,0,1,0,0,0,0,0,0,0,0,0,0,0
2414,78,42.67,8,13,0,39.2,22,0.47,1057,0,1,0,0,0,0,0,0,0,1,0,0,0,0,0
2415,71,54.47,9,347,0,33.1,96,0.59,733,0,0,0,0,0,0,0,0,0,0,0,0,0,1,0
2416,58,208.18,15,51,0,88.8,72,0.41,325,0,1,0,0,0,0,0,1,0,0,0,0,0,1,0
2417,61,101.75,9,244,0,15.5,86,0.43,627,0,0,0,0,0,1,0,0,0,0,0,0,0,0,0
2418,48,199.36,13,179,0,21.7,15,0.04,1263,0,1,0,0,0,0,0,0,0,0,0,0,1,0,0
2419,61,128.08,13,301,0,82.8,35,0.15,1291,0,0,1,0,1,0,0,0,0,0,0,0,0,0,0
2420,64,110.11,9,129,0,28.0,80,0.2,951,0,0,1,0,0,0,0,0,0,0,0,0,0,0,0
2421,19,75.63,8,99,0,63.3,93,0.28,112,0,0,1,0,0,0,0,0,0,0,1,0,0,1,0
2422,49,64.92,12,283,0,74.0,34,0.16,767,0,1,0,0,0,0,0,0,0,1,0,0,0,1,0
2423,35,155.88,17,110,0,22.3,20,0.3,907,1,0,0,0,0,0,0,0,0,0,1,0,0,1,0
2424,30,30.38,12,287,0,50.95,77,0.2,1804,0,0,0,1,0,0,0,0,0,0,0,0,0,1,0
2425,63,93.19,9,91,0,51.6,56,0.32,494,1,0,0,0,0,0,0,0,0,1,0,0,0,1,0
2426,22,95.93,12,75,0,79.2,51,0.25,1306,0,0,0,1,0,0,0,0,0,0,0,0,1,1,0
2427,75,135.05,7,204,0,55.4,77,0.69,792,0,0,0,0,0,0,0,0,0,0,0,1,0,0,0
2428,59,48.42,9,21,0,6.7,95,0.16,1266,0,0,1,0,0,0,0,0,0,0,0,1,0,0,0
2429,61,21.63,16,169,0,35.1,85,0.16,414,0,0,1,0,0,0,0,1,0,0,0,0,0,1,0
2430,27,217.03,15,156,0,33.1,50,0.35,920,0,0,0,1,0,0,0,0,1,0,0,0,0,1,0
2431,73,58.4,5,221,0,80.8,30,0.45,1280,0,0,1,0,0,0,0,0,0,0,0,1,0,1,0
2432,60,50.71,16,359,0,29.0,25,0.2,842,1,0,0,0,0,0,0,0,1,0,0,0,0,0,0
2433,42,76.31,9,67,0,90.1,94,0.32,984,0,1,0,0,0,0,0,0,0,1,0,0,0,1,0
2434,51,122.12,9,160,0,33.5,74,0.17,749,0,0,1,0,0,0,0,0,0,0,0,1,0,1,0
2435,54,134.48,11,173,0,19.4,71,0.04,1020,0,0,1,0,0,0,0,0,0,0,0,0,0,0,1
2436,47,261.43,14,37,0,54.0,98,0.01,790,0,0,0,0,0,0,0,0,0,0,0,0,1,0,0
2437,24,71.69,9,335,0,38.6,4,0.13,1282,0,1,0,0,0,0,0,0,0,0,0,0,0,1,0
2438,23,77.58,12,25,0,64.8,63,0.07,1546,0,0,0,1,0,0,0,0,0,0,0,0,0,1,0
2439,71,23.74,9,253,0,91.6,22,0.11,493,0,1,0,0,0,0,0,0,1,0,0,0,0,1,0
2440,72,93.19,13,298,0,94.1,57,0.07,245,0,1,0,0,0,0,1,0,0,0,0,0,0,0,0
2441,20,50.8,12,282,0,22.7,93,0.36,290,0,0,0,1,0,0,1,0,0,0,0,0,0,0,0
2442,30,74.13,5,246,0,16.2,54,0.1,531,0,1,0,0,1,0,0,0,0,0,0,0,0,1,0
2443,20,266.3,7,10,0,94.0,4,0.48,52,0,0,0,0,0,0,0,0,0,0,0,1,0,0,0
2444,43,56.83,8,237,0,81.2,65,0.25,654,1,0,0,0,0,0,0,0,0,0,0,0,1,1,0
2445,74,149.9,5,106,0,26.2,48,0.31,1150,0,1,0,0,0,0,0,0,0,0,0,0,1,1,0
2446,79,53.67,7,333,0,80.5,23,0.31,1792,1,0,0,0,0,0,0,0,0,0,1,0,0,1,0
2447,41,184.78,7,312,0,74.1,23,0.11,678,0,0,0,0,0,0,0,0,0,0,0,0,0,0,0
2448,70,167.26,11,0,0,25.4,6,0.69,1253,0,0,0,0,0,0,0,0,0,0,0,0,1,1,0
2449,23,44.85,9,10,0,90.6,69,0.13,769,0,1,0,0,0,0,0,0,0,1,0,0,0,1,0
2450,60,49.23,9,157,0,32.2,64,0.17,835,0,0,1,0,0,1,0,0,0,0,0,0,0,1,0
2451,77,247.32,8,87,0,48.0,87,0.55,512,0,1,0,0,0,0,0,0,0,0,0,0,0,1,0
2452,75,73.98,6,241,0,60.9,71,0.22,1649,1,0,0,0,0,0,0,0,1,0,0,0,0,0,0
2453,66,89.38,7,131,0,19.1,5,0.25,1039,0,0,0,0,0,0,0,0,0,0,0,0,0,1,0
2454,59,80.41,11,85,0,61.1,33,0.21,1553,1,0,0,0,0,0,0,0,0,0,0,0,1,1,0
2455,29,21.6,6,109,0,70.6,26,0.63,1136,1,0,0,0,0,0,0,1,0,0,0,0,0,0,0
2456,66,203.83,13,327,0,10.2,59,0.35,1540,0,0,0,1,0,0,0,0,0,1,0,0,0,0,0
2457,53,29.9,8,110,0,37.9,85,0.38,369,0,0,0,0,0,0,0,0,0,1,0,0,0,0,0
2458,19,89.78,15,207,0,61.2,34,0.58,98,0,0,0,0,0,0,0,0,0,0,0,1,0,0,0
2459,28,99.35,13,288,0,92.6,26,0.2,1712,1,0,0,0,0,0,1,0,0,0,0,0,0,1,0
2460,56,105.01,5,73,0,89.1,74,0.23,1241,0,0,0,0,0,0,0,0,1,0,0,0,0,0,0
2461,51,110.22,8,321,0,17.0,66,0.15,197,0,1,0,0,0,0,0,0,0,0,0,1,0,0,0
2462,43,135.65,15,248,0,61.1,20,0.07,1542,0,0,0,1,1,0,0,0,0,0,0,0,0,1,0
2463,35,202.88,13,107,0,9.8,14,0.36,1504,0,1,0,0,0,1,0,0,0,0,0,0,0,0,1
2464,38,25.21,9,3,0,29.4,71,0.06,1742,0,0,1,0,0,0,0,0,0,0,1,0,0,1,0
2465,53,90.63,11,214,0,59.7,74,0.12,1210,0,0,1,0,0,0,0,0,0,1,0,0,0,0,1
2466,57,85.47,4,178,0,8.1,95,0.16,452,1,0,0,0,0,0,0,0,1,0,0,0,0,0,0
2467,69,111.42,8,154,0,88.9,8,0.14,1543,0,0,1,0,0,0,1,0,0,0,0,0,0,0,0
2468,63,25.9,7,288,0,82.9,58,0.7,1516,0,1,0,0,0,0,0,0,1,0,0,0,0,0,1
2469,61,151.4,6,224,0,47.3,1,0.28,13,0,0,1,0,0,0,0,0,0,0,1,0,0,0,0
2470,39,44.11,7,104,0,49.2,93,0.36,140,1,0,0,0,0,0,0,0,0,0,1,0,0,1,0
2471,70,184.98,13,83,0,88.1,31,0.23,471,0,0,0,0,0,0,0,0,0,0,0,1,0,1,0
2472,76,98.85,7,76,0,5.0,8,0.27,1250,0,0,0,1,0,0,0,0,0,0,0,0,0,1,0
2473,47,113.12,12,202,0,14.4,80,0.11,158,1,0,0,0,1,0,0,0,0,0,0,0,0,1,0
2474,67,69.43,10,338,0,30.8,83,0.18,1029,1,0,0,0,1,0,0,0,0,0,0,0,0,0,0
2475,60,168.29,10,240,0,36.4,90,0.41,1381,1,0,0,0,0,0,0,0,0,0,0,0,1,1,0
2476,78,264.98,16,287,0,98.7,60,0.19,687,0,1,0,0,1,0,0,0,0,0,0,0,0,1,0
2477,77,142.9,13,194,0,14.7,62,0.55,1148,0,0,0,0,0,0,0,0,1,0,0,0,0,0,0
2478,47,64.33,12,204,0,30.3,10,0.54,435,1,0,0,0,1,0,0,0,0,0,0,0,0,0,0
2479,25,183.78,14,213,0,82.8,18,0.12,1756,0,0,0,0,0,0,1,0,0,0,0,0,0,1,0
2480,51,126.01,7,18,0,50.95,66,0.41,173,1,0,0,0,1,0,0,0,0,0,0,0,0,1,0
2481,74,64.07,13,158,0,65.5,93,0.29,278,0,1,0,0,0,0,0,0,0,1,0,0,0,1,0
2482,64,185.29,12,211,0,32.9,66,0.31,733,1,0,0,0,0,0,0,0,0,0,0,0,1,0,0
2483,26,249.33,7,52,0,11.8,52,0.14,66,0,0,1,0,0,0,0,0,1,0,0,0,0,1,0
2484,68,195.23,5,87,0,98.4,67,0.35,733,0,1,0,0,0,0,0,0,0,0,1,0,0,0,0
2485,37,81.97,10,159,0,25.1,88,0.19,263,1,0,0,0,0,0,0,0,0,0,0,1,0,1,0
2486,57,267.05,12,8,0,84.5,9,0.63,403,1,0,0,0,0,1,0,0,0,0,0,0,0,1,0
2487,42,169.63,7,178,0,89.5,48,0.16,60,1,0,0,0,0,0,0,0,0,0,0,1,0,0,1
2488,36,124.71,6,82,0,44.1,60,0.09,602,0,0,1,0,0,0,0,0,0,0,0,0,0,1,0
2489,22,82.79,9,150,0,85.1,78,0.61,1189,0,0,1,0,0,1,0,0,0,0,0,0,0,1,0
2490,28,263.65,13,24,0,27.9,52,0.38,298,1,0,0,0,0,0,1,0,0,0,0,0,0,1,0
2491,32,51.45,7,224,0,89.0,43,0.23,378,0,0,1,0,0,0,0,1,0,0,0,0,0,0,0
2492,25,139.17,9,193,0,63.6,75,0.81,388,1,0,0,0,0,0,0,0,0,0,0,0,1,0,0
2493,36,23.59,13,117,0,19.4,50,0.22,1188,0,0,1,0,0,0,0,0,0,0,1,0,0,1,0
2494,40,118.31,6,322,0,78.7,88,0.39,872,0,0,0,0,0,0,0,0,0,0,0,1,0,1,0
2495,44,310.7,15,247,0,91.4,14,0.4,753,1,0,0,0,1,0,0,0,0,0,0,0,0,1,0
2496,57,135.5,10,77,0,57.0,18,0.39,774,1,0,0,0,0,0,0,0,0,0,0,0,1,0,0
2497,49,60.81,11,151,0,76.0,77,0.67,777,0,0,0,1,1,0,0,0,0,0,0,0,0,0,0
2498,43,76.9,10,55,0,50.95,34,0.13,870,0,0,0,1,0,0,0,0,0,0,0,0,1,0,0
2499,44,106.54,20,305,0,78.7,83,0.18,1351,0,1,0,0,0,0,0,0,0,0,0,0,1,0,0
2500,79,91.95,9,356,0,45.4,41,0.34,1144,0,0,0,0,0,0,0,0,0,0,0,0,0,1,0
2501,36,151.49,10,258,0,74.0,75,0.59,1228,0,0,0,0,0,0,0,0,0,1,0,0,0,1,0
2502,67,79.31,13,22,0,54.9,49,0.23,1544,0,1,0,0,0,0,1,0,0,0,0,0,0,1,0
2503,59,159.08,13,161,0,41.5,90,0.13,1547,0,0,0,1,1,0,0,0,0,0,0,0,0,1,0
2504,46,130.94,6,264,0,16.6,69,0.18,1543,0,1,0,0,1,0,0,0,0,0,0,0,0,1,0
2505,56,32.86,7,81,0,90.9,85,0.09,336,0,0,0,1,1,0,0,0,0,0,0,0,0,0,0
2506,77,79.05,8,58,1,41.5,9,0.38,88,1,0,0,0,0,0,0,0,0,0,0,0,0,0,0
2507,58,141.5,11,65,0,24.0,48,0.45,967,0,1,0,0,0,0,0,0,0,0,0,1,0,0,1
2508,50,93.19,8,114,0,24.2,12,0.33,789,0,0,1,0,0,0,0,0,1,0,0,0,0,1,0
2509,36,61.32,8,290,0,24.2,65,0.36,1673,0,0,0,1,1,0,0,0,0,0,0,0,0,0,0
2510,54,64.78,12,241,0,0.2,14,0.63,543,1,0,0,0,0,0,0,0,0,0,0,1,0,0,0
2511,36,178.96,9,333,0,43.8,64,0.33,1656,0,0,1,0,0,0,0,0,0,1,0,0,0,0,0
2512,50,87.75,5,108,0,89.1,26,0.19,698,0,0,1,0,1,0,0,0,0,0,0,0,0,1,0
2513,64,133.2,14,303,0,2.5,7,0.66,1468,0,0,0,0,0,0,1,0,0,0,0,0,0,1,0
2514,33,555.46,16,308,0,95.7,55,0.46,1818,0,0,0,1,0,0,0,0,0,0,1,0,0,1,0
2515,40,74.91,12,330,0,17.9,59,0.4,27,1,0,0,0,0,0,0,1,0,0,0,0,0,1,0
2516,24,87.63,9,31,1,71.9,80,0.15,1761,0,0,0,1,1,0,0,0,0,0,0,0,0,0,0
2517,43,134.8,13,212,0,78.5,79,0.45,827,1,0,0,0,0,0,0,0,1,0,0,0,0,1,0
2518,49,94.5,12,87,0,73.5,56,0.46,188,0,0,0,1,0,0,0,0,0,0,1,0,0,1,0
2519,29,63.77,10,61,0,33.9,68,0.14,1651,0,0,1,0,0,0,1,0,0,0,0,0,0,0,0
2520,25,63.5,10,2,0,70.4,30,0.15,69,0,0,0,0,0,0,0,0,0,0,0,0,0,0,0
2521,22,120.61,4,261,0,47.3,23,0.48,940,0,1,0,0,0,0,0,1,0,0,0,0,0,0,0
2522,59,93.19,13,111,0,15.2,86,0.46,417,0,0,0,1,0,0,0,0,0,0,0,0,0,0,0
2523,45,62.54,10,11,0,20.1,79,0.35,1088,0,0,1,0,0,0,0,0,1,0,0,0,0,1,0
2524,70,56.42,6,52,0,2.6,17,0.06,1661,0,1,0,0,0,0,0,1,0,0,0,0,0,1,0
2525,22,28.63,6,147,0,33.2,2,0.48,779,0,1,0,0,0,0,0,0,1,0,0,0,0,1,0
2526,66,124.96,11,133,0,72.8,72,0.35,1085,0,1,0,0,0,0,0,0,0,0,0,0,0,0,0
2527,43,93.19,4,83,0,96.9,70,0.15,1437,0,0,1,0,0,0,1,0,0,0,0,0,0,0,1
2528,22,59.18,11,183,0,13.4,39,0.22,1264,1,0,0,0,0,0,0,1,0,0,0,0,0,1,0
2529,39,196.36,8,168,0,35.3,92,0.09,1432,0,1,0,0,0,1,0,0,0,0,0,0,0,0,0
2530,32,104.75,7,48,0,18.1,48,0.49,1789,0,0,0,0,0,0,0,0,0,0,0,1,0,1,0
2531,30,140.62,7,107,0,76.1,5,0.07,1239,1,0,0,0,0,0,1,0,0,0,0,0,0,0,0
2532,45,144.21,10,192,0,92.0,21,0.27,1807,0,0,1,0,0,0,0,1,0,0,0,0,0,1,0
2533,50,67.88,15,339,0,11.4,50,0.44,37,0,1,0,0,0,0,0,0,1,0,0,0,0,1,0
2534,60,41.74,11,213,0,50.95,20,0.34,1035,0,0,1,0,0,0,0,0,1,0,0,0,0,0,0
2535,40,79.19,6,359,0,27.1,98,0.11,1214,0,0,1,0,0,0,0,0,0,1,0,0,0,0,0
2536,50,137.6,8,94,0,50.95,71,0.08,1087,0,1,0,0,0,0,1,0,0,0,0,0,0,0,0
2537,60,29.95,10,30,0,5.7,94,0.16,766,0,0,1,0,0,0,0,0,1,0,0,0,0,1,0
2538,35,240.35,11,155,0,8.0,94,0.24,1612,0,0,0,0,0,0,0,0,0,0,0,0,1,1,0
2539,67,167.7,4,11,0,50.95,79,0.08,989,0,0,0,0,0,0,0,0,0,0,0,1,0,1,0
2540,70,37.62,15,271,0,44.6,91,0.28,1093,0,0,0,1,0,0,0,0,0,0,0,0,0,0,0
2541,47,73.13,5,224,0,65.9,73,0.32,276,0,1,0,0,0,0,0,0,0,0,1,0,0,0,1
2542,43,93.19,8,162,0,18.4,27,0.41,62,0,1,0,0,0,0,0,0,0,1,0,0,0,1,0
2543,33,85.65,13,43,0,21.8,2,0.21,246,0,1,0,0,0,0,0,0,1,0,0,0,0,1,0
2544,30,57.65,8,323,0,17.3,91,0.14,1763,0,0,0,1,0,0,0,0,0,0,0,0,1,0,0
2545,56,171.44,13,225,1,80.7,47,0.23,23,0,0,0,0,0,0,0,0,0,1,0,0,0,1,0
2546,50,39.82,17,252,0,13.7,40,0.29,1793,0,0,0,0,0,0,0,0,0,0,0,0,1,0,0
2547,43,104.87,9,232,0,7.3,89,0.35,625,0,1,0,0,0,0,0,0,0,1,0,0,0,1,0
2548,65,36.64,9,258,0,3.7,36,0.19,232,0,0,1,0,0,0,0,0,1,0,0,0,0,0,0
2549,18,93.19,11,286,0,4.0,71,0.4,19,1,0,0,0,0,0,0,0,0,0,0,0,1,0,0
2550,66,68.26,6,179,0,54.7,13,0.35,608,1,0,0,0,0,0,0,1,0,0,0,0,0,0,0
2551,55,218.71,9,222,0,9.4,84,0.08,964,0,1,0,0,0,0,1,0,0,0,0,0,0,0,0
2552,19,223.97,12,115,0,22.2,22,0.11,98,0,1,0,0,0,0,0,0,0,0,1,0,0,1,0
2553,66,57.0,3,4,0,83.3,18,0.66,946,0,0,0,0,0,0,0,0,0,0,0,0,0,0,0
2554,23,118.34,11,260,0,96.8,75,0.55,1538,0,0,0,0,0,0,0,0,0,0,1,0,0,0,0
2555,63,110.26,9,65,0,86.1,6,0.15,1528,0,0,1,0,0,0,0,0,0,0,0,0,0,1,0
2556,67,52.04,12,14,0,96.0,68,0.27,1428,0,0,0,0,0,1,0,0,0,0,0,0,0,1,0
2557,55,195.16,18,148,0,67.0,67,0.24,1074,1,0,0,0,0,0,0,0,0,0,0,1,0,1,0
2558,59,80.89,13,100,0,98.7,52,0.06,503,1,0,0,0,0,1,0,0,0,0,0,0,0,0,0
2559,41,93.19,13,266,0,49.6,70,0.12,1506,0,0,0,0,1,0,0,0,0,0,0,0,0,1,0
2560,35,125.01,11,217,0,79.5,79,0.28,1424,1,0,0,0,0,0,0,0,1,0,0,0,0,0,0
2561,44,20.64,12,41,0,97.2,3,0.48,1777,1,0,0,0,0,0,0,1,0,0,0,0,0,1,0
2562,58,88.5,16,65,0,70.9,17,0.05,762,1,0,0,0,0,0,1,0,0,0,0,0,0,0,0
2563,25,112.19,12,349,0,95.7,94,0.27,1752,1,0,0,0,0,0,0,1,0,0,0,0,0,1,0
2564,45,121.33,15,316,0,25.4,86,0.17,615,0,0,0,1,0,0,0,0,0,0,1,0,0,1,0
2565,27,71.68,9,315,1,30.0,66,0.27,1497,0,1,0,0,0,0,0,0,0,0,0,0,0,0,0
2566,34,121.34,11,119,0,39.7,57,0.28,1566,0,0,1,0,0,1,0,0,0,0,0,0,0,0,0
2567,72,24.58,13,244,0,46.5,80,0.29,615,0,0,0,1,0,0,0,1,0,0,0,0,0,1,0
2568,79,134.43,7,286,0,89.7,22,0.53,1649,0,0,1,0,0,1,0,0,0,0,0,0,0,1,0
2569,46,127.3,5,47,0,88.8,11,0.08,1439,0,0,0,1,0,0,0,0,0,0,0,1,0,1,0
2570,75,135.61,7,287,0,65.8,36,0.14,546,0,0,0,1,0,0,0,0,0,0,0,1,0,0,0
2571,23,93.34,14,312,0,23.2,53,0.28,1312,0,0,1,0,0,0,0,0,0,0,0,0,0,0,0
2572,31,85.03,14,254,0,24.0,76,0.38,644,0,1,0,0,1,0,0,0,0,0,0,0,0,0,0
2573,39,90.29,15,350,0,63.2,40,0.55,646,0,0,0,0,0,0,0,1,0,0,0,0,0,0,0
2574,71,91.04,11,154,0,50.3,35,0.55,102,0,0,0,1,0,0,1,0,0,0,0,0,0,0,0
2575,23,223.15,9,337,0,25.9,43,0.35,1545,0,1,0,0,0,1,0,0,0,0,0,0,0,1,0
2576,43,172.16,11,260,0,16.8,45,0.07,1566,0,0,0,0,0,1,0,0,0,0,0,0,0,0,1
2577,56,51.92,14,16,0,72.3,41,0.45,1348,0,0,1,0,0,0,0,0,0,0,0,1,0,0,0
2578,29,26.27,8,202,0,50.95,64,0.26,603,0,0,0,1,0,0,0,0,1,0,0,0,0,1,0
2579,52,60.05,11,165,0,26.1,15,0.24,1047,0,0,0,0,0,0,0,0,0,0,0,0,0,1,0
2580,31,135.26,7,47,0,42.5,44,0.32,239,0,1,0,0,0,1,0,0,0,0,0,0,0,1,0
2581,39,67.01,5,228,0,71.3,42,0.35,985,0,0,0,0,0,0,0,0,0,0,0,1,0,1,0
2582,68,37.41,11,212,0,46.9,59,0.32,1348,0,0,1,0,0,0,0,0,0,0,0,1,0,0,0
2583,40,142.0,11,215,0,96.1,85,0.22,9,0,0,0,0,0,0,0,0,0,0,0,0,1,0,0
2584,65,70.22,11,304,0,13.0,4,0.13,806,1,0,0,0,0,1,0,0,0,0,0,0,0,0,0
2585,24,93.19,6,168,0,85.4,71,0.19,286,0,0,0,1,0,0,0,0,0,0,0,0,1,0,0
2586,57,97.15,8,21,0,30.6,29,0.54,978,0,1,0,0,0,0,1,0,0,0,0,0,0,0,0
2587,67,145.18,3,274,0,68.7,41,0.21,94,0,1,0,0,0,0,1,0,0,0,0,0,0,0,0
2588,42,138.97,16,112,0,25.4,6,0.19,1764,0,0,0,1,0,0,0,0,0,0,0,1,0,1,0
2589,30,27.81,11,356,0,96.6,39,0.45,989,0,0,0,1,0,0,0,0,1,0,0,0,0,1,0
2590,38,89.04,16,202,0,5.0,81,0.38,921,1,0,0,0,0,0,0,0,1,0,0,0,0,0,0
2591,58,41.66,4,32,0,51.4,66,0.55,1082,1,0,0,0,0,0,0,0,0,0,0,0,1,1,0
2592,27,62.65,5,88,0,91.1,81,0.14,615,0,1,0,0,0,0,0,0,0,0,0,1,0,1,0
2593,70,316.85,7,133,0,47.0,93,0.19,955,0,0,0,0,0,0,0,0,0,0,0,0,1,0,0
2594,72,39.24,11,10,0,84.0,27,0.23,364,0,0,0,1,0,0,0,0,0,0,0,0,0,0,0
2595,76,16.77,9,26,0,95.0,7,0.27,1479,1,0,0,0,0,0,0,0,0,0,0,0,1,1,0
2596,26,61.5,11,30,0,50.95,11,0.13,1444,1,0,0,0,1,0,0,0,0,0,0,0,0,0,0
2597,32,88.02,11,90,0,48.9,90,0.15,1576,1,0,0,0,0,1,0,0,0,0,0,0,0,0,0
2598,69,157.87,10,168,0,68.6,32,0.04,1350,0,0,0,0,0,0,1,0,0,0,0,0,0,1,0
2599,19,142.26,10,46,0,83.2,87,0.19,550,0,1,0,0,0,0,0,0,0,1,0,0,0,1,0
2600,42,108.31,12,78,0,16.3,51,0.48,1234,0,1,0,0,0,0,0,0,0,0,0,1,0,0,1
2601,30,100.94,7,1,0,56.7,40,0.12,891,1,0,0,0,0,0,0,0,1,0,0,0,0,1,0
2602,51,109.06,10,19,0,16.3,7,0.33,1044,0,0,0,0,0,0,0,1,0,0,0,0,0,1,0
2603,68,93.19,11,105,0,75.5,1,0.02,940,0,0,0,0,0,1,0,0,0,0,0,0,0,0,0
2604,75,101.52,9,294,0,28.5,25,0.26,366,0,1,0,0,0,0,0,0,0,1,0,0,0,0,0
2605,51,76.02,18,329,0,26.9,95,0.27,264,0,0,0,1,1,0,0,0,0,0,0,0,0,1,0
2606,52,53.05,7,89,0,77.0,6,0.34,1310,1,0,0,0,0,0,0,1,0,0,0,0,0,1,0
2607,55,70.76,10,137,0,84.2,92,0.14,697,0,0,0,0,0,0,0,0,1,0,0,0,0,1,0
2608,20,119.13,12,167,0,34.3,95,0.44,626,0,0,0,1,1,0,0,0,0,0,0,0,0,0,1
2609,59,88.35,9,140,0,50.1,16,0.07,845,0,0,1,0,0,0,0,0,1,0,0,0,0,1,0
2610,73,102.97,7,212,0,69.3,15,0.35,447,1,0,0,0,0,0,0,0,1,0,0,0,0,0,0
2611,76,126.93,7,299,0,74.5,22,0.09,937,0,0,1,0,0,0,0,0,0,0,0,1,0,0,1
2612,23,119.62,7,31,0,77.0,18,0.34,1521,0,1,0,0,0,0,0,1,0,0,0,0,0,1,0
2613,72,18.38,12,29,0,39.0,50,0.12,578,0,1,0,0,0,0,0,0,0,0,0,0,0,0,1
2614,65,182.37,9,308,0,53.6,72,0.31,1759,0,1,0,0,0,0,0,0,0,0,0,0,1,0,1
2615,66,159.11,8,331,0,11.0,10,0.37,365,0,0,0,0,0,0,0,0,0,0,0,0,1,0,0
2616,36,68.7,7,43,0,94.9,49,0.22,722,0,0,0,0,0,1,0,0,0,0,0,0,0,1,0
2617,20,278.62,8,34,0,70.1,70,0.31,563,0,0,0,1,0,0,0,0,1,0,0,0,0,0,0
2618,35,92.37,14,44,0,37.6,10,0.32,1184,0,0,1,0,0,1,0,0,0,0,0,0,0,0,0
2619,56,79.85,9,137,0,39.0,39,0.06,475,0,1,0,0,0,0,0,1,0,0,0,0,0,0,1
2620,26,33.15,6,46,0,50.95,58,0.32,1206,0,1,0,0,0,0,0,0,1,0,0,0,0,1,0
2621,69,39.9,10,184,0,45.7,71,0.23,428,0,0,0,0,0,0,0,0,1,0,0,0,0,0,0
2622,29,92.41,14,17,0,67.3,42,0.27,1011,0,0,0,0,0,0,0,0,0,1,0,0,0,1,0
2623,22,80.52,7,184,0,95.3,45,0.04,247,0,0,0,0,0,0,1,0,0,0,0,0,0,1,0
2624,20,236.08,6,71,0,64.8,99,0.07,291,1,0,0,0,0,0,0,0,0,0,0,0,1,1,0
2625,28,37.26,10,122,0,65.1,28,0.49,1764,0,0,1,0,0,0,0,1,0,0,0,0,0,0,0
2626,74,107.65,13,170,0,78.6,89,0.55,446,0,0,1,0,1,0,0,0,0,0,0,0,0,0,0
2627,47,93.19,8,76,0,51.0,92,0.22,789,1,0,0,0,1,0,0,0,0,0,0,0,0,0,0
2628,21,68.31,10,8,0,3.2,73,0.22,1455,0,1,0,0,0,0,0,0,0,0,0,0,0,0,1
2629,22,72.2,7,200,0,89.0,5,0.23,656,0,0,0,1,0,0,0,0,0,0,1,0,0,1,0
2630,18,48.15,9,242,0,40.2,57,0.46,1022,0,0,0,1,0,0,0,1,0,0,0,0,0,0,0
2631,44,44.49,9,68,0,98.5,80,0.22,342,0,1,0,0,0,0,0,0,0,0,1,0,0,1,0
2632,45,79.01,11,238,0,40.6,29,0.2,948,0,0,0,1,0,0,0,0,0,1,0,0,0,1,0
2633,46,58.87,8,316,0,66.8,55,0.46,494,0,0,0,0,1,0,0,0,0,0,0,0,0,0,0
2634,35,251.26,8,10,0,46.0,23,0.09,1542,0,0,1,0,0,0,0,1,0,0,0,0,0,0,1
2635,29,251.02,9,319,0,23.2,57,0.12,686,0,0,0,0,0,0,0,0,1,0,0,0,0,0,0
2636,30,149.44,11,37,0,93.1,18,0.14,1340,0,0,0,1,0,0,1,0,0,0,0,0,0,0,0
2637,58,93.19,8,9,0,62.7,26,0.13,882,0,0,0,1,0,0,0,0,0,0,0,1,0,1,0
2638,19,30.07,13,15,0,45.1,5,0.43,1622,0,0,1,0,0,0,1,0,0,0,0,0,0,1,0
2639,54,174.97,9,324,0,14.4,8,0.27,372,0,0,0,0,0,0,0,0,0,0,0,0,0,0,0
2640,62,14.96,18,242,0,99.9,19,0.45,1649,0,0,1,0,1,0,0,0,0,0,0,0,0,1,0
2641,33,40.0,16,246,0,89.5,28,0.3,524,0,0,0,1,0,1,0,0,0,0,0,0,0,1,0
2642,65,123.89,14,41,0,50.95,68,0.51,1437,0,0,1,0,0,1,0,0,0,0,0,0,0,0,0
2643,41,40.49,7,233,0,17.1,84,0.32,1809,0,0,1,0,0,0,0,0,0,0,0,1,0,1,0
2644,52,45.41,10,43,0,3.0,50,0.24,389,0,0,0,1,1,0,0,0,0,0,0,0,0,1,0
2645,39,159.34,11,163,0,15.2,86,0.14,687,0,0,1,0,0,0,0,1,0,0,0,0,0,0,0
2646,53,410.82,8,149,0,53.4,76,0.27,373,0,0,0,0,0,0,0,0,1,0,0,0,0,0,0
2647,28,92.19,10,279,0,81.6,65,0.2,1412,0,0,0,1,0,0,0,0,0,0,0,0,0,0,1
2648,72,31.25,8,203,0,36.4,8,0.32,1435,0,0,1,0,0,1,0,0,0,0,0,0,0,0,0
2649,75,185.01,13,230,0,43.4,60,0.05,909,0,1,0,0,0,0,0,0,0,0,0,1,0,1,0
2650,63,58.2,7,290,0,47.3,58,0.31,885,0,0,0,0,0,0,1,0,0,0,0,0,0,0,1
2651,46,128.28,7,305,0,1.8,27,0.1,166,0,0,0,0,0,0,0,0,1,0,0,0,0,0,0
2652,52,155.03,7,338,0,17.7,85,0.21,550,0,0,0,0,0,1,0,0,0,0,0,0,0,1,0
2653,65,75.14,12,333,0,50.95,33,0.34,1229,1,0,0,0,0,0,1,0,0,0,0,0,0,1,0
2654,71,219.52,7,295,0,27.9,97,0.13,1299,0,0,0,1,0,0,0,1,0,0,0,0,0,0,0
2655,32,28.54,10,21,0,52.3,46,0.17,1432,1,0,0,0,0,0,1,0,0,0,0,0,0,0,0
2656,77,28.61,12,174,0,10.8,37,0.19,803,0,0,1,0,0,0,0,0,1,0,0,0,0,0,0
2657,48,28.53,12,241,0,80.3,69,0.22,1431,0,0,0,1,0,0,1,0,0,0,0,0,0,0,0
2658,59,24.59,9,330,0,78.4,15,0.31,626,0,0,0,0,0,0,0,1,0,0,0,0,0,0,0
2659,58,78.63,9,65,0,67.0,94,0.42,433,0,0,0,0,0,0,0,0,0,0,0,0,0,0,1
2660,60,97.02,14,93,0,53.1,67,0.04,1775,0,0,0,0,0,0,0,0,1,0,0,0,0,0,0
2661,33,86.36,11,212,0,39.0,28,0.42,1314,0,0,0,0,0,0,0,0,0,0,0,0,0,1,0
2662,27,58.58,16,240,0,68.3,63,0.84,1135,0,0,1,0,0,0,0,0,0,0,0,1,0,0,0
2663,66,251.94,16,109,0,78.2,94,0.35,1053,0,1,0,0,1,0,0,0,0,0,0,0,0,1,0
2664,49,83.38,13,46,0,80.9,3,0.51,208,0,0,0,1,0,0,1,0,0,0,0,0,0,0,0
2665,68,54.93,10,359,0,34.8,52,0.4,1232,0,1,0,0,0,0,0,0,0,1,0,0,0,0,1
2666,19,141.81,10,155,0,19.4,44,0.4,1423,0,0,0,1,0,0,0,0,0,0,0,0,0,0,0
2667,41,93.19,11,79,0,34.2,60,0.44,1605,0,0,0,0,0,0,0,1,0,0,0,0,0,0,0
2668,40,52.15,9,44,0,0.8,58,0.06,118,1,0,0,0,0,1,0,0,0,0,0,0,0,0,0
2669,19,17.95,9,356,0,50.95,95,0.38,583,0,0,1,0,0,0,0,0,0,0,0,0,0,1,0
2670,55,81.47,9,194,0,27.3,14,0.3,896,0,0,0,1,0,1,0,0,0,0,0,0,0,1,0
2671,48,164.43,11,236,0,79.0,6,0.71,685,0,0,0,0,0,0,1,0,0,0,0,0,0,0,0
2672,68,72.35,5,210,0,67.5,19,0.47,1058,1,0,0,0,0,0,0,0,0,0,0,1,0,0,0
2673,57,101.68,10,267,0,2.6,62,0.12,1047,0,0,0,0,0,0,0,0,0,0,0,0,1,0,0
2674,43,72.96,6,82,0,14.4,5,0.24,807,0,0,1,0,0,0,0,0,1,0,0,0,0,1,0
2675,46,72.87,13,112,0,54.2,49,0.15,547,1,0,0,0,0,1,0,0,0,0,0,0,0,0,0
2676,20,161.64,5,266,0,61.8,51,0.14,67,0,0,0,1,0,1,0,0,0,0,0,0,0,0,0
2677,75,57.62,8,130,0,76.9,26,0.6,21,0,0,0,1,0,0,0,0,1,0,0,0,0,0,0
2678,31,141.89,8,316,0,96.8,56,0.58,41,0,0,0,1,0,0,0,0,0,0,0,0,1,0,0
2679,42,339.59,6,55,0,70.2,18,0.18,1166,0,0,0,1,0,0,1,0,0,0,0,0,0,0,0
2680,65,77.58,11,237,0,54.5,45,0.11,1460,1,0,0,0,0,0,0,1,0,0,0,0,0,0,0
2681,18,53.84,11,25,0,41.4,95,0.12,1458,0,0,1,0,1,0,0,0,0,0,0,0,0,1,0
2682,70,96.08,6,341,0,73.8,82,0.32,398,1,0,0,0,0,1,0,0,0,0,0,0,0,0,0
2683,20,47.74,15,244,0,93.5,9,0.07,704,0,0,0,1,0,0,0,0,0,0,0,0,1,1,0
2684,71,236.98,14,208,0,42.3,90,0.24,532,0,0,1,0,0,0,0,0,0,0,0,0,1,0,1
2685,43,99.1,11,289,0,58.5,2,0.28,1786,0,1,0,0,0,0,0,0,0,0,0,1,0,1,0
2686,35,46.91,10,182,0,20.7,96,0.5,1576,0,1,0,0,0,1,0,0,0,0,0,0,0,1,0
2687,26,131.44,7,206,0,85.7,42,0.31,1318,1,0,0,0,0,0,0,0,0,0,0,0,0,0,0
2688,55,117.48,7,203,0,50.95,70,0.07,1758,0,0,0,1,0,0,1,0,0,0,0,0,0,1,0
2689,40,48.62,8,207,0,35.5,84,0.6,259,0,1,0,0,0,0,0,1,0,0,0,0,0,0,0
2690,38,218.68,11,71,0,87.4,72,0.32,321,0,1,0,0,0,0,0,0,0,0,0,0,1,0,0
2691,74,100.07,13,311,0,97.1,68,0.65,536,0,0,0,0,0,0,0,0,0,0,0,1,0,0,0
2692,18,25.25,13,338,0,28.9,89,0.32,130,0,0,0,0,0,0,0,0,0,0,0,1,0,0,1
2693,38,72.43,12,146,0,18.7,31,0.55,140,0,0,1,0,0,0,0,0,1,0,0,0,0,1,0
2694,44,258.6,13,203,0,83.2,19,0.34,1706,0,0,1,0,0,1,0,0,0,0,0,0,0,0,0
2695,59,208.99,15,348,0,58.2,71,0.11,769,0,0,0,1,0,0,0,0,0,0,0,0,1,1,0
2696,76,112.89,8,132,0,50.95,47,0.15,1430,0,1,0,0,0,0,0,1,0,0,0,0,0,1,0
2697,23,75.88,9,281,0,34.8,37,0.6,230,1,0,0,0,0,0,0,0,0,0,0,0,0,0,0
2698,72,174.78,7,77,0,58.1,94,0.75,1762,1,0,0,0,0,0,0,0,0,1,0,0,0,1,0
2699,61,110.68,7,96,0,57.7,91,0.21,314,0,0,0,0,0,0,0,0,0,1,0,0,0,0,0
2700,53,134.75,5,162,0,18.8,81,0.37,1263,0,0,1,0,0,0,0,0,0,0,0,0,0,0,0
2701,45,174.18,10,330,0,99.2,96,0.04,1344,0,0,0,1,0,0,0,0,0,0,0,0,1,0,0
2702,62,214.56,8,195,0,66.4,19,0.27,1173,0,0,0,0,0,1,0,0,0,0,0,0,0,0,1
2703,34,32.77,7,115,0,66.4,89,0.59,640,0,0,0,0,0,0,0,1,0,0,0,0,0,1,0
2704,76,38.56,5,160,0,50.95,93,0.15,263,0,0,0,1,0,0,0,0,1,0,0,0,0,0,0
2705,57,33.51,10,254,0,65.0,25,0.41,1090,0,0,0,1,0,1,0,0,0,0,0,0,0,0,0
2706,75,141.61,10,69,0,83.3,53,0.5,1408,0,1,0,0,1,0,0,0,0,0,0,0,0,0,0
2707,69,315.51,6,201,0,81.4,96,0.34,1810,0,0,0,1,0,1,0,0,0,0,0,0,0,1,0
2708,20,60.57,7,35,0,92.0,75,0.06,882,0,0,0,1,0,1,0,0,0,0,0,0,0,0,0
2709,29,99.75,7,304,0,14.9,4,0.14,479,0,0,0,0,0,0,1,0,0,0,0,0,0,1,0
2710,56,119.55,10,217,0,50.95,46,0.38,141,0,0,0,0,0,0,0,0,0,0,0,0,1,1,0
2711,29,211.97,5,308,0,71.0,31,0.23,1302,1,0,0,0,0,0,0,0,1,0,0,0,0,0,0
2712,19,77.0,10,196,0,80.8,36,0.25,796,1,0,0,0,0,0,1,0,0,0,0,0,0,0,0
2713,73,82.4,12,335,0,67.4,4,0.26,1778,1,0,0,0,0,0,0,0,0,0,0,0,1,0,1
2714,63,72.62,10,326,0,14.3,2,0.25,903,0,0,0,1,0,0,0,0,0,0,1,0,0,0,0
2715,39,218.94,10,191,0,59.5,39,0.27,864,0,1,0,0,0,0,0,0,1,0,0,0,0,0,0
2716,40,55.78,9,276,0,74.8,97,0.11,1688,0,0,0,0,0,0,0,0,0,0,0,0,1,1,0
2717,47,51.49,10,290,0,13.7,44,0.44,214,0,0,1,0,0,0,0,0,0,1,0,0,0,1,0
2718,22,93.19,14,85,0,5.6,91,0.41,1110,0,1,0,0,0,0,1,0,0,0,0,0,0,1,0
2719,26,55.53,7,21,0,25.5,90,0.42,1228,0,0,1,0,0,0,0,0,0,0,1,0,0,0,1
2720,38,29.65,7,133,0,9.1,19,0.71,334,0,0,0,1,0,0,0,0,1,0,0,0,0,1,0
2721,28,86.29,14,160,1,14.9,41,0.57,1499,0,0,1,0,1,0,0,0,0,0,0,0,0,1,0
2722,22,66.71,11,294,0,20.3,97,0.26,1478,1,0,0,0,0,0,0,1,0,0,0,0,0,0,0
2723,52,23.75,7,42,0,53.1,38,0.19,1203,0,0,0,0,1,0,0,0,0,0,0,0,0,1,0
2724,44,189.02,14,40,0,15.6,74,0.61,748,0,1,0,0,0,0,0,0,0,1,0,0,0,1,0
2725,66,111.86,5,290,0,60.5,65,0.47,1082,1,0,0,0,0,0,0,0,0,1,0,0,0,0,0
2726,19,77.17,8,279,0,29.1,35,0.61,1169,0,0,0,0,0,0,0,0,0,0,0,0,0,1,0
2727,41,78.1,7,182,0,31.1,11,0.42,149,1,0,0,0,0,0,0,0,0,0,0,0,0,1,0
2728,48,126.23,3,251,0,96.7,59,0.21,1111,0,1,0,0,1,0,0,0,0,0,0,0,0,1,0
2729,50,48.14,17,359,0,80.5,78,0.28,1429,0,0,0,1,0,0,1,0,0,0,0,0,0,0,0
2730,56,17.32,6,39,0,42.4,70,0.07,1111,0,0,1,0,0,1,0,0,0,0,0,0,0,0,0
2731,47,135.47,10,86,0,44.7,43,0.2,1426,0,0,0,1,0,0,0,0,0,0,0,0,1,1,0
2732,63,90.31,13,224,0,11.5,89,0.09,325,0,0,1,0,0,0,0,1,0,0,0,0,0,0,0
2733,54,70.26,9,284,0,84.5,87,0.42,1497,0,0,1,0,0,0,0,0,0,0,1,0,0,1,0
2734,68,106.85,6,137,0,0.4,5,0.16,1460,0,1,0,0,0,0,0,1,0,0,0,0,0,0,1
2735,45,125.98,6,334,0,14.4,26,0.29,1078,0,1,0,0,0,0,0,0,0,1,0,0,0,1,0
2736,77,81.13,10,137,0,53.4,82,0.21,102,0,0,0,1,0,0,0,0,0,0,0,0,0,0,0
2737,48,62.27,12,63,0,18.8,32,0.71,1615,0,0,0,0,0,1,0,0,0,0,0,0,0,0,0
2738,28,69.14,8,116,0,63.3,47,0.32,128,0,0,0,0,0,0,0,0,0,0,0,1,0,0,0
2739,40,153.01,13,97,0,0.4,56,0.32,222,0,0,0,1,0,0,0,0,1,0,0,0,0,1,0
2740,74,137.54,9,145,0,9.8,85,0.08,458,0,0,1,0,0,0,0,0,0,0,0,1,0,1,0
2741,19,80.53,10,84,0,76.5,90,0.49,145,0,1,0,0,0,0,0,0,0,0,0,1,0,0,0
2742,57,153.11,8,50,0,50.95,50,0.06,1406,0,0,0,1,0,0,1,0,0,0,0,0,0,1,0
2743,58,60.6,11,94,0,1.9,99,0.26,445,0,0,0,0,0,0,1,0,0,0,0,0,0,0,0
2744,44,120.95,8,277,0,50.95,74,0.26,51,0,0,1,0,0,0,0,0,0,0,0,0,0,0,0
2745,52,193.15,12,8,0,23.9,58,0.53,489,0,0,0,0,0,0,0,0,0,0,0,1,0,0,0
2746,19,91.59,8,346,0,84.9,28,0.25,368,0,0,1,0,0,0,0,0,0,0,1,0,0,1,0
2747,56,71.96,9,88,0,50.95,95,0.25,1766,0,0,0,0,0,0,0,0,0,1,0,0,0,0,0
2748,54,68.33,15,88,0,54.1,79,0.24,1302,1,0,0,0,0,0,0,0,0,0,0,1,0,0,0
2749,38,93.19,13,218,0,8.7,55,0.41,920,0,0,1,0,0,1,0,0,0,0,0,0,0,0,0
2750,75,154.48,7,329,0,65.7,58,0.17,485,0,0,1,0,0,0,0,0,1,0,0,0,0,1,0
2751,22,163.18,7,349,0,15.6,40,0.3,732,0,0,1,0,0,0,0,0,0,0,0,0,1,1,0
2752,69,192.88,11,285,0,52.2,58,0.28,426,1,0,0,0,0,0,0,0,0,0,0,0,0,1,0
2753,62,95.83,10,160,0,59.3,72,0.41,1206,1,0,0,0,0,0,0,0,0,0,0,0,0,1,0
2754,38,253.07,8,42,0,84.2,46,0.04,113,0,0,0,0,1,0,0,0,0,0,0,0,0,0,0
2755,46,293.95,11,245,0,80.6,74,0.49,982,0,1,0,0,0,1,0,0,0,0,0,0,0,0,1
2756,37,58.98,11,257,0,19.0,45,0.25,149,0,0,0,0,0,0,1,0,0,0,0,0,0,1,0
2757,78,83.39,14,342,0,91.6,10,0.11,474,0,0,1,0,0,0,0,0,0,1,0,0,0,0,0
2758,55,46.16,6,158,0,0.3,82,0.11,1716,0,0,1,0,0,0,0,0,0,0,1,0,0,1,0
2759,37,94.93,9,131,0,33.0,48,0.14,941,0,0,0,0,0,1,0,0,0,0,0,0,0,1,0
2760,67,104.31,8,46,0,6.6,92,0.33,1460,0,0,0,1,0,0,0,1,0,0,0,0,0,1,0
2761,42,74.49,8,339,0,72.1,62,0.22,1764,0,1,0,0,0,0,0,0,0,0,0,0,1,1,0
2762,19,316.84,9,88,0,50.0,28,0.14,1687,1,0,0,0,0,0,0,0,1,0,0,0,0,0,1
2763,74,36.12,12,44,0,50.95,20,0.26,180,0,1,0,0,1,0,0,0,0,0,0,0,0,1,0
2764,49,38.29,12,320,0,8.5,88,0.15,836,0,0,0,1,0,1,0,0,0,0,0,0,0,0,0
2765,43,261.4,18,193,0,22.6,70,0.34,1629,0,0,0,0,1,0,0,0,0,0,0,0,0,0,0
2766,23,21.28,8,5,0,92.1,41,0.32,77,0,0,0,0,0,0,0,0,0,0,0,0,1,0,1
2767,58,175.77,16,262,0,67.8,96,0.28,1789,0,0,1,0,0,0,0,0,0,0,0,1,0,1,0
2768,74,58.77,13,195,0,24.2,6,0.19,1513,0,0,0,0,1,0,0,0,0,0,0,0,0,1,0
2769,20,151.49,11,17,0,89.4,11,0.32,597,0,0,0,1,0,0,0,0,0,0,0,0,0,1,0
2770,50,30.06,10,296,0,13.6,30,0.25,485,0,0,0,0,0,0,1,0,0,0,0,0,0,1,0
2771,18,119.05,10,106,0,68.8,3,0.52,1174,0,0,0,0,0,0,0,0,0,0,0,1,0,1,0
2772,68,78.02,10,68,0,42.5,72,0.71,230,0,0,0,1,0,1,0,0,0,0,0,0,0,0,0
2773,22,235.81,5,24,0,26.8,33,0.15,184,1,0,0,0,0,0,0,0,1,0,0,0,0,0,0
2774,30,49.04,10,55,0,26.2,54,0.43,824,0,1,0,0,0,0,0,0,0,0,0,0,0,0,0
2775,36,105.97,14,0,0,50.1,47,0.1,608,0,0,0,0,0,0,0,0,0,0,0,0,1,0,0
2776,29,41.04,9,182,0,93.1,83,0.32,1388,0,1,0,0,0,0,0,0,0,0,0,1,0,1,0
2777,65,35.62,9,53,0,74.2,10,0.43,29,0,1,0,0,0,0,0,0,0,0,0,0,0,1,0
2778,42,182.11,13,80,0,66.2,19,0.11,1673,0,0,1,0,0,0,1,0,0,0,0,0,0,0,1
2779,74,89.63,7,159,0,87.6,9,0.36,745,1,0,0,0,0,0,0,0,0,0,0,1,0,0,0
2780,68,196.86,10,225,0,57.0,7,0.06,1072,0,1,0,0,0,0,0,0,0,1,0,0,0,0,0
2781,52,57.16,12,263,0,19.2,61,0.16,966,0,0,1,0,0,0,0,0,0,1,0,0,0,0,0
2782,29,101.28,10,108,0,97.7,14,0.42,952,0,0,0,1,0,0,0,0,0,0,0,1,0,1,0
2783,47,173.74,7,308,0,53.5,2,0.35,1527,0,0,0,1,0,0,0,0,0,0,0,1,0,1,0
2784,22,193.23,7,43,0,31.5,22,0.18,1083,0,0,0,1,0,0,0,0,0,1,0,0,0,1,0
2785,51,58.35,11,200,0,77.8,60,0.29,666,0,0,0,1,0,1,0,0,0,0,0,0,0,1,0
2786,39,159.46,14,283,0,46.4,45,0.29,1455,0,0,0,1,1,0,0,0,0,0,0,0,0,1,0
2787,56,151.37,8,146,0,50.95,20,0.34,116,0,0,1,0,0,0,0,0,1,0,0,0,0,0,0
2788,30,200.2,11,198,0,32.0,26,0.18,342,1,0,0,0,0,0,0,0,0,0,0,0,0,0,0
2789,74,76.64,9,233,0,45.7,59,0.15,343,1,0,0,0,0,0,0,0,0,0,0,0,0,0,0
2790,64,121.88,7,183,0,37.3,68,0.26,1417,0,0,1,0,0,0,0,0,0,0,0,0,1,0,0
2791,71,115.25,9,34,0,55.2,39,0.38,312,0,0,1,0,0,0,0,0,1,0,0,0,0,0,1
2792,20,67.35,9,208,0,18.3,23,0.3,539,0,0,0,0,0,0,0,0,0,0,1,0,0,1,0
2793,77,147.7,12,359,0,57.2,80,0.5,786,0,1,0,0,0,0,0,0,0,1,0,0,0,1,0
2794,70,158.72,13,62,0,98.7,25,0.12,1026,0,0,0,1,0,0,0,0,0,0,1,0,0,0,0
2795,37,57.41,5,81,0,75.4,73,0.14,806,0,1,0,0,0,0,1,0,0,0,0,0,0,1,0
2796,48,228.7,6,262,0,68.5,53,0.35,1482,0,0,0,0,0,0,0,0,1,0,0,0,0,1,0
2797,22,128.09,14,254,0,20.1,11,0.34,899,1,0,0,0,0,0,0,1,0,0,0,0,0,1,0
2798,41,37.41,5,38,0,58.2,25,0.29,1108,0,0,0,1,0,0,0,0,0,0,0,0,1,1,0
2799,57,52.23,11,285,0,82.0,31,0.19,589,1,0,0,0,0,0,0,0,0,0,0,1,0,0,0
2800,71,151.68,18,22,0,24.1,46,0.1,1330,0,0,1,0,0,0,1,0,0,0,0,0,0,1,0
2801,50,160.31,9,83,0,8.7,27,0.31,797,0,1,0,0,1,0,0,0,0,0,0,0,0,0,0
2802,25,225.7,11,302,0,66.2,63,0.25,810,1,0,0,0,0,0,0,1,0,0,0,0,0,0,0
2803,41,65.45,14,205,0,67.4,47,0.43,683,0,0,0,0,0,0,0,0,1,0,0,0,0,1,0
2804,67,69.43,11,94,0,80.4,14,0.31,824,1,0,0,0,0,0,0,0,1,0,0,0,0,1,0
2805,37,306.02,8,62,0,63.0,23,0.44,939,0,0,0,1,0,0,0,0,0,0,1,0,0,1,0
2806,77,214.75,21,136,0,84.8,16,0.62,92,0,0,0,1,0,1,0,0,0,0,0,0,0,1,0
2807,33,110.35,8,150,0,26.6,20,0.16,209,0,1,0,0,0,0,0,0,0,0,1,0,0,0,0
2808,67,94.39,11,116,0,3.5,3,0.57,1561,0,0,1,0,0,0,0,0,0,0,0,0,0,0,0
2809,69,284.1,13,190,0,73.3,6,0.31,1569,0,0,0,1,0,0,0,0,0,0,1,0,0,0,0
2810,29,41.85,9,201,0,38.6,29,0.12,112,0,0,0,0,0,1,0,0,0,0,0,0,0,1,0
2811,30,82.88,10,249,0,21.0,4,0.12,1375,0,1,0,0,1,0,0,0,0,0,0,0,0,0,0
2812,62,121.11,7,86,0,5.2,65,0.27,608,0,0,0,1,0,0,1,0,0,0,0,0,0,0,0
2813,59,164.36,12,73,0,50.95,8,0.5,51,0,0,0,0,0,0,0,0,0,1,0,0,0,0,0
2814,56,57.88,6,321,0,82.6,48,0.33,275,1,0,0,0,0,0,0,0,1,0,0,0,0,0,0
2815,42,92.47,7,36,0,38.9,84,0.28,282,0,0,0,0,0,0,0,0,0,0,0,1,0,0,0
2816,63,99.22,10,124,0,88.5,16,0.08,775,0,1,0,0,0,0,0,0,0,0,1,0,0,0,0
2817,49,405.77,8,165,0,41.6,47,0.21,1022,0,0,0,1,0,0,0,1,0,0,0,0,0,0,0
2818,79,225.84,9,0,0,95.2,31,0.29,1159,0,0,1,0,1,0,0,0,0,0,0,0,0,1,0
2819,41,362.07,11,337,0,98.3,96,0.34,873,0,0,1,0,0,0,0,0,0,0,0,0,1,0,0
2820,65,76.4,12,290,0,81.8,98,0.44,1032,0,0,0,0,0,0,0,0,1,0,0,0,0,1,0
2821,64,244.98,8,70,0,25.6,29,0.05,1620,0,0,0,0,0,1,0,0,0,0,0,0,0,1,0
2822,61,160.91,10,107,0,36.6,76,0.45,387,0,0,0,0,0,0,0,0,0,0,0,0,0,0,1
2823,26,106.12,8,85,0,53.3,68,0.39,649,0,0,0,1,0,1,0,0,0,0,0,0,0,0,1
2824,57,129.72,14,180,0,32.9,43,0.34,1784,0,0,1,0,0,0,0,0,0,0,1,0,0,1,0
2825,67,58.3,11,24,0,81.9,34,0.14,1823,0,0,1,0,0,0,1,0,0,0,0,0,0,1,0
2826,40,21.19,4,297,0,92.8,6,0.64,194,0,1,0,0,0,0,0,0,0,0,0,0,0,1,0
2827,67,55.28,9,150,0,98.6,49,0.23,198,0,1,0,0,0,0,0,1,0,0,0,0,0,0,0
2828,30,116.36,5,264,0,33.6,60,0.24,696,1,0,0,0,0,1,0,0,0,0,0,0,0,0,0
2829,77,112.16,12,202,0,27.0,51,0.33,936,0,0,0,1,0,0,0,1,0,0,0,0,0,0,1
2830,76,229.78,9,50,0,16.1,9,0.27,743,0,0,0,0,0,0,0,0,0,0,0,0,1,0,0
2831,49,155.03,8,219,1,4.7,5,0.43,888,0,1,0,0,0,0,0,1,0,0,0,0,0,1,0
2832,67,185.57,14,56,0,17.7,64,0.15,44,1,0,0,0,0,0,0,0,1,0,0,0,0,0,0
2833,32,55.98,13,81,0,28.5,16,0.26,826,1,0,0,0,1,0,0,0,0,0,0,0,0,1,0
2834,53,56.3,10,163,0,39.1,59,0.43,1570,0,0,1,0,0,0,0,0,0,0,0,0,0,0,1
2835,66,46.84,13,268,0,11.0,56,0.31,1788,0,0,0,1,0,0,0,0,1,0,0,0,0,0,0
2836,22,28.62,10,182,0,82.0,65,0.32,1651,0,0,0,1,0,0,0,0,0,0,0,1,0,0,0
2837,39,81.79,12,179,0,61.9,84,0.24,1678,0,0,0,0,0,1,0,0,0,0,0,0,0,1,0
2838,33,74.13,4,283,0,56.3,35,0.16,1297,0,0,0,1,0,1,0,0,0,0,0,0,0,1,0
2839,58,142.79,16,85,0,54.5,10,0.14,132,0,0,0,0,0,0,0,0,0,0,0,1,0,1,0
2840,27,273.36,11,110,0,29.0,89,0.34,839,0,0,0,1,0,0,0,1,0,0,0,0,0,0,0
2841,41,21.82,7,157,0,93.8,47,0.63,1320,0,0,1,0,0,0,0,0,1,0,0,0,0,0,0
2842,35,71.59,4,44,0,23.2,92,0.03,894,1,0,0,0,0,0,0,0,0,0,0,0,0,1,0
2843,66,71.8,8,37,0,66.9,35,0.25,2,0,0,0,1,0,0,0,0,0,0,0,0,0,0,0
2844,35,88.33,15,19,0,25.3,62,0.13,1562,0,0,0,1,0,0,0,0,0,0,0,1,0,0,0
2845,24,101.86,9,96,0,99.0,33,0.36,1315,0,0,1,0,0,1,0,0,0,0,0,0,0,1,0
2846,21,59.56,8,357,0,91.2,15,0.03,522,0,1,0,0,0,0,0,0,0,0,0,1,0,0,0
2847,43,129.32,5,58,0,50.95,85,0.5,1693,0,0,0,0,0,0,0,0,0,0,0,0,1,0,0
2848,22,42.07,11,223,0,98.7,35,0.15,500,0,1,0,0,0,0,0,0,0,0,0,0,1,0,1
2849,77,40.39,11,297,0,62.6,10,0.38,559,1,0,0,0,0,0,0,0,0,0,0,0,1,1,0
2850,72,178.66,9,188,0,72.9,80,0.25,639,0,1,0,0,0,0,0,0,0,1,0,0,0,1,0
2851,33,216.83,8,58,0,28.3,20,0.32,163,1,0,0,0,1,0,0,0,0,0,0,0,0,1,0
2852,52,48.64,10,7,0,21.6,8,0.42,1557,0,0,0,0,0,0,1,0,0,0,0,0,0,1,0
2853,43,52.52,13,312,0,85.8,95,0.13,750,0,0,1,0,0,0,0,0,0,0,1,0,0,1,0
2854,35,70.61,13,101,0,50.95,8,0.52,319,1,0,0,0,0,0,0,0,0,1,0,0,0,0,0
2855,46,93.19,8,339,0,91.8,13,0.55,185,0,0,0,0,0,0,0,0,0,0,0,0,0,0,0
2856,40,148.63,11,20,0,36.7,88,0.12,1489,0,0,1,0,0,0,0,1,0,0,0,0,0,0,0
2857,70,34.53,10,304,0,0.9,76,0.38,648,0,1,0,0,0,1,0,0,0,0,0,0,0,1,0
2858,31,134.11,9,215,0,59.2,59,0.35,1073,0,1,0,0,0,0,0,1,0,0,0,0,0,0,0
2859,32,143.51,5,309,0,35.4,81,0.2,685,1,0,0,0,0,0,0,0,0,0,0,1,0,0,0
2860,66,165.25,4,230,0,97.6,47,0.33,1688,0,0,0,1,0,1,0,0,0,0,0,0,0,0,0
2861,50,165.23,16,235,0,38.7,60,0.19,670,0,0,0,1,0,0,0,0,0,0,1,0,0,0,0
2862,42,228.75,11,150,0,31.4,41,0.03,866,0,0,1,0,0,0,0,0,0,0,1,0,0,0,0
2863,38,125.24,13,67,0,56.6,52,0.09,697,0,1,0,0,0,0,0,0,1,0,0,0,0,0,1
2864,34,171.29,11,45,0,73.0,76,0.37,89,0,0,0,0,0,0,0,1,0,0,0,0,0,1,0
2865,40,21.25,9,221,0,96.7,54,0.3,390,0,0,1,0,0,0,1,0,0,0,0,0,0,0,0
2866,74,123.93,11,239,0,7.0,36,0.26,1609,1,0,0,0,0,0,0,0,0,0,1,0,0,1,0
2867,60,138.09,17,155,0,42.0,77,0.39,1296,1,0,0,0,1,0,0,0,0,0,0,0,0,1,0
2868,34,171.28,18,94,0,66.4,99,0.56,46,0,0,1,0,0,0,0,0,1,0,0,0,0,1,0
2869,75,137.31,17,96,0,0.5,69,0.25,1611,0,0,0,0,0,0,1,0,0,0,0,0,0,1,0
2870,31,103.4,13,305,0,48.9,13,0.39,190,0,1,0,0,0,1,0,0,0,0,0,0,0,1,0
2871,46,44.3,10,82,0,80.7,72,0.13,1086,0,1,0,0,0,0,0,1,0,0,0,0,0,1,0
2872,37,93.19,9,244,0,5.1,11,0.49,1441,0,0,0,0,0,0,0,1,0,0,0,0,0,1,0
2873,47,63.28,15,62,0,34.1,8,0.16,738,0,1,0,0,0,0,1,0,0,0,0,0,0,0,1
2874,36,235.07,6,9,0,40.1,31,0.47,967,0,0,0,1,0,0,1,0,0,0,0,0,0,1,0
2875,70,41.71,15,88,0,71.6,62,0.49,49,0,0,0,1,0,0,0,0,0,0,1,0,0,0,0
2876,56,245.28,9,164,0,29.6,12,0.29,858,0,0,0,0,0,1,0,0,0,0,0,0,0,1,0
2877,73,93.19,14,325,0,24.6,11,0.06,894,0,0,0,1,0,0,0,0,1,0,0,0,0,0,1
2878,30,142.19,10,285,0,11.6,17,0.64,1487,0,0,1,0,1,0,0,0,0,0,0,0,0,0,0
2879,35,60.1,11,214,0,50.95,27,0.19,1173,0,1,0,0,0,0,0,0,0,0,0,0,0,0,0
2880,40,64.07,7,335,0,47.2,77,0.0,255,0,0,1,0,0,0,0,0,0,0,0,0,0,0,0
2881,79,98.53,7,71,0,4.8,13,0.25,78,0,0,0,0,0,0,0,0,0,1,0,0,0,1,0
2882,63,54.27,7,207,0,7.7,86,0.39,325,0,0,0,1,1,0,0,0,0,0,0,0,0,0,1
2883,50,94.69,9,138,0,50.95,44,0.23,1513,0,0,1,0,0,1,0,0,0,0,0,0,0,0,0
2884,56,67.54,10,245,0,21.2,58,0.44,1102,0,0,1,0,0,1,0,0,0,0,0,0,0,0,0
2885,57,52.48,10,128,0,74.0,88,0.34,197,1,0,0,0,0,0,0,0,1,0,0,0,0,0,0
2886,35,156.14,9,99,0,55.9,30,0.71,1191,0,0,1,0,0,0,0,1,0,0,0,0,0,1,0
2887,26,24.87,8,10,0,77.7,13,0.48,306,0,0,0,1,0,0,0,0,0,1,0,0,0,0,0
2888,50,266.77,15,339,0,2.0,8,0.18,1461,0,1,0,0,0,0,0,0,1,0,0,0,0,1,0
2889,49,109.11,8,175,0,26.5,69,0.25,713,0,1,0,0,0,0,0,0,0,1,0,0,0,0,0
2890,78,93.19,15,316,0,40.6,64,0.13,865,0,1,0,0,0,0,0,1,0,0,0,0,0,1,0
2891,71,172.13,10,356,0,42.9,52,0.23,219,0,0,0,1,0,0,0,0,0,0,0,1,0,0,1
2892,34,22.87,7,315,0,5.4,6,0.19,972,0,1,0,0,0,0,0,0,0,1,0,0,0,1,0
2893,36,93.19,9,149,1,51.2,71,0.19,904,0,1,0,0,0,0,0,0,1,0,0,0,0,1,0
2894,44,66.21,9,74,0,28.7,54,0.39,683,0,0,0,0,0,0,0,0,0,0,0,1,0,0,0
2895,23,93.19,8,98,0,19.1,22,0.21,364,0,0,0,0,0,0,1,0,0,0,0,0,0,0,0
2896,52,335.92,8,264,0,50.95,63,0.21,1022,1,0,0,0,1,0,0,0,0,0,0,0,0,0,0
2897,73,101.24,10,242,0,8.4,94,0.43,1127,1,0,0,0,0,0,0,0,0,0,1,0,0,1,0
2898,54,117.06,10,82,0,86.7,79,0.21,409,0,0,1,0,0,0,0,0,1,0,0,0,0,1,0
2899,51,254.39,10,292,0,90.0,37,0.11,768,0,0,1,0,0,0,1,0,0,0,0,0,0,0,0
2900,37,93.19,7,69,0,32.6,56,0.05,179,0,0,1,0,0,0,0,0,0,0,0,0,0,0,1
2901,42,22.81,8,227,1,98.7,41,0.47,1062,1,0,0,0,0,0,0,0,0,0,0,0,0,0,0
2902,21,97.01,10,171,0,40.1,60,0.31,331,0,1,0,0,0,1,0,0,0,0,0,0,0,0,0
2903,27,93.27,7,130,0,96.2,20,0.16,529,0,0,1,0,0,0,0,0,1,0,0,0,0,0,1
2904,27,68.25,12,9,0,98.7,95,0.25,1815,0,1,0,0,0,0,0,0,0,0,0,0,1,1,0
2905,41,121.74,13,55,0,82.7,69,0.22,240,0,1,0,0,0,0,0,0,0,0,1,0,0,0,0
2906,38,105.88,8,32,0,50.95,45,0.2,348,1,0,0,0,0,0,0,0,0,0,0,0,1,0,0
2907,28,89.78,16,243,0,58.4,58,0.2,938,0,0,0,0,1,0,0,0,0,0,0,0,0,1,0
2908,44,160.24,12,225,0,73.2,76,0.14,205,0,0,0,0,0,1,0,0,0,0,0,0,0,0,0
2909,33,271.71,9,227,0,7.7,37,0.24,466,0,0,0,1,0,0,0,0,0,0,1,0,0,0,0
2910,43,51.73,12,244,0,89.4,94,0.37,364,0,0,0,0,0,0,0,0,0,0,0,1,0,1,0
2911,78,51.88,16,102,0,85.2,39,0.46,315,0,0,1,0,0,0,0,0,0,1,0,0,0,1,0
2912,78,142.83,13,196,0,93.4,3,0.32,1462,1,0,0,0,0,0,0,0,0,0,1,0,0,1,0
2913,47,71.19,8,300,0,51.4,77,0.18,796,0,1,0,0,0,0,0,1,0,0,0,0,0,0,0
2914,66,133.02,11,312,0,32.4,75,0.31,639,1,0,0,0,0,0,0,0,0,0,0,1,0,1,0
2915,33,46.78,7,208,0,50.6,74,0.05,1238,0,0,0,1,0,0,0,0,0,1,0,0,0,1,0
2916,24,318.19,5,191,0,72.9,94,0.31,1472,0,0,0,1,1,0,0,0,0,0,0,0,0,0,0
2917,33,77.67,6,126,0,41.6,73,0.28,986,0,0,0,1,0,0,0,0,0,0,0,0,0,0,0
2918,52,231.69,9,9,0,35.2,94,0.3,956,0,1,0,0,0,0,0,0,0,1,0,0,0,0,0
2919,75,140.56,12,329,0,7.7,93,0.19,1406,0,0,0,1,0,0,0,1,0,0,0,0,0,0,0
2920,33,104.87,11,65,0,44.7,38,0.17,1296,0,0,0,1,0,1,0,0,0,0,0,0,0,0,0
2921,57,83.03,10,357,0,39.3,46,0.15,523,0,0,0,1,0,0,0,0,0,1,0,0,0,0,1
2922,79,63.97,7,340,0,66.3,49,0.15,587,0,1,0,0,0,0,0,0,0,0,1,0,0,0,0
2923,29,104.26,5,157,0,43.9,34,0.49,1033,0,0,0,1,0,0,0,0,0,0,1,0,0,0,0
2924,52,141.67,11,255,0,0.4,26,0.21,411,0,0,1,0,0,1,0,0,0,0,0,0,0,1,0
2925,66,69.29,10,337,0,48.4,2,0.46,1160,1,0,0,0,0,0,0,0,0,0,1,0,0,0,1
2926,38,99.06,13,34,0,77.4,56,0.19,625,0,0,0,1,1,0,0,0,0,0,0,0,0,1,0
2927,67,68.98,10,308,0,94.5,7,0.3,755,0,0,0,1,0,0,0,1,0,0,0,0,0,1,0
2928,60,101.71,10,166,0,19.3,36,0.19,1111,1,0,0,0,0,0,0,0,1,0,0,0,0,1,0
2929,53,47.26,8,21,0,42.3,40,0.5,333,0,0,0,1,0,0,0,0,1,0,0,0,0,1,0
2930,65,31.62,10,66,0,50.95,78,0.19,1402,0,0,0,1,0,0,0,0,0,0,0,0,0,0,1
2931,34,164.17,9,197,0,4.3,91,0.24,1150,0,0,1,0,0,0,1,0,0,0,0,0,0,0,0
2932,49,31.94,11,99,0,35.0,26,0.21,220,0,0,0,0,1,0,0,0,0,0,0,0,0,0,0
2933,58,83.96,17,335,0,50.95,84,0.13,486,0,1,0,0,0,0,1,0,0,0,0,0,0,0,0
2934,23,26.72,11,194,0,34.3,99,0.52,1579,0,1,0,0,0,0,0,0,1,0,0,0,0,0,0
2935,41,90.51,9,99,0,48.9,75,0.04,710,1,0,0,0,0,0,0,0,0,1,0,0,0,1,0
2936,44,37.15,13,74,0,93.9,90,0.29,1729,0,0,1,0,0,0,0,0,0,1,0,0,0,0,0
2937,37,102.71,5,16,0,2.4,99,0.29,842,0,1,0,0,0,0,0,0,0,1,0,0,0,0,0
2938,42,22.57,3,146,0,7.8,69,0.18,685,1,0,0,0,0,0,0,0,0,0,1,0,0,1,0
2939,19,167.18,11,249,1,19.7,16,0.2,264,1,0,0,0,0,0,0,0,0,0,1,0,0,0,0
2940,26,186.02,12,254,0,38.5,75,0.46,759,1,0,0,0,0,0,0,0,0,0,0,0,1,1,0
2941,45,62.54,10,187,0,47.1,97,0.34,1246,0,1,0,0,0,0,0,0,0,1,0,0,0,1,0
2942,70,436.5,9,327,0,3.7,9,0.21,86,0,0,0,0,0,0,0,0,0,1,0,0,0,1,0
2943,78,93.19,11,345,0,88.3,22,0.32,386,1,0,0,0,0,0,0,0,0,0,0,1,0,1,0
2944,55,52.39,10,239,0,75.9,5,0.62,748,0,0,0,1,0,1,0,0,0,0,0,0,0,0,0
2945,20,60.72,6,306,0,26.8,84,0.39,489,0,0,0,0,0,0,0,0,1,0,0,0,0,0,0
2946,37,31.59,14,175,0,25.7,43,0.21,709,0,0,0,0,0,0,0,0,0,0,1,0,0,1,0
2947,23,214.94,11,312,1,2.6,98,0.42,155,0,0,0,1,0,0,0,1,0,0,0,0,0,0,0
2948,56,119.41,10,31,0,39.9,30,0.07,583,0,1,0,0,0,0,0,0,0,0,1,0,0,0,0
2949,50,180.8,8,334,0,25.4,74,0.08,1601,0,1,0,0,0,0,0,1,0,0,0,0,0,1,0
2950,72,22.93,2,121,0,61.8,32,0.09,1269,0,0,1,0,0,0,0,0,0,0,0,0,1,1,0
2951,18,45.03,11,323,0,54.8,88,0.55,1513,0,1,0,0,0,0,0,1,0,0,0,0,0,0,1
2952,54,72.73,13,27,1,95.7,17,0.26,1323,0,0,1,0,0,0,0,0,0,0,1,0,0,0,0
2953,23,93.19,13,188,0,79.5,67,0.46,88,1,0,0,0,0,0,0,0,0,0,0,0,0,0,1
2954,62,93.19,16,332,0,8.1,26,0.07,712,0,1,0,0,0,0,0,0,0,0,1,0,0,1,0
2955,51,44.13,7,139,0,70.4,12,0.09,872,0,1,0,0,1,0,0,0,0,0,0,0,0,0,0
2956,64,156.51,7,270,0,10.7,37,0.2,285,0,0,0,1,0,0,0,0,0,0,0,0,0,1,0
2957,32,137.29,10,284,0,32.3,42,0.33,1068,1,0,0,0,0,0,0,0,0,1,0,0,0,1,0
2958,62,97.3,10,342,0,55.5,57,0.25,805,0,0,1,0,0,0,0,0,1,0,0,0,0,0,0
2959,43,71.99,12,268,0,49.6,12,0.47,139,1,0,0,0,0,0,0,1,0,0,0,0,0,1,0
2960,74,72.61,12,293,0,50.95,46,0.12,980,0,0,0,0,0,0,0,0,0,0,1,0,0,1,0
2961,31,25.21,8,185,0,81.0,97,0.2,1419,0,0,0,1,0,0,0,0,0,0,1,0,0,1,0
2962,75,361.97,9,109,0,82.9,27,0.06,1374,0,0,0,0,0,0,0,1,0,0,0,0,0,1,0
2963,71,43.72,15,254,0,5.8,78,0.36,494,0,0,1,0,0,0,1,0,0,0,0,0,0,0,0
2964,24,55.31,10,34,0,64.2,7,0.12,970,0,1,0,0,0,0,0,0,1,0,0,0,0,0,0
2965,63,34.66,6,331,0,50.95,38,0.19,308,0,1,0,0,0,0,0,0,0,0,0,1,0,1,0
2966,75,49.15,10,221,0,50.95,48,0.4,873,0,1,0,0,0,1,0,0,0,0,0,0,0,1,0
2967,48,112.11,11,109,0,52.0,42,0.08,774,0,0,1,0,0,0,0,0,0,1,0,0,0,1,0
2968,41,43.17,10,260,0,99.9,27,0.26,1213,0,0,0,0,0,0,0,0,0,0,0,0,0,0,0
2969,76,173.56,9,1,0,4.4,10,0.33,75,0,0,1,0,0,0,0,0,0,0,1,0,0,1,0
2970,48,65.03,8,233,1,8.8,42,0.12,221,0,0,1,0,0,0,0,0,0,0,0,0,1,0,0
2971,46,39.81,13,285,0,76.8,58,0.37,930,0,0,0,0,0,0,0,0,1,0,0,0,0,1,0
2972,59,93.19,4,98,0,55.0,41,0.44,1062,0,1,0,0,0,0,0,1,0,0,0,0,0,1,0
2973,49,30.32,14,118,0,50.95,9,0.02,1748,0,0,0,1,0,0,0,0,0,0,1,0,0,0,0
2974,34,43.95,10,9,0,37.5,98,0.18,1823,0,0,1,0,0,0,0,0,0,0,0,0,0,0,0
2975,31,159.58,12,72,0,6.4,46,0.22,98,0,0,1,0,0,0,0,0,0,0,0,0,1,1,0
2976,57,77.8,8,208,0,52.6,93,0.35,95,0,0,0,0,0,1,0,0,0,0,0,0,0,0,0
2977,53,170.91,10,123,0,10.4,82,0.09,1214,0,0,0,1,0,1,0,0,0,0,0,0,0,0,0
2978,75,67.26,6,37,0,0.7,54,0.26,1816,0,0,1,0,0,0,0,0,0,0,0,0,0,0,0
2979,65,159.57,7,93,0,32.2,93,0.13,394,1,0,0,0,0,0,0,0,1,0,0,0,0,0,0
2980,41,78.22,6,232,0,23.4,94,0.2,16,0,0,0,1,0,0,0,0,0,0,0,0,1,0,0
2981,62,121.84,8,162,0,36.2,59,0.58,1350,0,0,1,0,0,0,0,1,0,0,0,0,0,0,1
2982,71,53.78,10,326,0,35.0,13,0.2,25,0,0,0,1,0,0,0,0,0,0,0,0,1,1,0
2983,44,174.86,10,139,0,63.0,86,0.41,1089,1,0,0,0,1,0,0,0,0,0,0,0,0,0,0
2984,42,152.33,8,241,0,68.0,16,0.29,1223,1,0,0,0,0,0,0,1,0,0,0,0,0,0,0
2985,76,61.56,5,169,0,12.7,45,0.17,1488,0,0,0,1,0,0,0,0,0,1,0,0,0,1,0
2986,49,104.22,11,97,0,48.9,32,0.26,1114,0,1,0,0,0,0,0,0,0,0,0,1,0,1,0
2987,69,52.05,9,66,0,88.9,40,0.27,1592,0,0,0,1,0,0,0,0,0,1,0,0,0,1,0
2988,35,53.31,13,288,0,14.8,90,0.28,704,0,0,0,0,0,0,0,0,0,0,0,1,0,0,0
2989,63,27.49,10,103,0,96.7,95,0.32,204,0,1,0,0,0,0,0,0,0,1,0,0,0,0,0
2990,35,113.06,11,140,0,1.9,44,0.35,1171,1,0,0,0,0,0,0,0,0,0,0,0,1,0,0
2991,54,27.66,11,202,0,10.0,83,0.51,720,0,1,0,0,0,0,0,0,1,0,0,0,0,1,0
2992,43,74.89,12,289,0,17.8,98,0.48,1340,1,0,0,0,0,0,0,0,0,0,0,0,0,0,0
2993,26,44.99,4,305,0,47.0,47,0.21,1134,1,0,0,0,0,0,0,0,0,0,1,0,0,0,1
2994,77,264.66,12,136,0,29.9,70,0.32,1602,1,0,0,0,0,0,0,0,0,0,0,1,0,1,0
2995,52,41.23,14,262,0,41.8,60,0.32,1398,0,0,0,0,0,0,0,0,0,0,1,0,0,0,0
2996,25,142.98,12,105,0,94.1,35,0.21,915,0,0,0,0,1,0,0,0,0,0,0,0,0,0,0
2997,37,128.43,4,129,0,34.1,75,0.44,1297,0,0,1,0,1,0,0,0,0,0,0,0,0,0,0
2998,71,102.62,9,260,0,84.8,60,0.45,257,0,0,0,0,0,0,0,0,0,0,1,0,0,0,0
2999,59,108.23,9,112,0,7.3,37,0.26,1358,1,0,0,0,1,0,0,0,0,0,0,0,0,0,0
3000,39,36.52,10,321,0,81.2,22,0.41,1366,0,0,0,1,0,0,0,1,0,0,0,0,0,1,0
3001,36,278.91,10,115,0,90.2,13,0.09,1459,0,1,0,0,0,0,0,0,0,0,1,0,0,0,0
3002,47,173.56,16,137,0,28.5,16,0.31,715,0,0,0,1,1,0,0,0,0,0,0,0,0,1,0
3003,70,80.85,11,160,0,54.7,90,0.2,1753,1,0,0,0,0,0,0,0,0,0,0,1,0,1,0
3004,45,102.63,11,107,0,18.7,86,0.35,998,0,0,0,1,0,0,0,0,1,0,0,0,0,1,0
3005,52,255.86,9,247,0,9.1,60,0.31,944,0,1,0,0,1,0,0,0,0,0,0,0,0,0,0
3006,60,195.56,10,133,0,50.95,42,0.2,524,0,0,1,0,0,0,0,0,0,0,1,0,0,1,0
3007,28,141.56,13,13,0,63.0,13,0.02,1056,0,0,1,0,0,0,0,0,0,0,0,1,0,1,0
3008,48,56.54,9,77,0,75.2,87,0.26,575,0,0,0,0,0,0,0,0,0,0,1,0,0,1,0
3009,66,123.31,8,270,0,44.0,63,0.23,575,0,0,0,1,0,1,0,0,0,0,0,0,0,0,1
3010,65,93.19,13,224,0,25.0,32,0.15,708,0,0,0,0,0,0,0,0,0,0,0,0,1,0,0
3011,56,53.56,10,120,0,42.7,23,0.16,139,0,0,0,0,0,0,0,0,0,0,0,0,1,0,0
3012,53,93.19,10,222,0,6.5,43,0.28,1777,0,0,0,1,0,0,0,0,0,0,0,0,1,0,0
3013,47,270.15,8,208,0,28.4,32,0.29,423,0,0,0,1,0,0,0,0,0,1,0,0,0,0,0
3014,40,73.46,5,239,0,29.8,28,0.16,1212,0,1,0,0,0,0,0,1,0,0,0,0,0,1,0
3015,36,106.36,10,20,0,71.5,33,0.14,257,0,0,0,1,0,0,0,0,0,0,1,0,0,0,1
3016,29,30.33,8,284,0,5.3,26,0.25,1709,0,0,0,1,0,0,0,1,0,0,0,0,0,1,0
3017,32,36.78,11,328,0,24.5,94,0.4,1320,0,0,0,0,0,0,0,0,0,0,1,0,0,1,0
3018,48,47.63,17,92,0,27.7,81,0.06,1260,0,0,1,0,0,1,0,0,0,0,0,0,0,1,0
3019,60,113.76,8,254,0,55.1,42,0.21,959,1,0,0,0,1,0,0,0,0,0,0,0,0,0,0
3020,54,190.92,17,161,0,24.5,29,0.37,225,0,0,1,0,0,0,0,0,0,1,0,0,0,0,0
3021,54,83.91,5,302,0,13.2,2,0.49,1736,0,0,0,1,0,0,0,0,1,0,0,0,0,0,0
3022,32,93.19,9,251,0,25.8,34,0.19,778,1,0,0,0,0,0,0,0,0,0,1,0,0,1,0
3023,46,69.23,8,264,0,42.2,38,0.11,1056,0,0,0,1,0,0,0,0,0,0,0,1,0,0,0
3024,67,321.19,12,187,0,52.5,12,0.14,925,0,1,0,0,1,0,0,0,0,0,0,0,0,1,0
3025,60,57.24,7,111,0,3.7,52,0.17,1025,0,0,0,1,0,0,0,0,0,0,0,0,0,1,0
3026,43,93.19,8,29,0,31.0,21,0.07,1110,1,0,0,0,0,0,0,0,0,0,0,0,0,1,0
3027,61,93.19,11,272,0,76.4,91,0.1,641,0,1,0,0,0,0,0,0,1,0,0,0,0,0,0
3028,19,47.68,10,314,0,59.8,40,0.49,1464,1,0,0,0,0,0,0,0,0,0,0,1,0,1,0
3029,37,72.26,10,167,0,45.6,67,0.34,1776,0,1,0,0,0,0,0,0,0,0,0,0,1,0,0
3030,32,117.44,5,95,0,45.3,49,0.67,1481,0,0,0,0,0,0,0,0,0,1,0,0,0,0,0
3031,69,165.92,13,134,0,36.9,26,0.26,1469,1,0,0,0,0,0,0,1,0,0,0,0,0,0,0
3032,21,68.36,15,37,0,34.2,52,0.31,698,0,0,0,0,0,0,1,0,0,0,0,0,0,0,0
3033,39,21.67,13,287,0,40.1,62,0.08,889,0,0,0,0,0,0,1,0,0,0,0,0,0,1,0
3034,67,36.02,18,68,0,86.9,69,0.38,349,0,0,0,1,0,0,0,0,0,1,0,0,0,1,0
3035,55,137.24,10,233,0,46.9,61,0.55,1152,0,0,1,0,1,0,0,0,0,0,0,0,0,0,0
3036,40,68.37,11,66,0,66.9,84,0.13,390,0,1,0,0,0,1,0,0,0,0,0,0,0,0,0
3037,76,102.36,9,55,0,80.8,46,0.27,259,1,0,0,0,1,0,0,0,0,0,0,0,0,0,0
3038,43,68.16,8,275,0,43.2,72,0.12,613,0,0,0,0,0,0,0,0,0,0,0,0,0,0,0
3039,68,78.1,11,191,0,83.9,92,0.12,1447,0,0,0,1,0,0,0,1,0,0,0,0,0,1,0
3040,28,43.32,11,119,0,99.3,29,0.47,145,1,0,0,0,0,0,0,0,0,0,0,0,0,1,0
3041,45,66.51,8,10,0,50.4,50,0.18,880,0,0,0,1,0,0,0,0,0,0,1,0,0,0,0
3042,73,26.8,13,145,0,40.3,2,0.1,978,1,0,0,0,0,0,0,0,0,0,0,0,0,1,0
3043,19,110.84,3,13,0,80.6,64,0.14,587,0,0,0,1,0,0,1,0,0,0,0,0,0,1,0
3044,76,262.47,11,33,0,64.9,66,0.31,569,0,0,0,1,0,0,1,0,0,0,0,0,0,0,0
3045,25,79.4,10,203,0,61.3,43,0.11,955,0,0,1,0,0,0,0,1,0,0,0,0,0,1,0
3046,46,179.56,10,85,0,88.6,87,0.26,941,0,0,0,0,0,0,0,0,0,0,0,0,0,0,1
3047,28,218.09,6,153,0,64.9,10,0.22,1431,0,1,0,0,0,0,0,0,0,1,0,0,0,0,0
3048,54,86.94,6,169,0,64.2,53,0.42,1736,0,1,0,0,0,0,0,0,0,1,0,0,0,0,0
3049,35,225.43,9,166,0,20.7,92,0.52,1621,1,0,0,0,0,0,0,0,1,0,0,0,0,1,0
3050,72,44.51,9,184,0,68.8,83,0.04,613,1,0,0,0,0,1,0,0,0,0,0,0,0,1,0
3051,79,93.19,12,305,0,50.95,28,0.19,272,0,0,1,0,0,0,0,1,0,0,0,0,0,0,0
3052,67,257.54,4,112,0,57.6,95,0.19,966,1,0,0,0,0,0,0,0,0,0,0,0,0,1,0
3053,31,86.8,8,143,0,90.3,2,0.14,1669,0,1,0,0,0,0,0,1,0,0,0,0,0,1,0
3054,71,52.88,6,317,0,34.0,29,0.16,478,0,0,0,0,1,0,0,0,0,0,0,0,0,1,0
3055,27,32.69,8,353,0,4.3,52,0.38,1325,0,0,1,0,0,0,0,0,0,0,0,0,1,1,0
3056,52,121.15,10,210,0,44.5,14,0.46,1732,1,0,0,0,0,0,0,0,0,0,0,1,0,1,0
3057,26,106.22,9,190,0,0.4,28,0.07,858,0,0,1,0,1,0,0,0,0,0,0,0,0,0,0
3058,52,170.39,15,285,0,15.5,1,0.4,1644,0,0,1,0,1,0,0,0,0,0,0,0,0,1,0
3059,28,179.35,7,181,0,19.1,59,0.47,283,0,0,1,0,0,0,0,0,0,0,0,0,0,1,0
3060,61,71.58,12,154,0,53.4,44,0.2,1084,1,0,0,0,0,0,0,0,0,0,0,0,1,0,0
3061,29,105.22,10,341,0,95.0,80,0.46,343,0,0,0,1,0,0,0,0,0,1,0,0,0,0,1
3062,20,186.98,6,191,0,2.0,85,0.05,1007,1,0,0,0,0,0,0,0,0,1,0,0,0,1,0
3063,70,254.07,15,80,0,23.7,78,0.17,546,1,0,0,0,1,0,0,0,0,0,0,0,0,1,0
3064,56,30.75,6,334,0,50.95,43,0.28,366,1,0,0,0,0,1,0,0,0,0,0,0,0,0,0
3065,31,60.36,5,331,0,88.2,17,0.63,1448,1,0,0,0,0,0,0,0,0,1,0,0,0,0,1
3066,73,61.81,13,48,1,83.5,54,0.67,1710,1,0,0,0,0,0,0,0,0,0,1,0,0,0,0
3067,45,195.85,7,303,0,9.2,15,0.25,670,0,0,1,0,1,0,0,0,0,0,0,0,0,0,0
3068,28,93.19,6,54,1,50.95,48,0.22,1507,0,0,1,0,0,0,0,0,0,0,0,1,0,1,0
3069,56,91.67,12,335,0,20.3,95,0.36,1465,1,0,0,0,0,0,0,0,0,0,0,0,1,0,0
3070,42,116.37,6,66,0,65.1,46,0.09,202,0,0,0,0,0,0,0,0,1,0,0,0,0,1,0
3071,38,70.52,13,114,0,42.8,49,0.31,1049,0,0,0,0,0,0,1,0,0,0,0,0,0,0,0
3072,27,103.53,4,111,0,63.6,36,0.24,1413,0,0,0,1,0,0,0,1,0,0,0,0,0,0,0
3073,60,56.07,9,158,0,42.9,14,0.49,373,0,0,0,0,1,0,0,0,0,0,0,0,0,0,1
3074,32,43.79,9,106,0,90.8,91,0.54,484,0,1,0,0,0,0,0,0,0,1,0,0,0,1,0
3075,36,85.86,12,25,0,2.5,3,0.16,204,0,1,0,0,0,0,0,1,0,0,0,0,0,1,0
3076,65,154.98,9,109,0,19.2,6,0.36,848,0,0,0,0,0,0,0,0,0,0,0,1,0,0,0
3077,39,108.98,13,65,0,83.3,91,0.28,48,1,0,0,0,0,0,0,0,0,0,0,0,0,0,0
3078,38,217.61,13,204,0,73.7,22,0.56,307,0,0,0,0,0,0,1,0,0,0,0,0,0,0,0
3079,77,92.24,8,100,0,18.6,22,0.13,1817,0,1,0,0,0,1,0,0,0,0,0,0,0,1,0
3080,69,17.92,9,205,0,12.1,36,0.25,1187,0,0,0,0,0,0,0,0,1,0,0,0,0,1,0
3081,61,73.03,6,0,0,31.1,96,0.12,1562,0,0,1,0,0,0,0,0,0,0,0,0,0,0,0
3082,49,93.19,18,223,0,48.2,91,0.31,952,0,0,0,1,0,0,0,0,0,0,0,1,0,1,0
3083,67,122.23,11,69,0,4.7,71,0.35,923,0,0,1,0,0,0,0,0,0,1,0,0,0,0,0
3084,40,67.13,12,149,0,84.6,50,0.14,1507,0,0,1,0,0,0,0,0,0,0,1,0,0,0,0
3085,30,84.84,7,214,0,52.1,76,0.34,296,0,0,0,1,0,0,0,0,0,0,0,0,1,0,0
3086,22,203.87,5,309,0,91.9,80,0.21,785,1,0,0,0,0,0,0,0,0,0,0,0,0,0,0
3087,21,114.57,9,141,0,32.6,69,0.01,199,0,0,0,1,0,0,0,0,0,0,0,0,0,0,0
3088,45,59.38,11,13,0,4.9,35,0.07,313,1,0,0,0,0,0,0,0,1,0,0,0,0,1,0
3089,31,121.41,12,198,0,87.1,9,0.06,1006,0,1,0,0,0,0,0,0,0,0,0,0,1,0,0
3090,25,152.4,9,18,0,15.0,29,0.14,389,0,0,0,0,0,0,0,0,0,0,0,1,0,1,0
3091,26,58.39,16,314,0,50.95,27,0.5,1356,0,1,0,0,0,0,0,1,0,0,0,0,0,0,0
3092,74,135.09,10,149,0,46.4,57,0.09,1141,0,1,0,0,0,0,0,1,0,0,0,0,0,1,0
3093,68,79.35,11,261,0,49.2,96,0.17,907,0,1,0,0,0,0,0,0,0,0,0,0,1,0,0
3094,52,59.65,7,318,0,2.3,74,0.34,1306,0,0,0,0,0,1,0,0,0,0,0,0,0,1,0
3095,54,99.23,8,332,0,52.7,89,0.26,976,1,0,0,0,1,0,0,0,0,0,0,0,0,1,0
3096,38,48.18,10,73,0,7.7,59,0.53,376,0,0,0,1,0,1,0,0,0,0,0,0,0,0,1
3097,75,133.54,11,350,0,32.7,42,0.29,395,1,0,0,0,0,1,0,0,0,0,0,0,0,1,0
3098,35,51.15,11,265,0,97.5,53,0.58,384,1,0,0,0,0,0,0,0,0,0,0,0,0,0,0
3099,50,178.49,8,292,0,28.0,38,0.09,618,0,0,1,0,0,0,0,0,0,0,0,0,0,0,1
3100,25,107.34,6,144,0,81.3,89,0.04,374,0,0,0,0,0,0,1,0,0,0,0,0,0,1,0
3101,68,181.38,10,132,0,51.0,4,0.18,1070,1,0,0,0,0,0,0,0,0,1,0,0,0,0,0
3102,66,71.99,11,147,0,20.2,52,0.43,324,1,0,0,0,0,0,0,0,0,0,0,1,0,1,0
3103,34,67.49,8,78,0,72.2,44,0.19,890,0,1,0,0,0,0,0,0,0,0,0,1,0,1,0
3104,60,144.4,8,308,0,55.5,23,0.31,1739,0,0,1,0,0,0,1,0,0,0,0,0,0,1,0
3105,48,72.66,9,214,0,53.3,74,0.08,789,0,0,0,1,0,0,0,0,0,0,0,0,0,0,1
3106,51,81.89,9,32,0,3.0,70,0.31,1573,0,0,1,0,0,0,0,0,1,0,0,0,0,1,0
3107,23,93.19,8,193,0,33.4,77,0.16,1429,0,1,0,0,0,0,0,0,1,0,0,0,0,0,0
3108,39,23.37,8,177,0,73.5,95,0.12,596,0,1,0,0,0,0,0,0,0,1,0,0,0,0,0
3109,31,246.62,7,287,0,79.6,69,0.04,1631,0,1,0,0,0,0,0,0,0,0,0,0,1,0,0
3110,20,122.02,11,334,0,81.5,60,0.38,658,0,0,0,0,0,0,0,0,0,0,0,0,0,1,0
3111,29,160.01,14,200,0,3.7,4,0.66,578,0,1,0,0,0,0,0,1,0,0,0,0,0,0,0
3112,53,107.88,12,2,0,16.3,3,0.37,848,1,0,0,0,0,0,0,1,0,0,0,0,0,0,0
3113,29,111.49,10,52,0,98.6,94,0.07,375,0,0,0,0,0,0,0,0,0,0,0,0,0,0,0
3114,62,94.84,9,257,0,15.5,23,0.15,1439,0,1,0,0,0,0,0,0,0,0,1,0,0,0,1
3115,19,33.48,9,120,0,50.95,37,0.23,648,0,0,0,0,0,0,0,0,0,0,0,0,1,0,0
3116,19,93.19,14,149,0,80.3,18,0.27,1061,1,0,0,0,0,0,0,1,0,0,0,0,0,1,0
3117,32,109.08,8,152,0,39.3,99,0.7,1723,0,1,0,0,1,0,0,0,0,0,0,0,0,0,0
3118,40,36.0,11,216,0,11.6,5,0.03,1248,0,1,0,0,0,1,0,0,0,0,0,0,0,1,0
3119,46,140.16,9,134,0,12.5,41,0.11,974,1,0,0,0,0,0,0,0,0,0,0,0,0,1,0
3120,34,230.58,9,255,0,8.4,92,0.37,1067,0,1,0,0,0,0,0,0,0,0,1,0,0,0,0
3121,49,112.29,9,61,0,18.1,38,0.14,593,1,0,0,0,1,0,0,0,0,0,0,0,0,1,0
3122,24,235.86,5,286,0,49.7,47,0.21,1396,0,1,0,0,0,1,0,0,0,0,0,0,0,1,0
3123,47,93.19,12,62,0,1.5,82,0.43,846,0,1,0,0,0,1,0,0,0,0,0,0,0,0,1
3124,45,132.7,9,292,0,11.7,72,0.16,429,0,0,1,0,0,0,0,0,0,1,0,0,0,1,0
3125,31,180.89,15,67,0,50.95,12,0.28,418,0,0,0,0,0,0,0,0,0,0,0,0,1,0,1
3126,61,85.37,11,224,0,87.7,30,0.15,1134,0,0,0,1,0,0,0,0,0,0,0,0,0,0,0
3127,47,35.21,9,334,0,83.3,86,0.08,598,0,0,1,0,0,0,0,0,0,0,1,0,0,0,0
3128,34,181.17,13,136,0,70.6,6,0.22,65,0,0,1,0,0,0,1,0,0,0,0,0,0,0,0
3129,49,93.19,11,45,0,66.2,61,0.28,1762,0,0,0,0,0,0,0,0,0,1,0,0,0,1,0
3130,63,50.56,7,94,0,27.6,94,0.19,1027,0,0,1,0,0,0,0,0,1,0,0,0,0,1,0
3131,23,54.64,14,289,0,33.5,72,0.54,1099,1,0,0,0,1,0,0,0,0,0,0,0,0,1,0
3132,68,99.7,9,363,0,23.6,64,0.1,27,0,0,1,0,0,0,1,0,0,0,0,0,0,1,0
3133,41,481.9,13,246,0,98.0,93,0.17,1489,0,0,0,1,1,0,0,0,0,0,0,0,0,0,1
3134,23,55.57,14,315,0,63.4,95,0.11,857,1,0,0,0,0,0,0,0,0,0,0,0,0,0,0
3135,44,131.88,11,291,0,96.6,69,0.05,588,0,0,0,0,0,0,0,0,0,0,1,0,0,1,0
3136,35,55.59,10,213,0,27.2,11,0.03,291,0,0,0,0,0,0,0,0,0,0,1,0,0,1,0
3137,41,93.19,12,255,0,62.1,62,0.4,513,0,0,0,0,0,1,0,0,0,0,0,0,0,1,0
3138,54,45.92,4,47,0,75.9,17,0.47,20,1,0,0,0,0,0,1,0,0,0,0,0,0,1,0
3139,73,78.63,9,92,0,9.5,77,0.33,1538,0,0,0,0,0,0,0,0,0,0,1,0,0,0,0
3140,41,220.7,6,5,0,66.7,20,0.12,1036,0,0,0,0,0,0,0,1,0,0,0,0,0,1,0
3141,55,124.4,19,192,0,16.9,95,0.3,164,0,0,0,1,1,0,0,0,0,0,0,0,0,0,0
3142,51,14.16,7,102,0,32.8,26,0.18,1262,0,1,0,0,0,1,0,0,0,0,0,0,0,1,0
3143,57,165.63,11,73,0,50.95,92,0.63,1655,0,1,0,0,0,0,0,0,0,0,0,0,0,1,0
3144,64,150.88,10,73,0,44.0,59,0.17,1744,0,1,0,0,0,0,0,0,0,0,1,0,0,0,0
3145,32,56.28,12,112,0,92.1,25,0.06,1422,0,0,0,0,0,0,0,0,0,0,0,1,0,0,0
3146,28,83.1,17,151,0,24.1,18,0.26,625,1,0,0,0,0,0,0,0,0,0,0,0,0,0,1
3147,39,44.01,9,262,0,15.4,96,0.19,908,0,0,0,0,0,0,1,0,0,0,0,0,0,0,0
3148,71,122.73,5,85,0,33.7,29,0.56,1653,0,1,0,0,0,0,0,1,0,0,0,0,0,1,0
3149,41,90.05,12,57,0,85.2,67,0.41,732,0,0,0,1,0,0,0,0,0,0,0,0,1,1,0
3150,18,33.17,7,148,0,84.7,35,0.26,1187,0,0,0,0,0,0,0,0,1,0,0,0,0,0,0
3151,35,122.73,7,213,0,36.9,15,0.32,780,0,0,0,0,0,0,0,0,0,0,0,1,0,0,1
3152,61,46.6,11,299,1,81.0,51,0.34,1590,0,0,0,0,0,1,0,0,0,0,0,0,0,0,0
3153,29,119.14,13,280,0,7.8,3,0.12,137,1,0,0,0,1,0,0,0,0,0,0,0,0,1,0
3154,74,73.71,12,94,0,0.8,21,0.19,292,0,0,0,1,0,0,1,0,0,0,0,0,0,0,1
3155,60,54.87,13,207,0,86.5,61,0.05,1162,0,0,0,1,0,0,1,0,0,0,0,0,0,1,0
3156,45,29.36,9,142,0,87.4,3,0.64,963,0,0,0,1,0,0,0,0,0,0,0,0,1,0,0
3157,57,14.79,5,82,0,14.3,53,0.14,698,0,0,0,1,0,0,0,0,0,0,0,1,0,0,1
3158,77,73.47,13,51,0,29.8,35,0.42,43,0,1,0,0,1,0,0,0,0,0,0,0,0,1,0
3159,24,197.2,8,16,0,85.1,50,0.37,1435,0,0,0,0,0,0,0,0,1,0,0,0,0,0,1
3160,40,69.92,10,217,0,8.4,8,0.62,923,0,0,0,1,0,0,0,0,0,1,0,0,0,1,0
3161,38,138.36,8,227,0,86.3,48,0.22,116,0,0,1,0,0,0,0,0,0,1,0,0,0,0,1
3162,51,93.19,11,291,0,57.5,3,0.29,144,0,0,1,0,0,0,1,0,0,0,0,0,0,1,0
3163,28,214.95,8,200,0,65.7,54,0.4,771,0,1,0,0,0,0,0,0,0,0,0,1,0,0,1
3164,39,69.45,8,81,0,59.5,75,0.34,1471,0,0,1,0,0,0,0,0,0,0,0,0,1,1,0
3165,59,251.29,17,127,0,58.3,2,0.27,1308,0,0,1,0,0,0,1,0,0,0,0,0,0,0,0
3166,52,109.53,6,79,0,50.95,33,0.56,617,0,0,1,0,0,0,0,0,0,1,0,0,0,0,0
3167,69,90.65,13,188,0,23.6,72,0.11,173,0,1,0,0,0,0,1,0,0,0,0,0,0,0,0
3168,46,93.19,10,155,0,58.0,12,0.18,1041,0,0,0,0,0,0,0,0,0,1,0,0,0,1,0
3169,59,147.25,10,315,0,40.1,19,0.41,1376,0,1,0,0,0,0,0,0,0,0,0,1,0,0,0
3170,45,106.72,9,159,0,54.1,18,0.3,1489,1,0,0,0,0,0,0,0,0,0,0,1,0,1,0
3171,76,64.03,14,241,0,50.95,50,0.12,495,1,0,0,0,0,0,0,0,0,0,0,0,1,0,0
3172,35,177.36,13,313,0,46.4,85,0.62,1470,0,0,1,0,0,1,0,0,0,0,0,0,0,1,0
3173,31,92.52,12,81,0,50.95,22,0.33,262,0,0,1,0,0,1,0,0,0,0,0,0,0,0,1
3174,35,107.47,6,43,0,3.8,30,0.58,1219,0,0,0,0,0,0,1,0,0,0,0,0,0,1,0
3175,45,33.11,10,161,0,95.1,82,0.23,1391,0,0,1,0,0,0,1,0,0,0,0,0,0,1,0
3176,41,83.37,9,220,0,72.3,6,0.32,707,1,0,0,0,0,0,1,0,0,0,0,0,0,1,0
3177,25,53.37,10,148,0,49.8,1,0.32,188,0,0,1,0,0,0,0,0,0,0,0,0,1,1,0
3178,59,40.61,10,123,0,55.1,9,0.15,407,0,0,0,0,0,0,0,0,0,0,0,0,0,1,0
3179,71,79.22,14,0,0,51.1,52,0.27,146,1,0,0,0,0,0,1,0,0,0,0,0,0,0,0
3180,62,179.32,19,182,0,89.9,80,0.3,1321,0,0,1,0,0,1,0,0,0,0,0,0,0,0,0
3181,70,86.8,12,207,0,77.4,29,0.58,1649,0,0,0,0,0,1,0,0,0,0,0,0,0,0,0
3182,25,213.05,12,96,0,32.5,62,0.34,274,0,0,0,0,1,0,0,0,0,0,0,0,0,0,0
3183,21,27.06,9,20,0,21.8,29,0.21,1088,1,0,0,0,0,0,0,0,0,0,0,1,0,1,0
3184,44,30.39,13,354,0,6.7,5,0.12,558,1,0,0,0,0,0,0,0,0,0,0,0,0,0,0
3185,53,140.68,8,222,0,14.8,83,0.18,118,1,0,0,0,0,0,0,0,0,1,0,0,0,1,0
3186,22,207.69,7,47,0,49.0,22,0.34,273,0,0,0,0,0,1,0,0,0,0,0,0,0,0,0
3187,50,24.74,9,31,0,20.3,49,0.23,914,1,0,0,0,0,0,0,0,1,0,0,0,0,1,0
3188,66,75.52,11,287,0,31.2,8,0.19,658,1,0,0,0,0,0,0,0,1,0,0,0,0,1,0
3189,51,209.81,8,129,0,13.3,82,0.23,1266,0,0,0,0,0,1,0,0,0,0,0,0,0,1,0
3190,47,34.59,6,277,0,92.3,78,0.17,657,0,0,0,0,0,0,0,0,1,0,0,0,0,0,0
3191,25,52.6,7,244,1,3.4,68,0.23,1246,1,0,0,0,0,0,0,0,0,0,1,0,0,1,0
3192,56,122.53,11,51,0,35.2,40,0.07,1025,1,0,0,0,0,0,0,0,0,0,0,0,0,0,0
3193,64,99.89,10,208,0,25.8,91,0.34,1638,1,0,0,0,0,0,0,0,0,0,0,1,0,1,0
3194,43,40.65,17,351,0,0.8,24,0.46,782,0,0,0,0,0,1,0,0,0,0,0,0,0,0,0
3195,74,16.17,9,229,1,92.9,94,0.43,865,0,0,0,1,0,1,0,0,0,0,0,0,0,0,1
3196,54,99.15,11,185,1,31.4,76,0.26,68,0,1,0,0,0,0,0,0,0,1,0,0,0,1,0
3197,51,26.38,8,161,0,50.2,13,0.39,1253,0,0,1,0,0,0,0,0,0,0,0,0,0,0,0
3198,24,173.01,9,198,0,58.3,50,0.35,1475,0,1,0,0,0,0,1,0,0,0,0,0,0,0,1
3199,57,58.53,8,278,0,61.0,45,0.19,638,0,0,0,0,0,0,1,0,0,0,0,0,0,0,0
3200,45,111.64,9,32,0,46.0,4,0.16,389,0,0,0,1,0,0,0,1,0,0,0,0,0,0,0
3201,56,131.64,13,18,0,59.4,90,0.28,1115,0,0,0,0,1,0,0,0,0,0,0,0,0,0,0
3202,79,176.45,5,120,0,75.2,63,0.13,1630,1,0,0,0,0,0,0,0,0,0,1,0,0,0,0
3203,56,167.94,9,68,0,95.2,65,0.62,1174,0,0,1,0,0,0,0,0,0,0,0,0,1,1,0
3204,45,63.92,16,292,0,50.95,27,0.31,552,0,1,0,0,0,0,0,0,0,0,0,0,1,0,0
3205,31,102.91,8,214,0,46.2,87,0.42,1641,0,0,0,0,0,0,0,1,0,0,0,0,0,1,0
3206,70,361.66,9,122,0,44.5,63,0.15,726,0,0,0,1,0,0,0,0,0,0,0,1,0,1,0
3207,67,291.08,10,279,0,71.0,11,0.59,166,1,0,0,0,0,0,0,0,0,0,0,0,1,0,0
3208,55,154.08,13,53,0,50.95,42,0.25,1498,0,0,0,1,0,0,1,0,0,0,0,0,0,1,0
3209,21,154.33,6,20,0,42.0,85,0.11,109,0,0,1,0,0,0,0,0,1,0,0,0,0,1,0
3210,59,53.37,8,96,0,33.6,86,0.76,1179,0,0,0,1,1,0,0,0,0,0,0,0,0,0,0
3211,35,92.36,8,345,0,99.3,92,0.44,263,0,0,0,1,0,0,0,0,0,0,0,0,0,0,0
3212,61,137.99,8,137,0,76.7,38,0.12,520,1,0,0,0,0,0,1,0,0,0,0,0,0,0,0
3213,65,77.94,9,41,0,20.7,70,0.11,908,0,0,0,1,0,0,0,0,0,1,0,0,0,0,1
3214,42,50.14,11,245,0,29.2,89,0.05,533,1,0,0,0,0,0,0,0,0,0,0,0,0,0,0
3215,24,228.63,12,27,0,89.4,62,0.3,668,0,0,1,0,0,0,0,0,0,0,0,0,1,1,0
3216,55,328.61,7,57,0,66.1,4,0.1,1540,0,0,0,0,0,0,0,0,0,1,0,0,0,1,0
3217,45,119.59,13,126,0,50.95,34,0.41,1562,1,0,0,0,0,0,0,0,0,0,0,0,0,0,0
3218,22,121.61,5,262,0,36.4,26,0.25,695,0,0,0,0,0,1,0,0,0,0,0,0,0,1,0
3219,20,106.48,10,143,0,37.9,54,0.26,793,0,1,0,0,0,0,0,0,0,0,1,0,0,0,0
3220,61,191.86,18,92,0,18.6,27,0.54,48,0,0,0,1,0,0,1,0,0,0,0,0,0,0,0
3221,48,31.74,6,34,0,51.1,39,0.48,929,0,0,0,0,0,0,0,0,0,1,0,0,0,1,0
3222,64,61.12,3,91,0,76.6,85,0.51,1108,0,0,0,1,0,0,0,1,0,0,0,0,0,0,1
3223,59,135.16,11,262,0,56.4,21,0.5,1190,1,0,0,0,0,0,0,0,0,0,1,0,0,0,0
3224,75,84.86,14,13,0,65.6,54,0.31,888,0,0,0,1,0,0,0,0,0,0,0,0,0,0,0
3225,37,131.87,9,314,0,59.5,56,0.38,857,0,0,1,0,0,0,0,0,0,0,0,1,0,0,1
3226,36,44.25,13,317,0,5.9,93,0.16,425,0,0,0,0,0,0,0,1,0,0,0,0,0,0,0
3227,65,134.32,9,201,0,18.8,98,0.2,227,0,0,0,1,0,0,1,0,0,0,0,0,0,1,0
3228,77,126.79,16,321,0,35.0,63,0.15,1010,0,0,0,0,0,1,0,0,0,0,0,0,0,0,0
3229,28,99.81,12,277,0,88.9,91,0.11,1295,0,0,0,0,0,0,0,0,0,1,0,0,0,0,0
3230,57,56.19,9,143,0,34.9,42,0.12,228,0,0,1,0,0,0,0,0,1,0,0,0,0,0,0
3231,20,143.88,9,354,0,32.7,26,0.51,1028,1,0,0,0,0,0,0,0,0,1,0,0,0,0,0
3232,40,58.57,8,298,0,8.1,69,0.35,1619,0,0,0,1,0,0,0,0,0,0,1,0,0,0,0
3233,24,73.72,8,352,0,97.2,20,0.24,967,0,1,0,0,0,0,0,0,0,1,0,0,0,1,0
3234,40,133.53,11,353,0,77.9,72,0.44,88,0,0,0,0,0,0,0,0,0,0,1,0,0,0,0
3235,78,93.19,15,244,0,76.6,82,0.64,554,1,0,0,0,0,0,0,1,0,0,0,0,0,0,0
3236,24,48.37,8,11,0,38.4,53,0.28,803,0,1,0,0,0,0,0,0,0,1,0,0,0,1,0
3237,63,24.21,9,70,0,7.8,69,0.49,624,0,0,0,0,0,0,0,1,0,0,0,0,0,1,0
3238,51,84.81,11,183,0,26.4,68,0.21,1191,0,1,0,0,0,1,0,0,0,0,0,0,0,0,1
3239,59,112.61,10,103,0,85.3,5,0.62,1401,0,0,0,1,0,1,0,0,0,0,0,0,0,0,0
3240,36,66.38,6,10,0,18.0,16,0.14,1640,0,0,0,1,0,0,0,0,0,0,1,0,0,0,0
3241,75,143.7,12,207,0,89.4,9,0.07,603,0,0,0,0,0,0,0,0,0,0,0,0,0,0,0
3242,26,105.87,15,224,0,53.6,25,0.53,892,0,0,0,0,0,1,0,0,0,0,0,0,0,0,0
3243,65,54.24,8,316,0,71.5,57,0.45,843,0,0,0,1,1,0,0,0,0,0,0,0,0,0,0
3244,68,125.62,9,272,0,45.4,38,0.1,1599,1,0,0,0,0,0,0,0,0,1,0,0,0,0,0
3245,35,457.22,19,53,0,93.2,8,0.36,316,0,1,0,0,1,0,0,0,0,0,0,0,0,1,0
3246,58,149.08,13,172,0,24.0,65,0.62,1292,0,0,0,0,0,0,0,0,0,1,0,0,0,0,0
3247,65,42.16,9,246,0,50.95,31,0.23,1332,0,0,0,0,0,0,0,0,0,0,0,0,1,0,0
3248,62,50.87,6,152,0,6.9,33,0.15,1693,0,0,1,0,0,0,0,1,0,0,0,0,0,0,0
3249,59,86.97,7,105,0,48.0,55,0.17,852,0,1,0,0,0,0,0,0,0,0,1,0,0,0,0
3250,42,21.18,14,158,0,97.3,69,0.13,1312,0,0,0,1,0,0,1,0,0,0,0,0,0,0,0
3251,69,99.21,11,105,0,8.8,82,0.21,941,0,0,0,0,0,0,1,0,0,0,0,0,0,1,0
3252,31,84.56,11,192,0,50.7,36,0.41,312,0,0,0,0,0,0,0,0,0,0,0,1,0,1,0
3253,61,40.34,18,294,0,60.2,84,0.52,1082,0,0,0,1,0,0,0,0,0,0,0,0,0,1,0
3254,42,93.19,14,275,0,93.2,24,0.33,935,0,1,0,0,0,0,0,0,0,0,1,0,0,1,0
3255,36,76.26,8,72,0,29.7,61,0.09,1188,1,0,0,0,0,1,0,0,0,0,0,0,0,0,1
3256,56,19.45,8,42,0,50.3,83,0.29,532,0,0,0,1,0,0,0,0,1,0,0,0,0,1,0
3257,72,60.33,12,193,0,98.7,28,0.06,837,1,0,0,0,0,0,0,0,0,0,0,0,0,1,0
3258,32,56.72,11,128,0,76.9,60,0.48,1647,0,0,0,0,0,0,0,0,0,0,0,0,0,0,0
3259,33,84.46,6,310,0,81.0,94,0.2,1432,1,0,0,0,0,0,0,0,1,0,0,0,0,0,0
3260,44,178.36,14,107,0,78.1,79,0.41,720,1,0,0,0,0,0,0,1,0,0,0,0,0,1,0
3261,57,106.69,13,102,0,51.5,73,0.55,1186,0,0,0,1,0,0,0,0,0,0,0,0,0,0,0
3262,27,34.63,12,132,0,43.4,39,0.32,1316,0,0,0,0,0,0,0,0,0,0,0,0,1,0,0
3263,21,61.84,9,249,0,25.5,31,0.11,1627,0,1,0,0,0,0,0,0,0,0,0,0,0,1,0
3264,68,86.36,13,269,0,46.6,1,0.61,1486,0,0,1,0,0,0,0,0,0,0,0,1,0,1,0
3265,36,100.44,9,102,0,2.1,13,0.06,593,1,0,0,0,1,0,0,0,0,0,0,0,0,0,1
3266,45,130.42,11,295,0,9.7,66,0.03,1756,0,0,0,0,0,0,1,0,0,0,0,0,0,0,0
3267,38,118.3,8,237,0,28.7,42,0.27,788,0,0,1,0,0,0,0,1,0,0,0,0,0,0,0
3268,76,118.65,14,107,0,33.4,37,0.21,1703,0,1,0,0,0,0,0,0,0,0,1,0,0,1,0
3269,64,107.61,8,136,0,70.8,57,0.32,199,0,0,1,0,0,1,0,0,0,0,0,0,0,1,0
3270,31,109.43,11,297,0,17.2,35,0.05,249,0,1,0,0,0,0,0,0,0,0,0,0,1,0,0
3271,50,116.54,11,288,0,79.6,37,0.56,1791,0,0,1,0,0,0,0,1,0,0,0,0,0,1,0
3272,65,48.12,15,24,0,80.1,75,0.33,339,0,1,0,0,1,0,0,0,0,0,0,0,0,1,0
3273,27,50.08,8,117,0,58.7,82,0.41,212,1,0,0,0,0,0,0,0,0,0,0,1,0,0,0
3274,36,190.89,12,229,1,49.1,20,0.31,314,0,0,1,0,1,0,0,0,0,0,0,0,0,1,0
3275,47,106.76,12,333,0,46.7,66,0.26,533,0,1,0,0,0,0,0,0,0,0,1,0,0,0,0
3276,39,121.71,12,255,0,42.1,88,0.31,1815,0,0,0,0,0,0,0,0,1,0,0,0,0,0,0
3277,20,69.22,9,8,0,8.9,80,0.13,1824,0,0,0,1,0,1,0,0,0,0,0,0,0,1,0
3278,54,212.48,11,118,0,65.5,23,0.34,304,0,0,1,0,0,0,0,0,1,0,0,0,0,0,0
3279,58,83.63,9,118,0,50.95,55,0.22,1023,0,0,1,0,0,0,0,0,0,1,0,0,0,1,0
3280,35,171.11,6,90,0,1.6,57,0.13,722,0,0,1,0,0,0,0,0,0,0,0,1,0,0,0
3281,28,107.46,10,171,0,20.3,50,0.2,641,0,0,1,0,0,1,0,0,0,0,0,0,0,1,0
3282,65,44.29,8,210,0,43.6,38,0.68,408,0,0,0,1,0,0,0,0,0,0,1,0,0,1,0
3283,19,134.15,12,313,0,90.1,47,0.06,506,0,0,1,0,0,0,0,1,0,0,0,0,0,0,0
3284,29,87.09,9,115,0,99.0,93,0.07,1484,1,0,0,0,0,0,1,0,0,0,0,0,0,0,0
3285,71,50.93,5,287,0,75.1,30,0.45,994,1,0,0,0,0,1,0,0,0,0,0,0,0,0,1
3286,23,153.03,7,21,0,74.9,68,0.48,878,0,0,0,0,0,0,0,1,0,0,0,0,0,1,0
3287,60,44.13,8,348,0,41.5,93,0.2,1451,0,0,0,1,0,0,0,1,0,0,0,0,0,1,0
3288,76,123.2,5,54,0,57.1,43,0.06,764,0,0,0,0,0,0,0,0,0,1,0,0,0,0,0
3289,57,204.46,5,107,0,23.3,27,0.56,1765,1,0,0,0,0,0,0,0,0,0,0,0,1,0,0
3290,61,108.66,12,76,0,73.8,97,0.45,1733,0,0,1,0,0,0,0,0,0,0,0,1,0,1,0
3291,46,156.09,8,60,0,6.0,82,0.52,1011,0,0,1,0,0,0,0,0,0,0,0,1,0,0,0
3292,76,169.33,13,121,0,41.7,64,0.31,402,0,1,0,0,0,0,0,0,0,1,0,0,0,0,0
3293,47,231.27,4,91,0,83.1,6,0.68,812,0,0,0,1,0,0,0,0,1,0,0,0,0,0,0
3294,19,57.08,7,322,0,98.0,96,0.39,1629,0,1,0,0,0,0,0,0,1,0,0,0,0,0,1
3295,26,183.88,7,221,0,69.7,31,0.48,634,0,0,0,1,0,0,0,0,0,0,1,0,0,1,0
3296,64,121.96,5,129,0,50.95,76,0.14,803,0,0,0,1,0,0,0,0,0,0,0,0,1,0,0
3297,19,95.08,12,247,0,57.1,87,0.38,502,0,0,1,0,0,0,0,1,0,0,0,0,0,1,0
3298,46,46.73,8,120,0,56.1,29,0.52,201,0,0,1,0,0,0,0,0,0,0,0,0,0,0,0
3299,50,89.61,9,200,0,50.95,3,0.31,882,0,0,0,0,0,0,0,0,0,0,0,0,0,0,0
3300,27,161.36,13,160,0,84.0,97,0.29,475,1,0,0,0,0,0,0,0,1,0,0,0,0,0,1
3301,51,110.98,9,249,0,4.9,92,0.21,555,1,0,0,0,0,0,0,0,0,1,0,0,0,0,0
3302,61,99.31,9,217,0,22.0,82,0.49,516,0,0,1,0,0,0,0,0,0,0,0,0,1,0,1
3303,72,97.27,8,62,0,84.2,86,0.06,729,1,0,0,0,1,0,0,0,0,0,0,0,0,0,0
3304,25,86.23,17,216,0,97.2,20,0.19,949,0,0,0,1,0,0,1,0,0,0,0,0,0,0,1
3305,54,117.32,8,340,0,29.5,80,0.11,1794,1,0,0,0,0,0,0,0,0,0,0,0,1,0,0
3306,71,104.58,7,63,1,69.1,58,0.39,425,0,0,0,0,0,0,0,0,0,0,1,0,0,0,0
3307,77,72.11,10,211,0,30.8,57,0.17,805,1,0,0,0,0,0,0,1,0,0,0,0,0,1,0
3308,50,69.28,6,119,0,4.1,71,0.31,1059,1,0,0,0,0,0,0,1,0,0,0,0,0,1,0
3309,64,71.61,13,68,0,82.9,4,0.47,1781,0,0,0,0,0,0,0,0,0,0,0,1,0,1,0
3310,23,55.56,8,123,0,73.9,42,0.72,837,0,0,0,0,0,1,0,0,0,0,0,0,0,0,0
3311,61,50.43,16,144,0,5.3,34,0.13,546,0,0,1,0,0,1,0,0,0,0,0,0,0,0,0
3312,57,74.6,11,295,0,14.5,18,0.62,23,0,0,0,0,0,0,0,0,0,0,0,1,0,0,0
3313,62,109.17,9,357,0,100.0,97,0.47,973,0,0,1,0,0,0,0,0,0,0,1,0,0,0,1
3314,36,181.19,6,128,0,65.1,65,0.39,1061,0,0,0,1,0,0,0,1,0,0,0,0,0,0,1
3315,49,46.42,8,12,0,80.0,25,0.28,1455,0,1,0,0,0,1,0,0,0,0,0,0,0,1,0
3316,44,74.84,15,273,0,38.9,45,0.27,443,1,0,0,0,0,1,0,0,0,0,0,0,0,1,0
3317,18,102.58,14,67,0,51.8,14,0.34,157,0,0,0,0,0,0,1,0,0,0,0,0,0,1,0
3318,60,119.15,12,269,0,62.0,11,0.21,1385,1,0,0,0,0,1,0,0,0,0,0,0,0,1,0
3319,69,179.55,12,132,0,80.6,52,0.08,899,0,0,0,1,0,0,0,1,0,0,0,0,0,0,0
3320,50,130.17,14,61,0,33.9,8,0.18,1093,0,1,0,0,0,0,0,0,0,0,1,0,0,0,0
3321,79,118.12,15,160,0,67.2,60,0.26,1494,0,0,0,0,1,0,0,0,0,0,0,0,0,0,0
3322,57,41.58,9,25,0,77.6,42,0.49,246,0,0,1,0,0,0,0,0,1,0,0,0,0,0,0
3323,49,196.64,17,246,0,80.5,16,0.4,427,0,0,1,0,0,0,0,0,0,0,0,0,1,0,0
3324,22,95.34,8,188,0,49.9,39,0.29,852,0,0,0,0,0,0,0,0,0,1,0,0,0,1,0
3325,34,281.6,15,285,0,50.95,95,0.39,1112,0,0,0,0,0,0,0,0,0,0,0,0,0,0,0
3326,79,58.25,12,317,0,10.5,42,0.23,1681,0,0,0,1,0,0,0,0,0,0,0,0,1,1,0
3327,25,67.31,9,336,0,49.8,18,0.25,1759,0,1,0,0,0,0,1,0,0,0,0,0,0,1,0
3328,74,93.19,15,219,0,70.2,7,0.09,240,0,0,0,0,0,1,0,0,0,0,0,0,0,1,0
3329,59,62.03,13,325,0,92.1,4,0.52,1366,0,0,1,0,0,0,0,0,0,0,1,0,0,0,0
3330,51,77.34,8,248,1,12.5,96,0.16,863,0,1,0,0,1,0,0,0,0,0,0,0,0,1,0
3331,26,101.18,8,90,0,96.9,95,0.15,420,0,0,0,0,0,0,0,0,0,0,0,0,0,1,0
3332,73,76.89,13,35,0,23.4,74,0.24,1670,0,1,0,0,0,0,0,0,0,0,0,1,0,0,0
3333,40,245.07,6,6,0,17.6,30,0.29,1480,0,0,0,1,1,0,0,0,0,0,0,0,0,0,0
3334,52,130.98,8,320,0,11.5,50,0.09,150,0,0,0,0,0,0,0,0,1,0,0,0,0,1,0
3335,67,66.93,11,201,0,99.0,99,0.28,875,0,0,0,0,0,1,0,0,0,0,0,0,0,1,0
3336,24,185.26,10,332,0,56.1,45,0.08,987,0,1,0,0,0,0,0,0,0,1,0,0,0,0,0
3337,32,129.77,11,40,0,27.1,31,0.22,267,0,0,0,0,0,0,0,0,0,0,0,0,0,1,0
3338,70,182.45,15,31,0,31.8,95,0.31,1010,0,1,0,0,0,1,0,0,0,0,0,0,0,0,1
3339,71,72.81,13,141,0,95.0,46,0.47,1075,0,1,0,0,0,0,0,0,0,0,0,0,0,0,0
3340,37,256.2,6,255,0,90.0,54,0.21,1487,0,0,0,0,0,0,0,0,0,1,0,0,0,1,0
3341,67,61.98,8,160,0,35.0,46,0.31,1667,0,0,1,0,0,0,0,0,1,0,0,0,0,1,0
3342,42,37.67,9,29,0,6.4,97,0.2,1754,0,0,0,1,0,0,0,0,0,0,0,1,0,1,0
3343,20,189.48,8,261,0,83.4,5,0.39,420,0,1,0,0,0,0,0,1,0,0,0,0,0,1,0
3344,77,72.96,8,9,0,91.4,10,0.16,134,0,0,1,0,0,0,0,0,0,0,1,0,0,1,0
3345,79,42.59,12,202,0,83.8,23,0.45,485,0,1,0,0,1,0,0,0,0,0,0,0,0,0,0
3346,72,234.95,13,358,0,91.3,7,0.31,813,0,0,1,0,0,0,0,0,0,0,0,0,1,1,0
3347,63,140.72,10,275,0,57.6,58,0.19,843,0,0,0,0,0,0,0,0,0,0,0,1,0,0,0
3348,41,164.57,7,344,1,84.0,47,0.06,1549,0,0,0,1,0,0,0,0,0,0,0,1,0,0,0
3349,51,155.57,12,123,0,94.4,92,0.39,655,0,0,1,0,0,0,1,0,0,0,0,0,0,1,0
3350,63,44.63,8,117,0,89.0,21,0.2,299,1,0,0,0,0,0,0,0,0,0,0,0,0,1,0
3351,39,75.02,6,267,0,50.95,31,0.58,383,0,1,0,0,0,0,0,0,0,0,0,0,0,1,0
3352,28,95.69,13,277,1,74.7,27,0.15,1648,0,0,1,0,0,0,1,0,0,0,0,0,0,1,0
3353,65,389.32,16,75,0,72.1,29,0.71,590,0,0,0,1,1,0,0,0,0,0,0,0,0,0,0
3354,25,42.83,10,13,0,80.3,10,0.68,1739,0,0,0,1,0,0,0,0,0,0,0,0,0,1,0
3355,56,29.52,9,105,0,22.9,72,0.54,410,0,0,0,1,0,0,0,1,0,0,0,0,0,0,0
3356,60,245.07,8,175,0,0.2,9,0.24,1412,0,0,1,0,0,0,0,0,0,0,1,0,0,1,0
3357,52,135.63,10,181,0,51.0,11,0.05,1051,0,0,1,0,0,0,0,0,0,0,0,0,1,0,0
3358,66,149.04,14,35,0,76.6,22,0.39,1351,0,0,0,0,0,0,0,0,0,0,0,0,1,0,0
3359,63,42.17,16,54,0,12.5,90,0.07,297,1,0,0,0,0,0,0,0,0,1,0,0,0,0,0
3360,55,140.4,16,269,0,53.3,50,0.37,1141,0,0,1,0,0,0,0,0,0,1,0,0,0,1,0
3361,25,51.24,12,1,0,31.4,40,0.27,90,0,0,0,0,0,0,0,0,0,0,1,0,0,1,0
3362,71,26.01,10,255,0,83.8,66,0.61,141,0,1,0,0,0,1,0,0,0,0,0,0,0,0,0
3363,54,93.19,10,1,0,10.0,63,0.35,207,1,0,0,0,0,1,0,0,0,0,0,0,0,1,0
3364,44,65.71,10,60,0,84.8,19,0.37,388,0,0,0,1,0,0,0,0,0,0,0,1,0,1,0
3365,45,65.89,14,362,0,61.1,16,0.18,1661,1,0,0,0,0,0,0,0,0,0,0,1,0,0,0
3366,57,102.63,19,106,0,91.9,4,0.26,1723,0,1,0,0,0,0,1,0,0,0,0,0,0,0,0
3367,51,53.54,10,133,0,93.6,49,0.39,1178,0,0,1,0,0,0,0,0,1,0,0,0,0,0,0
3368,49,131.5,8,22,0,80.9,38,0.68,1801,0,0,1,0,0,0,0,0,0,1,0,0,0,0,0
3369,32,131.95,9,72,1,53.0,7,0.56,778,0,0,0,0,0,0,0,0,1,0,0,0,0,0,0
3370,61,189.33,11,350,0,14.3,55,0.41,1391,0,0,1,0,0,0,0,0,0,0,0,0,0,0,0
3371,34,93.19,12,27,0,22.5,14,0.23,11,0,0,1,0,0,0,0,0,0,0,0,0,1,0,0
3372,50,69.76,8,24,0,41.8,76,0.55,239,1,0,0,0,0,0,0,0,0,0,0,1,0,0,0
3373,64,93.19,9,354,0,72.9,85,0.26,1269,0,1,0,0,0,1,0,0,0,0,0,0,0,0,0
3374,63,35.49,9,64,0,54.5,34,0.55,1312,0,0,0,1,0,0,0,0,0,0,1,0,0,1,0
3375,69,68.3,14,193,0,43.8,21,0.42,216,0,0,0,1,0,0,0,0,0,1,0,0,0,1,0
3376,71,162.44,7,206,0,47.8,36,0.61,1704,0,0,0,0,0,0,0,0,0,0,0,0,1,0,0
3377,33,40.4,10,298,0,74.1,63,0.25,35,0,1,0,0,1,0,0,0,0,0,0,0,0,0,0
3378,46,84.0,16,39,0,3.4,42,0.13,1417,1,0,0,0,0,0,0,0,0,0,1,0,0,1,0
3379,26,268.46,14,22,0,44.3,49,0.42,107,0,0,0,1,0,0,0,0,1,0,0,0,0,0,0
3380,50,75.75,9,176,0,57.3,71,0.27,1364,0,0,0,0,0,0,0,1,0,0,0,0,0,1,0
3381,77,134.24,13,263,0,58.9,85,0.14,1704,0,0,1,0,0,0,0,0,1,0,0,0,0,0,0
3382,66,106.73,13,127,0,61.9,10,0.31,356,0,0,1,0,0,0,0,0,0,1,0,0,0,0,0
3383,46,125.47,11,262,0,5.3,21,0.33,1718,1,0,0,0,0,0,0,0,0,0,1,0,0,0,1
3384,30,31.16,11,276,0,55.8,80,0.22,469,0,0,0,1,0,0,0,1,0,0,0,0,0,1,0
3385,38,85.8,17,34,0,55.1,63,0.16,1751,0,0,1,0,0,0,0,0,0,0,0,0,0,0,0
3386,75,109.33,12,100,0,85.5,89,0.38,77,0,0,0,0,1,0,0,0,0,0,0,0,0,1,0
3387,38,68.29,17,224,0,76.0,77,0.26,881,0,0,0,0,0,0,0,0,1,0,0,0,0,1,0
3388,22,35.95,6,228,0,3.1,50,0.29,218,0,0,0,1,1,0,0,0,0,0,0,0,0,1,0
3389,27,93.67,6,98,0,55.6,27,0.24,1027,1,0,0,0,0,0,0,0,0,0,1,0,0,0,0
3390,23,93.19,7,81,0,69.1,8,0.1,648,0,0,0,0,0,0,0,0,0,0,0,0,1,0,0
3391,73,50.69,8,316,0,58.0,30,0.33,947,0,1,0,0,0,0,0,0,0,0,1,0,0,1,0
3392,68,84.48,13,329,0,67.6,95,0.21,109,0,0,0,0,0,1,0,0,0,0,0,0,0,0,0
3393,74,204.15,9,195,0,50.95,71,0.62,723,1,0,0,0,0,0,0,1,0,0,0,0,0,0,0
3394,30,172.39,10,364,0,16.9,30,0.02,1269,0,0,0,0,0,0,0,0,0,0,0,0,1,0,0
3395,18,155.55,8,67,0,58.3,18,0.34,1620,0,0,1,0,0,0,0,0,1,0,0,0,0,0,1
3396,37,82.65,12,272,0,80.1,23,0.54,1761,1,0,0,0,0,0,0,0,0,0,0,0,0,1,0
3397,74,59.07,12,298,0,2.6,38,0.09,687,0,0,1,0,1,0,0,0,0,0,0,0,0,0,1
3398,64,260.84,9,358,0,43.6,30,0.24,1149,0,0,1,0,0,0,0,0,0,0,1,0,0,0,0
3399,63,142.67,8,343,0,99.2,30,0.43,1698,0,0,0,1,0,0,1,0,0,0,0,0,0,1,0
3400,25,64.1,10,358,0,76.6,72,0.13,1520,1,0,0,0,0,0,0,0,0,1,0,0,0,1,0
3401,27,80.46,8,140,0,45.0,76,0.2,1408,0,0,1,0,0,0,0,0,1,0,0,0,0,1,0
3402,26,131.27,8,184,0,9.8,74,0.28,41,0,0,0,1,0,0,0,0,0,1,0,0,0,1,0
3403,66,113.74,3,153,0,35.9,71,0.16,1447,0,0,0,1,0,0,0,0,0,0,0,0,1,0,0
3404,58,36.97,10,188,0,15.4,39,0.36,1127,0,0,1,0,0,1,0,0,0,0,0,0,0,0,0
3405,20,87.15,14,61,0,92.1,17,0.32,505,0,0,1,0,0,0,0,0,1,0,0,0,0,0,0
3406,28,20.25,9,18,0,68.6,96,0.14,536,0,1,0,0,0,1,0,0,0,0,0,0,0,0,0
3407,29,44.13,9,80,0,85.6,69,0.31,1340,1,0,0,0,0,1,0,0,0,0,0,0,0,1,0
3408,27,220.32,11,29,0,89.7,85,0.24,1380,0,0,0,1,0,0,0,0,0,0,0,0,0,0,0
3409,42,151.98,7,126,0,60.7,95,0.4,167,1,0,0,0,0,0,0,0,0,0,0,0,1,1,0
3410,66,139.47,7,217,0,0.7,52,0.17,1377,0,0,0,1,0,0,0,0,0,0,1,0,0,0,1
3411,66,87.98,12,12,0,55.6,79,0.16,1513,0,0,0,0,0,0,1,0,0,0,0,0,0,1,0
3412,42,209.3,13,176,0,80.2,13,0.11,453,0,0,0,0,0,0,0,1,0,0,0,0,0,0,1
3413,28,79.95,10,337,0,31.4,7,0.49,732,0,0,0,1,0,1,0,0,0,0,0,0,0,1,0
3414,79,157.72,11,120,0,92.8,88,0.23,193,0,1,0,0,0,0,0,0,0,0,0,0,1,1,0
3415,71,65.01,12,178,0,99.7,68,0.31,602,0,0,0,0,0,0,0,0,0,0,0,0,0,1,0
3416,53,19.84,17,110,0,54.9,60,0.29,1548,1,0,0,0,0,0,0,0,1,0,0,0,0,0,0
3417,56,55.34,10,8,0,53.1,83,0.21,17,0,0,1,0,0,0,0,0,0,0,0,1,0,0,0
3418,70,87.81,8,221,0,65.5,46,0.28,692,1,0,0,0,0,0,0,0,0,0,0,1,0,1,0
3419,43,174.43,9,284,0,56.6,35,0.1,580,1,0,0,0,0,0,1,0,0,0,0,0,0,0,1
3420,31,63.07,10,348,0,16.0,29,0.18,1474,1,0,0,0,0,0,0,0,0,0,0,0,0,0,0
3421,56,88.75,14,109,1,27.1,34,0.41,745,0,0,0,1,0,0,0,0,0,0,0,0,1,0,0
3422,73,173.72,6,135,0,20.2,8,0.13,971,0,0,0,1,0,0,0,0,0,0,0,0,0,0,0
3423,57,72.74,9,107,0,50.95,66,0.42,1216,1,0,0,0,0,0,0,1,0,0,0,0,0,1,0
3424,18,95.18,9,336,0,14.0,4,0.13,1295,0,0,1,0,0,0,0,1,0,0,0,0,0,1,0
3425,73,91.07,12,203,0,97.2,66,0.55,610,0,1,0,0,0,0,0,0,0,0,1,0,0,0,1
3426,71,115.66,9,14,1,50.95,94,0.4,1372,0,1,0,0,0,0,0,0,0,0,0,1,0,0,1
3427,21,66.69,6,161,0,12.6,57,0.34,1463,0,0,0,0,0,0,0,0,0,0,0,1,0,0,1
3428,78,97.31,4,194,0,71.3,93,0.3,1641,0,0,0,0,0,0,0,1,0,0,0,0,0,0,1
3429,47,93.19,11,260,0,50.95,4,0.15,242,0,0,1,0,0,0,0,0,0,0,0,0,0,1,0
3430,29,124.82,5,353,0,22.5,85,0.3,135,1,0,0,0,0,0,1,0,0,0,0,0,0,0,0
3431,73,19.03,8,8,0,94.4,73,0.09,721,0,0,0,1,0,0,1,0,0,0,0,0,0,1,0
3432,52,217.2,12,215,0,22.5,66,0.27,1680,0,0,0,0,0,1,0,0,0,0,0,0,0,0,1
3433,30,123.86,6,260,0,9.8,20,0.69,1539,1,0,0,0,0,0,0,0,1,0,0,0,0,0,0
3434,69,41.3,10,112,0,20.6,97,0.28,1764,0,1,0,0,0,0,0,0,0,0,0,1,0,0,0
3435,48,55.49,9,116,0,91.2,55,0.26,693,0,0,1,0,0,0,0,1,0,0,0,0,0,0,0
3436,55,56.3,11,339,0,85.8,6,0.38,1057,0,0,0,1,0,0,0,0,0,0,0,0,0,1,0
3437,60,58.85,11,46,0,89.4,29,0.48,1247,0,0,0,1,0,0,0,0,0,0,0,0,1,1,0
3438,40,172.67,6,317,0,91.6,80,0.25,774,0,0,0,0,0,0,0,0,1,0,0,0,0,0,0
3439,21,183.21,17,300,0,7.7,5,0.21,1333,1,0,0,0,0,0,1,0,0,0,0,0,0,0,0
3440,69,141.05,13,321,0,50.95,37,0.21,1402,0,0,0,1,0,0,0,0,0,1,0,0,0,1,0
3441,33,41.3,11,278,0,66.5,9,0.21,617,0,1,0,0,0,0,0,0,0,1,0,0,0,0,0
3442,24,71.32,2,97,0,50.95,96,0.21,917,0,1,0,0,0,0,0,0,0,0,0,0,0,0,0
3443,39,52.04,13,92,0,71.5,37,0.09,1043,0,0,1,0,1,0,0,0,0,0,0,0,0,1,0
3444,46,55.85,9,298,0,79.2,98,0.32,1402,0,0,1,0,1,0,0,0,0,0,0,0,0,1,0
3445,28,64.95,13,251,0,71.5,39,0.34,576,0,1,0,0,0,0,0,0,0,0,0,1,0,0,0
3446,73,55.22,12,162,1,62.1,63,0.11,1038,0,1,0,0,0,0,0,0,0,0,0,0,1,0,0
3447,50,57.98,8,157,0,55.3,57,0.51,1496,1,0,0,0,0,1,0,0,0,0,0,0,0,0,0
3448,75,110.47,3,66,0,96.9,40,0.19,54,0,0,0,1,0,0,0,0,0,0,0,0,0,0,0
3449,46,74.52,12,137,0,93.6,93,0.27,865,1,0,0,0,0,0,0,0,0,1,0,0,0,1,0
3450,76,213.72,17,311,0,43.8,64,0.3,1770,0,0,1,0,0,0,0,0,0,1,0,0,0,0,0
3451,56,23.32,8,289,0,28.4,95,0.27,335,0,0,1,0,0,0,0,0,0,0,0,0,1,1,0
3452,29,100.44,21,64,0,50.9,3,0.16,1541,0,0,1,0,0,0,0,0,0,0,0,1,0,1,0
3453,24,93.19,8,261,0,74.6,43,0.06,501,0,0,0,1,1,0,0,0,0,0,0,0,0,0,0
3454,76,180.84,11,197,0,40.1,25,0.26,886,0,0,0,0,0,0,0,0,0,0,1,0,0,0,1
3455,72,98.92,12,170,0,53.7,55,0.1,929,0,0,1,0,0,0,0,0,0,0,0,1,0,1,0
3456,56,68.98,8,15,0,29.9,36,0.24,173,0,0,1,0,0,0,0,0,0,0,0,1,0,1,0
3457,59,89.32,9,190,1,42.8,58,0.33,1744,1,0,0,0,0,0,1,0,0,0,0,0,0,0,0
3458,79,23.59,16,24,0,95.7,77,0.1,346,1,0,0,0,0,1,0,0,0,0,0,0,0,0,0
3459,65,55.82,4,249,0,21.5,19,0.19,1098,0,0,0,0,0,1,0,0,0,0,0,0,0,0,0
3460,43,238.58,14,26,0,98.9,59,0.11,546,0,0,0,0,0,0,0,0,0,1,0,0,0,0,0
3461,57,163.58,18,169,0,21.6,16,0.18,519,0,0,0,0,0,1,0,0,0,0,0,0,0,0,0
3462,26,105.34,14,116,0,31.9,94,0.17,1133,0,0,0,0,0,0,0,0,0,1,0,0,0,0,0
3463,58,59.69,4,54,0,8.7,99,0.38,1223,1,0,0,0,0,0,0,0,0,0,0,1,0,1,0
3464,51,105.2,9,362,0,75.2,2,0.39,546,0,0,1,0,0,0,0,0,0,0,0,0,1,1,0
3465,62,93.19,12,25,0,1.8,65,0.11,795,1,0,0,0,0,0,0,0,0,0,1,0,0,1,0
3466,30,173.09,11,271,0,78.8,59,0.53,1756,0,1,0,0,0,0,0,0,0,0,0,0,1,0,0
3467,72,16.12,8,364,0,57.7,48,0.13,1767,0,1,0,0,0,0,0,0,0,0,0,1,0,0,1
3468,72,30.92,10,107,0,74.9,3,0.17,802,0,0,1,0,0,0,0,1,0,0,0,0,0,0,0
3469,53,109.54,13,89,0,50.95,26,0.15,145,0,0,0,0,0,0,0,0,0,0,0,0,0,1,0
3470,42,116.71,9,356,0,12.4,92,0.12,306,0,0,1,0,1,0,0,0,0,0,0,0,0,1,0
3471,41,145.24,10,121,0,2.1,91,0.37,1673,0,1,0,0,0,0,0,0,0,0,0,0,0,1,0
3472,61,81.39,7,344,0,16.9,14,0.31,1496,0,0,1,0,0,0,0,0,0,0,1,0,0,1,0
3473,34,101.44,11,242,0,38.4,24,0.21,86,0,0,0,0,0,1,0,0,0,0,0,0,0,0,0
3474,19,160.25,6,268,1,7.3,35,0.19,705,1,0,0,0,0,0,0,0,0,0,0,0,0,0,1
3475,30,228.3,12,251,0,45.7,98,0.41,648,0,0,0,0,0,1,0,0,0,0,0,0,0,0,1
3476,48,43.47,6,74,0,28.5,88,0.19,1124,1,0,0,0,0,0,0,0,0,0,0,1,0,0,0
3477,46,52.17,10,111,0,36.4,6,0.01,751,0,1,0,0,0,0,0,0,0,0,1,0,0,0,0
3478,67,64.06,9,150,0,50.95,62,0.39,1304,0,0,0,1,0,0,1,0,0,0,0,0,0,0,0
3479,45,75.21,4,269,0,72.4,95,0.49,0,0,0,1,0,1,0,0,0,0,0,0,0,0,1,0
3480,77,93.19,4,97,0,65.8,93,0.29,1067,0,0,0,1,1,0,0,0,0,0,0,0,0,0,0
3481,44,52.07,8,359,0,50.95,36,0.29,597,0,0,0,0,0,0,0,1,0,0,0,0,0,0,0
3482,32,35.05,7,254,0,55.5,29,0.06,1233,1,0,0,0,0,0,1,0,0,0,0,0,0,0,0
3483,48,65.82,6,167,0,51.3,13,0.4,1649,0,0,0,0,0,0,0,0,0,1,0,0,0,1,0
3484,57,131.1,9,249,1,88.2,8,0.34,1084,0,0,0,0,1,0,0,0,0,0,0,0,0,1,0
3485,32,112.66,10,319,0,7.5,15,0.26,163,0,1,0,0,0,0,0,0,1,0,0,0,0,1,0
3486,50,503.63,7,245,0,28.9,33,0.52,1146,0,0,0,0,0,0,0,0,0,1,0,0,0,0,1
3487,37,187.26,8,212,0,10.4,89,0.03,670,0,0,1,0,1,0,0,0,0,0,0,0,0,1,0
3488,59,90.04,7,275,0,1.1,16,0.35,1361,0,1,0,0,0,0,0,0,0,0,0,1,0,0,0
3489,29,110.61,9,333,0,1.4,85,0.14,64,0,0,0,1,0,0,0,0,0,0,1,0,0,0,0
3490,54,23.6,8,279,0,2.4,52,0.26,835,0,0,0,0,0,0,0,0,0,0,1,0,0,1,0
3491,26,66.06,13,45,0,68.2,81,0.07,1064,0,0,0,1,0,0,0,0,1,0,0,0,0,0,0
3492,40,111.01,11,17,0,11.1,34,0.2,1672,0,0,1,0,0,0,0,0,0,0,0,1,0,0,0
3493,25,171.33,6,245,0,20.2,77,0.27,1624,0,0,1,0,0,0,0,0,1,0,0,0,0,0,0
3494,49,82.41,11,349,0,41.9,34,0.15,105,0,0,1,0,0,1,0,0,0,0,0,0,0,0,1
3495,65,115.33,11,219,0,26.9,43,0.11,921,0,0,0,1,0,0,0,0,0,0,0,0,1,1,0
3496,31,181.46,15,175,0,81.7,61,0.5,1134,0,0,0,1,1,0,0,0,0,0,0,0,0,1,0
3497,44,67.43,10,233,0,62.3,79,0.46,1044,1,0,0,0,0,0,0,0,0,0,0,1,0,0,0
3498,42,61.38,10,148,0,33.3,22,0.23,1236,0,1,0,0,0,0,0,0,0,0,0,0,1,0,0
3499,30,162.74,12,97,0,31.8,51,0.23,1342,0,0,0,0,0,0,0,0,0,0,0,0,1,0,1
3500,72,20.16,10,4,0,68.4,4,0.39,737,0,1,0,0,0,0,0,0,0,0,1,0,0,0,0
3501,38,101.62,8,158,0,17.1,49,0.05,213,0,0,1,0,0,0,0,0,0,0,1,0,0,0,1
3502,62,82.02,7,86,0,28.1,39,0.28,615,0,0,0,0,0,0,1,0,0,0,0,0,0,0,0
3503,48,199.19,7,230,0,35.3,87,0.31,943,1,0,0,0,0,1,0,0,0,0,0,0,0,0,0
3504,54,80.35,9,119,0,45.5,77,0.3,65,0,1,0,0,0,0,0,0,0,0,0,1,0,0,0
3505,65,50.99,6,171,0,19.1,72,0.48,326,0,0,1,0,0,0,0,1,0,0,0,0,0,1,0
3506,75,53.69,8,63,0,15.7,1,0.11,18,0,0,0,0,0,0,0,0,0,0,0,1,0,0,1
3507,60,132.12,10,93,0,99.0,41,0.24,316,0,0,0,0,0,1,0,0,0,0,0,0,0,1,0
3508,71,90.38,9,169,0,91.3,50,0.05,783,0,0,1,0,0,0,0,0,0,0,1,0,0,0,0
3509,22,63.61,11,234,0,50.95,81,0.24,807,0,0,0,1,0,0,0,0,0,0,1,0,0,1,0
3510,30,129.24,10,120,0,76.6,17,0.48,449,0,1,0,0,1,0,0,0,0,0,0,0,0,0,0
3511,45,116.23,8,99,0,67.4,8,0.16,1411,0,0,0,0,0,0,0,0,0,0,0,0,0,0,0
3512,60,93.19,8,134,0,7.5,67,0.13,582,0,0,0,1,0,0,0,0,0,0,1,0,0,1,0
3513,42,157.19,8,314,0,51.8,93,0.16,100,1,0,0,0,0,0,0,0,1,0,0,0,0,0,0
3514,68,139.59,7,68,0,18.4,86,0.72,449,0,0,0,0,1,0,0,0,0,0,0,0,0,1,0
3515,52,213.17,11,197,0,58.4,66,0.49,71,0,0,0,0,0,0,0,0,0,1,0,0,0,0,0
3516,64,174.36,12,304,0,6.2,2,0.48,521,1,0,0,0,0,0,0,0,0,0,0,0,0,1,0
3517,56,123.41,10,205,0,16.3,17,0.13,1419,1,0,0,0,0,0,0,0,0,0,0,0,0,1,0
3518,24,175.33,8,10,0,78.2,73,0.41,65,0,0,0,0,0,0,0,0,1,0,0,0,0,1,0
3519,55,101.81,8,356,0,84.3,33,0.05,1047,0,0,1,0,0,0,0,0,0,0,0,0,0,0,0
3520,49,128.63,19,129,0,90.7,93,0.13,607,1,0,0,0,0,0,0,1,0,0,0,0,0,1,0
3521,20,82.2,7,222,0,89.7,93,0.2,402,0,0,0,1,0,0,0,0,0,0,1,0,0,0,1
3522,79,96.31,11,109,0,90.7,54,0.53,842,1,0,0,0,0,0,0,0,0,0,1,0,0,1,0
3523,62,69.7,9,26,0,9.5,70,0.52,20,0,0,0,0,1,0,0,0,0,0,0,0,0,1,0
3524,56,81.74,7,319,0,65.9,6,0.48,237,0,0,0,0,0,1,0,0,0,0,0,0,0,1,0
3525,54,93.19,7,193,0,70.1,52,0.4,339,0,1,0,0,0,0,0,0,1,0,0,0,0,1,0
3526,72,35.01,8,345,0,26.8,45,0.17,1565,0,0,0,1,0,0,0,0,0,0,1,0,0,0,0
3527,67,40.94,4,15,0,99.3,1,0.23,1515,0,1,0,0,0,0,0,0,0,0,0,0,1,0,0
3528,39,39.21,9,72,0,50.95,80,0.41,1119,1,0,0,0,0,0,1,0,0,0,0,0,0,0,0
3529,79,80.45,8,115,1,57.5,51,0.3,1435,0,1,0,0,0,0,0,0,0,0,1,0,0,1,0
3530,25,169.66,8,200,0,50.95,11,0.67,1560,0,0,0,0,0,0,0,0,0,0,0,1,0,1,0
3531,34,139.42,10,132,1,28.9,22,0.19,1771,0,0,1,0,0,0,0,0,0,0,0,0,1,0,0
3532,69,63.01,9,163,0,60.7,34,0.37,761,1,0,0,0,0,1,0,0,0,0,0,0,0,0,1
3533,44,102.28,9,6,0,72.0,1,0.37,475,0,0,0,0,0,0,0,0,0,0,0,0,1,1,0
3534,50,89.07,10,60,0,62.7,77,0.22,885,1,0,0,0,0,0,0,0,0,0,0,0,0,0,0
3535,63,267.75,10,351,0,40.6,49,0.36,1741,0,1,0,0,0,0,1,0,0,0,0,0,0,1,0
3536,34,104.98,11,119,0,94.5,49,0.52,1610,0,1,0,0,0,0,0,0,0,1,0,0,0,1,0
3537,59,26.48,3,30,0,61.2,42,0.27,1474,1,0,0,0,0,0,1,0,0,0,0,0,0,0,0
3538,29,56.93,10,47,0,22.4,92,0.13,1692,1,0,0,0,0,0,0,0,0,0,1,0,0,1,0
3539,65,28.18,6,90,0,80.6,49,0.17,521,0,1,0,0,1,0,0,0,0,0,0,0,0,0,0
3540,63,58.69,12,5,0,65.6,13,0.22,470,1,0,0,0,0,0,0,1,0,0,0,0,0,1,0
3541,79,147.16,13,284,0,11.0,94,0.17,386,0,1,0,0,0,1,0,0,0,0,0,0,0,0,0
3542,44,114.05,10,83,0,27.8,68,0.54,633,1,0,0,0,1,0,0,0,0,0,0,0,0,1,0
3543,65,78.75,12,138,0,15.8,14,0.06,986,0,0,1,0,0,0,0,0,0,0,1,0,0,0,1
3544,25,156.21,17,274,0,7.3,36,0.05,143,1,0,0,0,1,0,0,0,0,0,0,0,0,1,0
3545,40,107.6,14,329,0,23.0,56,0.52,1307,1,0,0,0,0,0,0,0,0,0,0,1,0,0,0
3546,77,224.97,15,132,0,27.8,87,0.21,1345,0,0,0,0,0,0,0,0,0,0,0,0,1,0,0
3547,59,77.45,10,102,0,46.7,69,0.47,1013,0,0,1,0,0,0,0,1,0,0,0,0,0,0,1
3548,78,33.27,4,325,0,96.9,46,0.64,755,0,1,0,0,0,0,0,0,0,0,1,0,0,0,0
3549,66,101.04,13,94,0,94.3,15,0.44,1117,0,1,0,0,0,0,0,0,0,0,0,0,0,0,0
3550,76,143.14,8,17,0,75.4,87,0.04,1541,0,0,0,1,0,1,0,0,0,0,0,0,0,1,0
3551,79,103.06,9,20,0,64.7,8,0.32,1154,0,0,1,0,0,0,0,0,0,0,0,0,0,1,0
3552,46,202.57,9,5,0,94.7,56,0.21,259,0,0,1,0,0,0,0,0,0,0,0,0,1,1,0
3553,67,83.24,7,23,0,14.2,11,0.18,1344,1,0,0,0,0,0,0,1,0,0,0,0,0,1,0
3554,37,38.66,6,224,0,33.0,71,0.3,1709,0,0,0,0,0,0,0,0,0,0,0,0,1,0,1
3555,33,53.71,5,59,0,55.3,23,0.47,1783,0,1,0,0,0,0,0,0,1,0,0,0,0,1,0
3556,34,25.65,10,283,0,81.4,45,0.43,1304,0,1,0,0,0,0,0,0,0,0,0,0,0,0,0
3557,33,120.76,9,219,0,62.4,27,0.24,142,0,0,0,0,0,0,0,0,0,0,0,0,1,0,0
3558,36,112.42,10,329,0,80.9,31,0.79,1148,0,0,0,0,0,0,0,0,0,0,0,0,1,0,0
3559,73,155.84,9,278,0,15.3,47,0.22,1458,0,0,1,0,1,0,0,0,0,0,0,0,0,0,0
3560,73,23.93,10,334,0,19.3,66,0.3,813,0,0,0,0,0,0,0,0,0,0,1,0,0,1,0
3561,25,101.99,4,45,0,74.1,95,0.2,112,0,0,0,0,1,0,0,0,0,0,0,0,0,0,0
3562,55,48.3,11,292,0,34.8,61,0.18,468,1,0,0,0,0,0,0,0,1,0,0,0,0,1,0
3563,55,26.99,5,141,0,43.6,8,0.07,513,0,0,1,0,0,0,1,0,0,0,0,0,0,0,1
3564,70,137.57,8,303,0,79.2,65,0.23,605,0,0,0,1,0,0,1,0,0,0,0,0,0,0,0
3565,46,209.22,15,77,0,7.0,25,0.23,1781,0,0,0,1,1,0,0,0,0,0,0,0,0,0,1
3566,58,26.77,6,198,0,16.8,17,0.38,1138,0,1,0,0,0,0,0,0,0,1,0,0,0,1,0
3567,53,151.21,9,114,0,29.6,30,0.07,1533,0,0,0,0,0,0,0,0,0,0,0,0,0,1,0
3568,43,63.43,13,35,0,88.3,24,0.31,1294,1,0,0,0,1,0,0,0,0,0,0,0,0,1,0
3569,48,96.99,6,59,0,50.95,95,0.49,1665,0,0,0,0,0,0,0,0,0,0,0,1,0,1,0
3570,61,150.23,15,244,0,25.2,52,0.05,446,0,1,0,0,0,0,0,0,0,0,0,1,0,1,0
3571,77,48.91,11,78,0,67.8,63,0.28,981,0,0,0,0,0,1,0,0,0,0,0,0,0,0,0
3572,29,107.42,11,190,0,3.0,61,0.48,55,0,0,0,1,0,0,0,0,1,0,0,0,0,1,0
3573,72,87.89,3,96,0,77.5,77,0.58,77,0,0,1,0,0,0,0,0,1,0,0,0,0,0,0
3574,34,80.7,6,303,0,50.95,58,0.26,1443,0,0,0,0,1,0,0,0,0,0,0,0,0,0,0
3575,32,41.73,13,149,0,5.5,79,0.38,543,0,0,0,1,0,0,0,1,0,0,0,0,0,0,0
3576,26,171.2,10,42,0,49.8,90,0.17,613,0,0,0,1,0,0,0,0,0,0,0,0,1,1,0
3577,56,137.54,9,296,0,40.4,32,0.41,281,0,1,0,0,0,0,0,0,0,0,1,0,0,1,0
3578,59,229.37,13,318,0,15.8,35,0.17,194,0,0,1,0,0,0,0,0,0,0,0,0,1,0,0
3579,65,93.19,9,217,0,15.4,16,0.27,608,0,1,0,0,0,0,0,0,0,0,0,0,1,1,0
3580,29,179.67,14,206,0,16.0,9,0.32,1262,1,0,0,0,0,0,0,0,1,0,0,0,0,0,0
3581,49,108.38,9,145,0,60.0,19,0.23,992,0,0,1,0,0,0,0,0,1,0,0,0,0,1,0
3582,42,29.31,11,327,0,17.1,40,0.13,414,1,0,0,0,0,0,0,0,0,0,0,1,0,0,0
3583,56,78.42,10,258,0,6.0,40,0.39,1790,0,0,1,0,0,0,0,0,1,0,0,0,0,0,0
3584,35,221.27,10,53,0,95.8,46,0.39,1749,0,0,0,1,1,0,0,0,0,0,0,0,0,0,0
3585,32,143.23,18,118,0,3.9,3,0.28,617,1,0,0,0,0,0,0,0,0,0,0,1,0,1,0
3586,49,174.41,15,242,0,50.95,26,0.27,114,0,0,1,0,0,0,0,0,0,0,0,0,0,1,0
3587,23,40.3,7,141,0,93.6,72,0.1,487,0,0,1,0,0,0,0,0,0,0,0,0,1,0,0
3588,75,62.24,10,289,0,50.95,70,0.07,435,1,0,0,0,0,0,0,0,0,0,0,0,0,0,0
3589,61,77.93,11,126,0,96.6,5,0.25,1712,0,0,1,0,0,0,0,0,0,0,0,0,1,1,0
3590,60,131.74,12,224,0,50.2,85,0.07,599,0,1,0,0,0,0,0,0,0,0,0,0,1,1,0
3591,69,194.74,10,228,0,78.5,27,0.35,1607,0,1,0,0,0,1,0,0,0,0,0,0,0,1,0
3592,52,72.69,4,240,0,50.95,44,0.33,1264,1,0,0,0,0,0,0,0,0,0,0,0,1,0,0
3593,51,55.76,7,256,0,61.7,38,0.67,54,0,0,0,1,0,0,0,1,0,0,0,0,0,1,0
3594,55,74.92,8,244,0,78.9,72,0.4,1714,0,0,0,0,0,0,0,0,0,0,0,0,0,0,0
3595,73,25.49,11,175,1,6.5,86,0.27,1616,1,0,0,0,0,0,0,0,0,0,0,0,1,0,0
3596,71,72.92,13,354,0,50.95,87,0.15,542,1,0,0,0,0,0,0,0,0,1,0,0,0,0,0
3597,74,53.57,9,9,0,97.0,89,0.64,39,1,0,0,0,0,0,0,0,0,1,0,0,0,0,0
3598,79,126.36,10,82,0,5.5,71,0.11,350,1,0,0,0,0,0,0,0,0,1,0,0,0,0,0
3599,22,139.65,10,138,0,26.3,78,0.37,1198,0,1,0,0,1,0,0,0,0,0,0,0,0,0,0
3600,35,118.65,11,118,0,67.2,41,0.27,1185,1,0,0,0,0,0,0,0,0,0,0,1,0,1,0
3601,33,74.59,8,126,0,10.0,58,0.18,181,0,0,0,1,0,0,0,0,0,0,0,0,0,1,0
3602,25,30.49,14,98,0,53.7,29,0.45,1708,0,0,0,0,0,0,0,0,0,0,0,0,1,0,0
3603,42,42.99,12,65,0,71.3,81,0.16,1299,0,0,0,0,0,0,1,0,0,0,0,0,0,0,0
3604,49,21.79,8,258,0,75.7,51,0.52,1772,0,0,0,1,0,0,0,0,0,0,0,1,0,0,0
3605,79,114.08,16,142,0,56.1,70,0.16,706,1,0,0,0,0,0,1,0,0,0,0,0,0,1,0
3606,43,72.26,13,58,0,50.1,96,0.07,1367,0,0,0,0,0,0,0,0,0,0,1,0,0,0,0
3607,69,209.81,6,243,0,71.4,63,0.32,1458,0,1,0,0,0,0,0,1,0,0,0,0,0,1,0
3608,39,167.64,11,360,0,14.5,19,0.15,73,0,0,0,0,0,0,0,0,0,0,1,0,0,0,0
3609,48,109.0,13,191,0,50.95,27,0.33,1353,0,0,0,1,0,0,0,0,1,0,0,0,0,1,0
3610,60,59.59,12,347,0,91.9,94,0.29,676,0,0,0,0,0,0,0,0,0,0,0,1,0,0,0
3611,27,200.44,4,129,0,68.3,53,0.19,1822,0,0,0,1,0,0,1,0,0,0,0,0,0,1,0
3612,73,55.18,3,157,0,4.7,97,0.28,1405,1,0,0,0,0,1,0,0,0,0,0,0,0,1,0
3613,74,65.14,5,165,0,50.6,45,0.34,761,0,0,0,0,0,0,0,0,0,0,0,0,1,0,0
3614,29,64.59,10,260,0,72.6,11,0.26,223,0,0,0,1,1,0,0,0,0,0,0,0,0,1,0
3615,70,199.01,8,132,0,4.3,10,0.13,25,0,1,0,0,0,0,0,0,0,0,0,0,0,0,0
3616,45,81.83,9,11,0,76.2,93,0.24,741,0,1,0,0,0,0,0,0,0,0,0,0,1,0,0
3617,23,63.42,12,131,0,28.2,86,0.06,1544,0,0,1,0,0,0,0,0,0,0,0,0,0,0,0
3618,76,153.54,12,152,0,58.9,20,0.22,1749,0,0,0,0,0,1,0,0,0,0,0,0,0,1,0
3619,37,78.49,6,281,0,96.6,19,0.3,1786,1,0,0,0,0,0,0,0,0,0,0,0,1,0,0
3620,22,54.18,17,54,0,99.5,88,0.21,697,0,0,1,0,0,0,0,1,0,0,0,0,0,0,0
3621,40,90.38,7,255,1,63.4,92,0.1,1803,0,0,0,0,0,0,0,0,1,0,0,0,0,0,0
3622,26,68.12,13,125,0,49.1,2,0.1,339,0,1,0,0,0,0,0,0,0,1,0,0,0,0,0
3623,75,239.28,11,45,0,17.8,40,0.06,361,1,0,0,0,0,1,0,0,0,0,0,0,0,1,0
3624,76,61.1,13,173,0,20.8,18,0.48,1408,0,1,0,0,0,0,0,0,1,0,0,0,0,1,0
3625,46,24.03,3,298,0,42.9,82,0.41,1783,0,0,0,0,0,0,0,0,0,0,0,0,1,1,0
3626,33,235.27,14,20,0,70.2,2,0.5,42,1,0,0,0,0,0,1,0,0,0,0,0,0,1,0
3627,71,114.05,12,254,0,50.95,47,0.32,1564,1,0,0,0,0,0,0,0,1,0,0,0,0,1,0
3628,63,138.96,15,164,0,22.2,49,0.58,478,0,0,1,0,1,0,0,0,0,0,0,0,0,0,0
3629,39,170.56,16,267,0,50.95,23,0.22,1267,1,0,0,0,0,0,0,0,1,0,0,0,0,0,0
3630,25,138.03,13,100,0,59.2,47,0.3,131,0,0,0,0,0,0,0,0,0,0,1,0,0,1,0
3631,76,129.68,10,148,0,89.3,79,0.08,628,0,0,0,1,0,0,0,1,0,0,0,0,0,0,1
3632,37,25.34,11,140,0,87.6,89,0.21,553,0,0,0,1,0,1,0,0,0,0,0,0,0,0,0
3633,68,175.53,8,32,0,81.7,45,0.22,1733,1,0,0,0,0,0,0,0,0,1,0,0,0,0,1
3634,31,73.47,11,235,0,51.7,82,0.13,1613,0,0,0,1,0,0,0,0,0,0,0,0,1,0,0
3635,56,319.02,11,197,0,6.5,21,0.09,1816,0,0,0,0,0,1,0,0,0,0,0,0,0,0,0
3636,54,302.5,13,234,0,33.4,47,0.32,143,0,0,1,0,0,0,0,0,0,0,0,1,0,1,0
3637,67,94.85,10,331,0,62.2,32,0.18,678,0,1,0,0,0,1,0,0,0,0,0,0,0,1,0
3638,51,303.3,8,119,0,63.8,19,0.55,667,0,1,0,0,1,0,0,0,0,0,0,0,0,1,0
3639,28,98.7,9,157,0,84.9,18,0.48,1170,0,0,0,0,0,1,0,0,0,0,0,0,0,0,0
3640,71,93.19,4,36,0,37.9,24,0.19,1182,0,0,1,0,0,0,0,0,0,0,0,1,0,1,0
3641,57,107.48,15,337,0,93.7,47,0.17,1646,0,0,0,0,0,0,0,0,1,0,0,0,0,0,0
3642,50,57.95,11,143,0,16.3,30,0.18,1186,1,0,0,0,0,0,0,0,0,0,1,0,0,1,0
3643,48,107.19,14,44,0,5.0,93,0.17,630,0,0,1,0,0,0,0,0,1,0,0,0,0,0,0
3644,76,67.3,6,198,0,17.7,85,0.43,1378,0,0,0,1,0,0,0,0,1,0,0,0,0,1,0
3645,71,89.55,10,237,0,50.95,21,0.22,1608,1,0,0,0,0,0,0,0,0,0,0,1,0,1,0
3646,61,256.4,9,128,0,82.3,48,0.21,1552,0,0,0,1,0,0,0,0,0,0,0,0,0,1,0
3647,51,122.47,7,180,0,15.4,66,0.21,70,1,0,0,0,0,0,0,0,0,1,0,0,0,1,0
3648,67,199.79,8,27,0,54.8,45,0.08,527,1,0,0,0,0,0,0,0,0,0,0,1,0,1,0
3649,24,93.19,8,299,0,77.7,1,0.48,1137,1,0,0,0,0,0,0,0,1,0,0,0,0,0,0
3650,75,122.54,17,66,0,3.5,22,0.53,1779,1,0,0,0,0,1,0,0,0,0,0,0,0,1,0
3651,66,155.55,15,241,0,50.95,56,0.53,357,0,0,1,0,0,0,0,0,0,1,0,0,0,1,0
3652,71,31.85,10,362,0,49.1,40,0.26,500,0,0,1,0,0,0,0,0,0,0,0,0,1,0,0
3653,79,54.87,20,243,0,18.3,38,0.27,1317,1,0,0,0,0,0,1,0,0,0,0,0,0,1,0
3654,40,173.18,7,166,0,45.1,19,0.32,1571,0,0,0,0,0,0,0,0,0,0,0,0,1,0,1
3655,63,120.33,14,265,0,4.4,19,0.17,1068,1,0,0,0,1,0,0,0,0,0,0,0,0,0,1
3656,73,36.41,10,50,0,97.7,66,0.5,1158,1,0,0,0,0,0,0,0,1,0,0,0,0,1,0
3657,24,175.24,10,108,0,50.95,93,0.51,599,0,0,0,0,0,1,0,0,0,0,0,0,0,1,0
3658,71,93.19,6,334,0,68.7,87,0.4,213,0,0,0,0,0,0,0,0,0,0,0,0,0,1,0
3659,42,19.96,9,133,0,51.0,47,0.25,615,1,0,0,0,0,0,0,0,0,0,1,0,0,0,0
3660,78,162.34,10,166,0,82.5,58,0.33,1473,0,1,0,0,0,0,0,0,0,0,1,0,0,0,0
3661,20,152.9,6,79,0,83.3,57,0.39,898,0,1,0,0,0,0,0,0,0,1,0,0,0,0,0
3662,76,222.65,10,337,0,15.9,48,0.39,880,0,0,0,0,0,0,0,0,0,0,0,0,0,0,0
3663,55,169.27,18,98,0,76.8,91,0.28,1651,1,0,0,0,0,0,1,0,0,0,0,0,0,1,0
3664,37,261.12,11,152,0,56.7,45,0.21,430,0,0,0,1,0,0,0,0,0,0,0,0,1,0,0
3665,51,51.96,13,288,0,50.95,87,0.27,26,0,0,0,1,0,0,1,0,0,0,0,0,0,0,0
3666,66,72.36,5,82,0,91.9,92,0.19,1625,1,0,0,0,0,0,0,1,0,0,0,0,0,0,0
3667,61,232.55,13,101,0,33.5,28,0.12,1131,1,0,0,0,0,0,0,0,0,0,0,0,1,0,0
3668,61,63.73,13,330,0,57.1,60,0.1,1401,1,0,0,0,0,0,0,0,0,0,0,0,1,0,0
3669,47,380.3,7,230,0,78.7,5,0.11,637,0,0,0,1,0,0,0,0,0,0,0,0,1,1,0
3670,34,26.36,11,251,0,98.7,18,0.32,1141,0,0,0,1,0,1,0,0,0,0,0,0,0,1,0
3671,76,25.22,16,357,0,61.3,94,0.47,1083,0,0,0,0,0,0,0,0,0,0,0,1,0,0,0
3672,27,40.03,6,320,0,72.1,88,0.12,1658,0,0,1,0,0,1,0,0,0,0,0,0,0,1,0
3673,52,99.67,16,24,0,84.6,37,0.42,840,0,0,0,0,0,0,0,0,0,0,1,0,0,0,1
3674,37,194.41,10,56,0,75.1,80,0.42,481,0,0,0,0,0,1,0,0,0,0,0,0,0,1,0
3675,35,135.45,7,301,0,94.2,93,0.24,421,0,1,0,0,0,0,1,0,0,0,0,0,0,0,0
3676,62,127.31,7,99,0,23.0,94,0.33,1394,0,0,0,0,0,1,0,0,0,0,0,0,0,0,0
3677,61,85.82,12,118,0,90.8,25,0.22,513,0,0,0,0,0,0,0,0,0,0,0,1,0,1,0
3678,44,28.06,15,150,0,20.7,38,0.14,1367,0,0,0,0,0,0,0,0,0,1,0,0,0,0,1
3679,76,33.53,7,79,0,50.95,1,0.17,653,0,0,0,0,0,0,0,0,0,0,0,0,0,0,0
3680,79,23.41,9,330,0,52.3,40,0.5,801,0,0,1,0,0,0,0,0,0,1,0,0,0,0,0
3681,76,93.19,10,149,0,83.1,55,0.14,1184,0,1,0,0,0,0,0,1,0,0,0,0,0,1,0
3682,66,43.17,5,358,0,39.9,95,0.2,729,0,0,0,1,0,0,0,0,0,0,1,0,0,1,0
3683,53,99.72,11,125,0,14.3,39,0.18,1616,1,0,0,0,0,0,0,1,0,0,0,0,0,1,0
3684,40,75.8,6,288,0,70.7,95,0.12,421,0,0,0,1,0,0,0,1,0,0,0,0,0,1,0
3685,49,56.08,10,40,0,60.7,97,0.3,224,0,1,0,0,0,0,0,0,0,0,0,0,0,0,0
3686,27,79.84,6,189,0,82.7,76,0.1,161,0,0,0,0,0,0,0,0,0,0,0,0,0,0,1
3687,28,88.5,7,62,0,75.9,25,0.51,209,0,0,0,1,0,0,0,0,0,0,0,1,0,0,0
3688,55,31.47,3,204,0,89.5,23,0.24,1025,0,0,0,0,0,0,0,0,0,0,0,1,0,0,0
3689,23,73.43,10,340,0,50.95,43,0.47,997,0,0,1,0,0,0,0,0,0,1,0,0,0,0,0
3690,76,52.79,12,203,0,68.6,48,0.75,1766,0,0,1,0,0,0,0,0,0,0,0,1,0,0,0
3691,58,51.5,8,178,0,46.6,92,0.45,1585,0,1,0,0,0,0,0,0,0,0,0,1,0,0,0
3692,79,96.42,13,345,0,2.0,97,0.08,592,0,0,0,1,1,0,0,0,0,0,0,0,0,0,0
3693,64,192.83,10,320,0,30.8,38,0.28,413,0,0,1,0,0,0,0,0,1,0,0,0,0,0,0
3694,51,97.72,13,104,0,72.8,90,0.34,486,0,1,0,0,0,0,0,0,0,1,0,0,0,1,0
3695,53,366.02,7,312,0,6.0,24,0.38,368,0,1,0,0,0,0,0,0,0,0,0,0,0,1,0
3696,54,107.12,12,85,0,50.95,5,0.53,1109,0,1,0,0,0,0,0,0,0,1,0,0,0,0,0
3697,34,189.15,13,327,0,51.6,60,0.38,505,0,0,0,1,0,0,0,0,0,0,0,0,0,0,0
3698,57,39.23,11,250,0,86.8,17,0.46,1131,0,0,0,1,0,1,0,0,0,0,0,0,0,0,0
3699,57,42.15,7,337,0,66.0,37,0.13,1600,0,1,0,0,0,0,0,0,1,0,0,0,0,0,1
3700,71,100.72,9,3,0,79.8,15,0.29,916,1,0,0,0,1,0,0,0,0,0,0,0,0,1,0
3701,29,59.66,8,320,0,17.2,66,0.38,996,0,0,0,1,1,0,0,0,0,0,0,0,0,0,0
3702,38,178.8,13,183,0,17.3,98,0.12,67,0,0,0,1,0,0,1,0,0,0,0,0,0,1,0
3703,57,125.67,8,180,0,21.1,20,0.13,1609,1,0,0,0,0,0,0,0,0,0,1,0,0,0,0
3704,36,97.28,8,299,0,33.3,30,0.57,457,0,0,0,1,0,0,0,0,0,0,0,0,0,0,0
3705,20,85.17,5,15,0,90.4,16,0.17,1620,0,0,0,1,0,0,0,0,0,0,1,0,0,1,0
3706,35,104.06,8,93,0,77.4,44,0.25,462,0,0,1,0,0,1,0,0,0,0,0,0,0,0,0
3707,70,69.3,7,278,0,36.5,59,0.15,1559,1,0,0,0,1,0,0,0,0,0,0,0,0,0,0
3708,68,51.8,9,155,0,91.8,4,0.3,1336,0,0,1,0,0,1,0,0,0,0,0,0,0,1,0
3709,36,140.45,4,356,0,77.9,31,0.24,697,1,0,0,0,0,0,0,1,0,0,0,0,0,0,0
3710,64,50.67,12,15,0,65.6,26,0.11,1123,1,0,0,0,0,0,0,0,1,0,0,0,0,0,0
3711,23,110.33,17,40,0,43.7,41,0.15,1503,1,0,0,0,0,0,1,0,0,0,0,0,0,0,1
3712,33,297.56,7,136,0,65.2,76,0.2,288,0,0,0,1,0,1,0,0,0,0,0,0,0,1,0
3713,25,214.44,9,257,0,59.3,2,0.16,515,0,1,0,0,0,0,1,0,0,0,0,0,0,1,0
3714,65,61.71,12,42,0,50.95,8,0.45,646,0,0,0,0,0,0,0,0,1,0,0,0,0,0,0
3715,35,72.1,3,65,0,22.6,78,0.19,669,0,1,0,0,0,0,0,0,0,1,0,0,0,1,0
3716,69,243.96,10,351,0,88.6,24,0.12,604,0,0,0,1,0,1,0,0,0,0,0,0,0,0,1
3717,65,93.19,10,207,0,59.2,40,0.45,458,0,0,0,1,0,0,0,0,0,0,0,1,0,1,0
3718,60,199.58,9,244,0,80.7,25,0.09,569,0,0,0,0,0,0,0,0,0,0,0,0,1,0,0
3719,56,94.9,12,242,0,34.7,62,0.55,518,0,0,0,1,1,0,0,0,0,0,0,0,0,0,0
3720,66,118.84,8,76,0,39.2,58,0.26,329,1,0,0,0,1,0,0,0,0,0,0,0,0,1,0
3721,66,91.05,9,218,0,93.7,71,0.06,1796,0,0,1,0,1,0,0,0,0,0,0,0,0,1,0
3722,29,102.18,15,222,0,62.2,32,0.11,788,0,0,1,0,0,0,0,0,0,1,0,0,0,0,0
3723,62,249.68,10,352,0,31.8,87,0.4,112,1,0,0,0,0,0,0,0,0,0,0,0,1,0,0
3724,27,16.01,5,20,0,8.2,46,0.24,448,0,1,0,0,0,0,0,0,1,0,0,0,0,1,0
3725,24,145.89,8,146,0,43.4,26,0.09,1134,0,0,1,0,0,0,0,0,0,1,0,0,0,0,1
3726,63,103.69,12,312,0,84.9,42,0.21,122,1,0,0,0,1,0,0,0,0,0,0,0,0,1,0
3727,72,201.13,13,76,0,25.1,7,0.57,277,0,1,0,0,1,0,0,0,0,0,0,0,0,1,0
3728,18,110.59,8,315,0,86.0,56,0.13,1654,0,0,1,0,0,0,0,0,0,0,1,0,0,0,0
3729,66,137.89,6,354,0,16.2,47,0.43,225,1,0,0,0,0,0,1,0,0,0,0,0,0,1,0
3730,53,90.5,4,34,0,13.0,50,0.23,1625,0,0,1,0,0,0,1,0,0,0,0,0,0,0,1
3731,38,93.19,8,125,0,60.6,45,0.25,920,0,0,1,0,0,0,0,0,0,0,1,0,0,1,0
3732,54,47.31,9,322,0,80.5,68,0.29,43,0,0,1,0,0,0,0,1,0,0,0,0,0,1,0
3733,69,158.9,10,231,0,78.0,44,0.35,996,0,0,0,0,0,0,0,0,0,0,1,0,0,1,0
3734,41,145.16,11,86,0,54.4,25,0.37,1414,0,1,0,0,0,0,1,0,0,0,0,0,0,0,0
3735,72,59.16,8,303,0,63.9,52,0.11,71,0,0,1,0,1,0,0,0,0,0,0,0,0,0,0
3736,42,54.13,8,187,0,25.8,18,0.63,1737,1,0,0,0,0,0,0,0,0,0,0,1,0,0,0
3737,24,90.88,6,44,0,55.1,7,0.2,1742,0,0,0,0,0,0,1,0,0,0,0,0,0,1,0
3738,59,68.23,12,330,0,20.8,22,0.13,191,0,0,0,1,0,0,0,0,0,0,0,0,1,1,0
3739,34,93.19,16,323,0,92.8,4,0.18,99,0,0,0,1,0,0,0,0,0,0,0,1,0,0,0
3740,46,117.11,11,347,0,67.8,29,0.3,124,0,1,0,0,0,0,0,0,0,1,0,0,0,1,0
3741,47,53.46,10,71,0,56.5,88,0.1,1506,1,0,0,0,0,0,1,0,0,0,0,0,0,0,0
3742,24,148.62,10,215,0,24.7,40,0.32,598,0,0,0,0,0,0,0,0,1,0,0,0,0,1,0
3743,50,70.15,13,97,0,40.9,52,0.43,1011,1,0,0,0,0,1,0,0,0,0,0,0,0,0,0
3744,24,87.71,16,270,0,78.0,60,0.16,994,0,0,0,0,0,1,0,0,0,0,0,0,0,1,0
3745,75,16.23,5,90,0,23.9,41,0.22,1399,0,0,0,0,0,0,0,0,0,0,0,0,1,0,0
3746,41,270.18,12,141,0,12.9,76,0.45,1505,0,0,0,1,0,0,0,0,0,0,0,0,0,1,0
3747,28,64.5,9,116,0,30.7,73,0.07,1399,0,1,0,0,0,1,0,0,0,0,0,0,0,1,0
3748,26,51.81,7,1,0,79.4,15,0.44,712,0,1,0,0,0,0,0,0,0,0,0,0,1,1,0
3749,29,21.58,5,42,0,88.3,77,0.13,1618,1,0,0,0,0,0,0,0,0,0,0,0,0,1,0
3750,52,73.07,15,70,0,41.4,57,0.4,1571,0,0,0,0,0,0,0,0,0,1,0,0,0,1,0
3751,21,51.76,11,143,0,78.1,94,0.57,829,0,0,0,0,0,0,0,0,0,0,0,0,0,0,0
3752,53,196.16,7,341,0,33.2,99,0.34,426,0,0,1,0,0,0,0,0,1,0,0,0,0,0,0
3753,45,83.5,8,245,0,50.9,35,0.41,766,0,1,0,0,0,0,1,0,0,0,0,0,0,0,0
3754,74,76.13,10,283,0,2.0,90,0.23,1508,0,0,0,0,0,1,0,0,0,0,0,0,0,0,0
3755,30,62.46,4,326,0,71.2,19,0.71,922,1,0,0,0,1,0,0,0,0,0,0,0,0,0,0
3756,40,46.73,7,213,0,71.9,21,0.38,120,0,0,0,1,0,0,0,0,0,0,1,0,0,1,0
3757,36,71.01,13,106,0,10.0,85,0.27,1539,0,0,0,1,0,0,1,0,0,0,0,0,0,0,0
3758,59,205.29,15,262,0,35.9,13,0.26,1768,0,1,0,0,0,0,0,0,0,1,0,0,0,1,0
3759,54,42.99,9,293,0,50.95,21,0.41,322,0,1,0,0,0,0,0,0,0,1,0,0,0,0,0
3760,56,50.51,11,175,0,77.4,88,0.58,1568,0,0,1,0,0,0,0,0,0,0,0,0,1,1,0
3761,41,32.41,15,106,0,82.4,26,0.18,432,0,1,0,0,0,0,0,1,0,0,0,0,0,1,0
3762,33,69.69,11,85,0,71.9,56,0.33,1168,0,0,0,0,0,0,0,0,0,0,0,0,0,0,0
3763,50,131.15,9,226,0,21.6,31,0.27,1477,0,0,0,0,0,0,0,0,0,0,0,0,0,1,0
3764,29,67.21,14,81,0,35.6,30,0.31,249,0,0,0,0,0,0,0,0,0,0,0,0,1,0,0
3765,51,120.5,8,328,0,24.7,24,0.29,65,0,0,0,0,0,0,0,0,0,0,1,0,0,0,0
3766,24,229.79,11,240,0,63.7,96,0.33,1736,0,0,1,0,1,0,0,0,0,0,0,0,0,1,0
3767,28,87.24,8,1,0,64.7,30,0.38,564,0,1,0,0,0,0,0,0,0,1,0,0,0,1,0
3768,48,77.49,8,250,0,1.6,26,0.17,1141,0,1,0,0,0,0,1,0,0,0,0,0,0,0,0
3769,46,136.62,5,41,0,73.2,82,0.25,1033,0,1,0,0,0,0,0,0,0,0,1,0,0,0,0
3770,79,66.07,10,80,0,23.0,54,0.21,751,0,0,1,0,1,0,0,0,0,0,0,0,0,1,0
3771,30,22.98,7,261,0,80.1,76,0.1,1508,0,0,1,0,0,0,0,1,0,0,0,0,0,0,0
3772,48,175.72,8,196,0,83.3,21,0.28,1186,0,0,0,0,0,0,1,0,0,0,0,0,0,0,0
3773,19,120.9,6,247,0,79.7,23,0.26,415,0,0,1,0,0,0,0,0,0,0,0,0,1,1,0
3774,56,131.74,14,329,0,50.95,28,0.1,576,0,0,1,0,0,0,1,0,0,0,0,0,0,1,0
3775,32,238.99,9,295,0,34.8,81,0.2,1575,1,0,0,0,0,0,0,0,1,0,0,0,0,0,0
3776,74,213.81,9,35,0,43.5,79,0.15,1426,0,0,0,0,0,0,0,1,0,0,0,0,0,1,0
3777,28,39.11,9,102,0,52.7,23,0.17,1454,0,0,0,0,0,0,0,0,0,0,0,0,1,0,0
3778,51,77.22,11,302,0,25.0,59,0.51,684,1,0,0,0,0,0,0,0,0,0,0,0,1,1,0
3779,56,23.28,5,97,0,93.2,53,0.53,427,0,1,0,0,0,0,0,0,0,0,0,0,1,0,0
3780,21,30.55,8,144,0,50.4,53,0.19,1453,1,0,0,0,0,1,0,0,0,0,0,0,0,0,0
3781,28,123.38,5,281,0,7.3,34,0.14,1298,1,0,0,0,0,0,0,0,0,0,1,0,0,0,0
3782,46,295.88,11,126,0,99.7,92,0.08,1408,1,0,0,0,1,0,0,0,0,0,0,0,0,1,0
3783,19,131.28,8,303,0,48.4,68,0.44,1423,0,0,1,0,0,0,0,0,0,0,0,0,0,1,0
3784,78,26.29,13,282,0,94.7,12,0.46,1069,1,0,0,0,0,0,0,0,0,1,0,0,0,0,0
3785,33,15.34,6,301,0,39.0,2,0.44,1194,0,0,0,1,0,0,0,0,0,1,0,0,0,1,0
3786,56,64.57,8,66,0,22.5,25,0.28,266,1,0,0,0,0,0,0,0,1,0,0,0,0,1,0
3787,30,180.23,11,146,0,73.7,88,0.23,39,0,1,0,0,0,0,0,0,1,0,0,0,0,0,1
3788,54,64.15,10,327,0,43.2,95,0.15,964,0,1,0,0,0,0,0,0,1,0,0,0,0,1,0
3789,34,108.73,10,80,0,88.1,68,0.25,935,0,1,0,0,0,0,0,0,0,0,0,1,0,1,0
3790,38,79.17,11,252,0,46.4,44,0.05,1350,1,0,0,0,0,0,0,0,1,0,0,0,0,1,0
3791,61,33.23,13,241,0,33.8,34,0.32,1136,0,0,0,0,0,0,0,0,0,1,0,0,0,0,0
3792,77,33.66,6,64,0,96.7,6,0.11,242,0,1,0,0,0,0,0,1,0,0,0,0,0,0,0
3793,36,198.89,10,70,0,83.0,95,0.3,1326,1,0,0,0,1,0,0,0,0,0,0,0,0,1,0
3794,24,93.19,5,35,0,20.6,39,0.5,808,0,1,0,0,0,0,0,0,1,0,0,0,0,1,0
3795,55,97.87,12,66,0,48.9,50,0.47,176,0,0,1,0,0,0,0,1,0,0,0,0,0,1,0
3796,25,130.81,12,82,0,11.3,24,0.24,974,0,0,1,0,0,0,0,0,0,0,0,1,0,0,0
3797,30,115.12,13,169,0,50.95,89,0.12,1010,1,0,0,0,0,0,0,0,0,0,0,1,0,1,0
3798,54,111.33,10,66,0,85.3,5,0.45,1772,0,1,0,0,0,0,0,0,0,0,0,0,0,0,1
3799,19,59.56,10,97,0,93.2,54,0.59,766,0,1,0,0,0,1,0,0,0,0,0,0,0,1,0
3800,58,69.36,13,324,0,73.9,54,0.33,1746,0,0,0,1,0,1,0,0,0,0,0,0,0,0,1
3801,79,54.96,10,292,0,98.9,10,0.22,437,0,1,0,0,0,0,1,0,0,0,0,0,0,1,0
3802,28,57.59,8,249,0,4.5,82,0.18,1067,0,0,0,0,0,1,0,0,0,0,0,0,0,0,0
3803,41,78.8,16,301,0,33.2,93,0.39,324,0,0,1,0,0,0,1,0,0,0,0,0,0,1,0
3804,23,101.92,8,207,0,13.2,75,0.22,589,0,1,0,0,0,0,0,0,0,0,1,0,0,1,0
3805,78,222.26,10,311,0,78.2,94,0.37,188,0,0,0,0,0,1,0,0,0,0,0,0,0,0,0
3806,43,101.16,7,62,0,89.0,69,0.28,1579,1,0,0,0,0,0,0,0,0,0,0,1,0,0,0
3807,24,22.86,11,77,0,44.7,6,0.2,1028,0,0,1,0,0,0,0,0,0,0,0,0,0,1,0
3808,74,74.05,12,29,0,82.9,78,0.38,178,1,0,0,0,0,0,0,1,0,0,0,0,0,0,0
3809,56,70.41,19,351,1,84.8,16,0.11,1440,0,1,0,0,0,0,0,0,1,0,0,0,0,0,0
3810,36,70.85,9,250,0,14.0,60,0.17,1677,1,0,0,0,0,1,0,0,0,0,0,0,0,0,0
3811,23,129.18,6,318,0,50.95,14,0.35,783,0,0,1,0,0,0,1,0,0,0,0,0,0,1,0
3812,60,57.8,10,114,0,18.8,33,0.18,602,1,0,0,0,0,0,0,1,0,0,0,0,0,0,0
3813,46,107.24,11,364,0,67.0,69,0.22,1192,1,0,0,0,0,0,0,0,0,0,0,0,1,0,0
3814,60,31.15,13,331,0,38.7,40,0.39,13,1,0,0,0,0,0,0,0,0,1,0,0,0,1,0
3815,56,93.19,9,218,0,66.8,78,0.28,101,0,0,0,0,0,1,0,0,0,0,0,0,0,0,0
3816,19,159.96,8,153,0,87.6,40,0.32,809,0,0,0,0,0,0,0,0,0,1,0,0,0,1,0
3817,36,240.59,10,220,0,41.3,9,0.13,116,0,1,0,0,0,1,0,0,0,0,0,0,0,1,0
3818,21,40.92,8,22,0,97.2,91,0.36,751,1,0,0,0,0,0,0,0,0,0,0,0,1,0,0
3819,75,42.89,6,213,0,40.9,67,0.12,607,0,0,0,0,0,0,0,0,1,0,0,0,0,0,0
3820,23,229.66,8,147,0,21.4,74,0.18,792,0,0,1,0,0,0,0,0,0,0,1,0,0,1,0
3821,66,137.12,9,357,0,52.9,48,0.43,94,0,0,1,0,1,0,0,0,0,0,0,0,0,1,0
3822,74,100.64,7,301,0,39.9,75,0.06,1307,1,0,0,0,0,0,0,1,0,0,0,0,0,0,1
3823,54,111.44,10,207,0,50.95,98,0.5,1187,0,1,0,0,0,0,0,1,0,0,0,0,0,1,0
3824,78,74.9,7,158,0,2.3,65,0.49,1142,0,0,0,0,0,0,0,0,1,0,0,0,0,0,0
3825,45,93.19,15,306,0,74.4,10,0.32,777,0,0,0,0,0,0,0,0,0,0,0,0,0,0,0
3826,47,44.98,15,166,0,93.3,6,0.29,1031,0,0,0,0,0,0,0,0,0,0,0,1,0,1,0
3827,24,71.14,5,62,0,44.0,72,0.4,1816,0,1,0,0,0,1,0,0,0,0,0,0,0,0,1
3828,26,95.07,6,324,0,6.5,62,0.11,167,0,0,0,1,1,0,0,0,0,0,0,0,0,0,0
3829,42,114.48,8,275,0,74.1,31,0.64,1587,0,0,0,0,0,0,0,0,0,0,0,0,0,0,0
3830,50,60.18,10,22,0,86.7,6,0.35,1685,1,0,0,0,1,0,0,0,0,0,0,0,0,0,0
3831,18,93.19,7,223,0,32.4,95,0.21,240,0,0,0,0,0,0,0,0,0,0,0,1,0,0,0
3832,68,198.29,10,200,0,22.2,34,0.64,204,0,0,0,0,0,0,0,0,0,1,0,0,0,0,0
3833,23,59.55,8,282,0,33.7,93,0.08,842,0,0,0,1,0,1,0,0,0,0,0,0,0,0,0
3834,35,289.65,7,346,0,90.8,67,0.14,1644,1,0,0,0,0,0,0,0,0,0,0,1,0,1,0
3835,27,190.82,10,335,0,41.8,62,0.17,30,1,0,0,0,0,0,0,1,0,0,0,0,0,1,0
3836,45,135.72,11,214,0,65.4,86,0.51,719,1,0,0,0,0,0,0,1,0,0,0,0,0,1,0
3837,28,45.16,9,264,0,7.4,12,0.31,1248,0,0,0,0,0,1,0,0,0,0,0,0,0,1,0
3838,50,68.41,9,228,0,28.2,38,0.45,152,0,0,0,0,0,0,0,0,0,0,1,0,0,1,0
3839,18,190.06,6,226,0,22.8,83,0.38,1587,0,0,1,0,0,0,0,0,1,0,0,0,0,0,0
3840,30,229.33,8,326,0,6.3,7,0.32,1313,0,0,0,1,0,0,0,0,1,0,0,0,0,0,0
3841,54,64.52,9,334,0,12.1,64,0.31,579,1,0,0,0,0,0,0,1,0,0,0,0,0,0,0
3842,37,144.55,12,276,0,41.7,87,0.31,1609,1,0,0,0,0,0,0,1,0,0,0,0,0,0,0
3843,18,129.09,12,229,0,55.8,77,0.13,88,0,0,1,0,0,0,0,0,0,0,0,1,0,0,0
3844,69,91.42,15,355,0,31.2,4,0.11,46,0,0,0,0,0,0,0,0,0,0,0,0,1,0,0
3845,20,236.19,8,214,0,50.95,21,0.57,1032,0,0,1,0,0,0,1,0,0,0,0,0,0,0,0
3846,35,85.85,14,156,0,75.9,78,0.47,355,0,0,1,0,0,0,0,0,0,0,1,0,0,1,0
3847,58,84.89,7,12,0,24.7,36,0.32,481,0,0,0,0,0,0,0,0,0,0,0,0,0,0,1
3848,31,18.61,6,196,0,3.4,7,0.09,1419,0,1,0,0,0,0,1,0,0,0,0,0,0,0,0
3849,48,93.19,10,110,0,25.7,77,0.07,26,0,0,0,1,0,0,0,0,0,0,0,1,0,1,0
3850,44,82.31,13,102,0,92.1,35,0.35,855,0,1,0,0,0,0,1,0,0,0,0,0,0,0,0
3851,34,73.35,14,102,0,1.8,49,0.33,1818,0,1,0,0,0,0,1,0,0,0,0,0,0,0,0
3852,72,50.51,10,169,0,12.9,97,0.57,46,0,0,0,1,0,0,0,0,0,0,0,1,0,1,0
3853,63,421.06,7,108,0,50.95,11,0.12,1419,0,1,0,0,0,0,0,1,0,0,0,0,0,0,0
3854,46,242.95,12,125,0,37.7,89,0.25,1153,0,0,0,0,0,0,0,1,0,0,0,0,0,1,0
3855,53,149.75,9,234,0,64.8,24,0.26,184,0,1,0,0,0,1,0,0,0,0,0,0,0,1,0
3856,54,96.33,11,147,0,91.0,22,0.22,1796,0,1,0,0,0,0,1,0,0,0,0,0,0,0,1
3857,43,17.1,13,170,0,79.4,43,0.35,1557,0,1,0,0,0,0,0,0,0,0,0,0,0,0,0
3858,70,45.66,7,0,0,25.1,51,0.14,289,0,0,0,0,0,0,0,0,0,0,0,1,0,0,0
3859,34,105.27,4,39,0,63.5,49,0.28,202,0,0,1,0,0,0,0,0,0,0,0,0,0,0,0
3860,39,35.44,9,236,0,66.4,22,0.2,756,1,0,0,0,1,0,0,0,0,0,0,0,0,1,0
3861,78,124.07,8,6,0,9.1,79,0.26,199,0,0,0,1,0,0,0,0,1,0,0,0,0,0,0
3862,42,99.16,9,162,0,42.7,18,0.17,151,0,0,0,1,0,1,0,0,0,0,0,0,0,0,0
3863,19,101.58,5,289,0,31.1,44,0.41,1755,0,0,0,0,0,0,0,0,1,0,0,0,0,0,1
3864,72,240.68,13,324,0,15.7,32,0.01,751,1,0,0,0,0,1,0,0,0,0,0,0,0,1,0
3865,39,59.66,13,156,0,5.9,58,0.3,714,0,1,0,0,0,0,0,0,0,0,1,0,0,0,0
3866,22,34.37,10,113,0,2.7,56,0.28,960,0,0,0,1,0,0,0,0,0,0,0,1,0,0,1
3867,21,43.74,10,111,0,85.9,74,0.16,1326,0,1,0,0,0,0,0,0,1,0,0,0,0,0,0
3868,53,93.19,14,256,0,50.95,9,0.3,385,0,0,0,0,0,0,0,0,0,0,0,0,0,0,1
3869,23,346.3,7,72,0,49.3,63,0.16,936,0,0,0,0,0,0,0,0,0,0,0,1,0,1,0
3870,69,61.86,8,192,0,29.2,89,0.48,458,0,0,0,0,0,0,0,0,0,0,0,0,0,0,1
3871,38,198.59,7,272,0,16.6,4,0.46,1406,0,0,1,0,0,0,1,0,0,0,0,0,0,0,0
3872,30,68.7,17,223,0,26.1,38,0.36,1691,0,0,0,0,0,0,0,0,1,0,0,0,0,1,0
3873,71,94.36,11,360,0,17.0,42,0.13,531,0,1,0,0,0,0,1,0,0,0,0,0,0,0,1
3874,54,55.35,11,93,0,75.8,7,0.1,846,0,0,1,0,0,0,0,1,0,0,0,0,0,0,0
3875,72,170.49,11,206,0,90.8,42,0.21,748,0,1,0,0,1,0,0,0,0,0,0,0,0,0,0
3876,42,25.96,6,169,0,43.5,60,0.47,109,0,0,0,0,0,0,0,0,0,0,1,0,0,0,0
3877,43,73.91,12,155,0,82.3,90,0.11,1199,0,0,1,0,0,0,0,0,0,0,1,0,0,1,0
3878,72,192.16,9,243,0,42.6,20,0.24,1780,1,0,0,0,0,0,0,0,1,0,0,0,0,0,0
3879,56,46.65,13,2,0,44.7,63,0.36,1541,0,0,0,0,0,0,0,0,0,1,0,0,0,0,0
3880,37,93.19,11,219,0,48.5,21,0.36,646,0,0,1,0,1,0,0,0,0,0,0,0,0,1,0
3881,50,104.57,9,4,0,82.0,5,0.24,1063,0,0,1,0,0,0,0,0,0,0,0,0,1,1,0
3882,31,50.88,9,193,0,93.6,30,0.38,105,0,0,1,0,0,1,0,0,0,0,0,0,0,1,0
3883,73,170.82,14,53,0,74.4,63,0.12,1621,0,0,0,1,0,0,0,0,0,0,1,0,0,1,0
3884,53,99.23,6,299,0,88.8,59,0.05,814,0,0,1,0,0,0,0,0,0,0,0,1,0,0,0
3885,34,230.13,7,208,0,64.3,38,0.28,790,1,0,0,0,0,0,0,1,0,0,0,0,0,0,0
3886,38,69.7,5,75,0,83.9,36,0.08,1333,0,0,0,0,0,0,1,0,0,0,0,0,0,0,1
3887,63,126.95,8,217,0,55.7,38,0.57,782,0,0,0,0,0,0,0,0,0,0,0,0,1,0,0
3888,33,82.01,18,117,0,50.95,23,0.41,529,0,0,0,0,0,0,0,0,0,0,0,1,0,1,0
3889,63,47.49,14,279,0,70.5,23,0.37,340,0,0,1,0,0,0,0,0,1,0,0,0,0,0,1
3890,33,168.76,10,79,0,74.9,58,0.53,950,0,0,0,0,1,0,0,0,0,0,0,0,0,0,0
3891,73,69.48,8,186,0,23.4,48,0.17,1148,1,0,0,0,0,0,0,0,0,0,1,0,0,0,0
3892,37,28.68,12,7,0,15.4,6,0.27,66,0,0,0,1,0,1,0,0,0,0,0,0,0,0,0
3893,46,105.33,7,90,0,65.3,46,0.15,1461,1,0,0,0,0,0,0,0,0,0,0,0,1,0,1
3894,45,57.99,12,345,0,48.3,87,0.28,1690,0,0,0,1,0,0,0,0,0,0,1,0,0,0,0
3895,25,38.81,7,350,0,50.95,15,0.11,682,0,0,0,0,0,0,0,0,0,1,0,0,0,1,0
3896,41,94.8,6,209,0,14.7,1,0.48,577,0,1,0,0,0,0,0,0,0,1,0,0,0,0,0
3897,20,85.09,12,257,0,94.8,92,0.28,649,0,0,0,1,0,0,0,0,0,1,0,0,0,1,0
3898,42,61.27,9,40,0,70.4,74,0.03,1666,1,0,0,0,0,0,0,1,0,0,0,0,0,1,0
3899,36,101.04,10,214,0,2.3,33,0.48,493,1,0,0,0,0,0,1,0,0,0,0,0,0,1,0
3900,50,91.81,6,183,0,57.7,24,0.07,327,0,1,0,0,0,0,0,0,1,0,0,0,0,1,0
3901,19,264.99,9,303,0,31.3,70,0.45,791,0,0,0,1,0,0,0,0,0,0,0,1,0,1,0
3902,32,189.59,13,240,0,27.5,14,0.21,1727,0,0,0,1,0,0,0,0,0,0,1,0,0,1,0
3903,39,132.96,14,105,0,90.2,96,0.42,1182,1,0,0,0,0,0,0,0,0,0,0,1,0,0,0
3904,77,130.57,4,21,0,83.6,83,0.67,1773,0,0,0,1,0,0,0,0,0,0,0,1,0,0,0
3905,27,114.08,9,352,0,1.0,70,0.55,676,0,1,0,0,0,0,0,0,0,0,1,0,0,0,1
3906,35,87.98,17,244,0,18.2,84,0.12,1701,0,0,0,1,0,0,1,0,0,0,0,0,0,1,0
3907,39,44.56,10,273,0,72.0,89,0.43,111,0,0,0,1,0,0,0,1,0,0,0,0,0,0,0
3908,63,47.26,10,78,0,84.8,84,0.09,1397,0,1,0,0,0,0,0,1,0,0,0,0,0,0,1
3909,66,93.19,11,322,0,71.8,38,0.18,579,0,0,0,0,1,0,0,0,0,0,0,0,0,1,0
3910,44,162.77,12,303,0,52.5,11,0.19,153,0,0,0,1,0,0,0,0,1,0,0,0,0,0,0
3911,30,73.71,15,22,0,98.5,63,0.09,1754,1,0,0,0,1,0,0,0,0,0,0,0,0,0,0
3912,50,91.43,11,110,0,79.7,32,0.23,1452,0,0,1,0,0,0,1,0,0,0,0,0,0,1,0
3913,22,33.55,12,129,0,46.8,29,0.27,1793,1,0,0,0,0,0,0,0,0,0,0,1,0,0,0
3914,43,93.19,7,361,0,58.3,30,0.38,791,1,0,0,0,0,0,0,0,1,0,0,0,0,0,0
3915,30,36.57,6,259,0,4.5,29,0.25,999,0,0,0,0,1,0,0,0,0,0,0,0,0,1,0
3916,44,99.67,12,153,0,96.5,86,0.33,1819,0,0,0,0,1,0,0,0,0,0,0,0,0,1,0
3917,74,67.94,13,18,0,36.3,11,0.29,383,1,0,0,0,0,0,0,0,0,1,0,0,0,1,0
3918,31,77.73,10,48,0,50.95,49,0.04,1154,0,0,0,1,0,0,0,1,0,0,0,0,0,1,0
3919,41,161.85,7,73,0,66.7,84,0.14,260,1,0,0,0,0,0,0,0,0,0,0,0,0,0,0
3920,20,64.71,7,213,0,5.7,78,0.4,1775,0,0,0,1,1,0,0,0,0,0,0,0,0,0,0
3921,64,46.6,6,52,0,26.6,91,0.27,750,0,1,0,0,0,0,0,0,0,0,0,0,1,1,0
3922,68,214.25,12,189,1,65.6,64,0.68,1538,0,1,0,0,0,0,0,0,0,1,0,0,0,0,1
3923,66,37.93,14,128,0,91.2,38,0.4,194,0,0,0,0,0,0,0,0,0,0,0,1,0,1,0
3924,47,90.69,10,143,0,77.9,60,0.39,1190,0,0,1,0,0,1,0,0,0,0,0,0,0,1,0
3925,52,74.25,9,247,0,58.0,68,0.12,990,0,0,1,0,0,0,0,1,0,0,0,0,0,1,0
3926,65,70.5,9,179,0,23.2,7,0.09,1110,0,0,0,0,0,0,1,0,0,0,0,0,0,0,0
3927,31,107.74,12,6,0,94.9,94,0.34,1258,0,1,0,0,0,0,0,0,0,0,1,0,0,1,0
3928,29,75.56,12,343,0,40.4,74,0.4,1209,0,0,0,0,0,0,1,0,0,0,0,0,0,1,0
3929,45,83.25,10,290,0,15.0,7,0.21,754,0,1,0,0,0,0,0,0,0,1,0,0,0,1,0
3930,61,70.38,15,205,0,2.2,5,0.27,736,0,0,0,1,0,0,0,0,0,0,0,0,1,0,0
3931,46,72.01,7,67,1,95.0,68,0.41,1704,0,1,0,0,0,0,1,0,0,0,0,0,0,0,1
3932,60,146.97,6,360,0,77.8,47,0.06,1681,0,1,0,0,0,0,0,0,0,0,0,0,1,1,0
3933,34,211.27,9,142,0,21.6,36,0.41,980,0,1,0,0,0,0,0,0,0,0,1,0,0,1,0
3934,57,82.67,10,107,0,14.2,15,0.27,750,0,0,1,0,0,1,0,0,0,0,0,0,0,0,0
3935,66,81.2,7,184,0,95.9,39,0.25,1479,0,1,0,0,0,0,0,1,0,0,0,0,0,0,0
3936,38,201.33,9,239,0,24.1,38,0.02,1688,1,0,0,0,0,0,0,1,0,0,0,0,0,1,0
3937,74,64.95,9,150,0,46.2,36,0.32,669,0,0,0,1,0,0,0,0,0,0,0,0,0,0,1
3938,40,96.33,7,210,0,61.1,2,0.39,285,0,0,1,0,0,0,0,0,0,0,0,0,1,0,0
3939,37,93.28,13,77,0,6.2,15,0.15,1621,1,0,0,0,0,0,0,0,0,0,1,0,0,0,0
3940,28,50.46,13,227,0,34.4,84,0.36,20,0,0,1,0,1,0,0,0,0,0,0,0,0,0,0
3941,74,72.9,8,246,0,94.4,55,0.1,76,0,0,1,0,1,0,0,0,0,0,0,0,0,0,1
3942,74,23.52,11,101,0,70.0,98,0.24,562,1,0,0,0,0,0,0,0,0,0,0,1,0,0,0
3943,51,89.66,7,213,0,36.8,77,0.16,988,0,0,0,0,0,0,0,0,0,0,0,0,1,1,0
3944,27,55.81,14,138,0,79.2,60,0.46,157,0,0,0,0,0,0,0,0,1,0,0,0,0,1,0
3945,27,58.06,7,185,0,83.7,25,0.2,390,0,1,0,0,0,0,1,0,0,0,0,0,0,0,0
3946,60,160.6,13,167,0,15.2,14,0.31,818,1,0,0,0,0,0,0,0,0,0,0,1,0,1,0
3947,77,170.2,7,57,0,58.7,9,0.44,1728,0,1,0,0,0,0,0,0,0,0,0,1,0,0,0
3948,23,67.75,8,118,0,36.7,49,0.15,1378,0,0,0,0,0,0,0,0,0,0,0,1,0,0,0
3949,53,43.96,9,87,0,50.7,35,0.46,552,1,0,0,0,0,0,0,0,0,0,1,0,0,0,0
3950,41,142.38,12,121,0,46.9,86,0.81,64,1,0,0,0,0,0,0,1,0,0,0,0,0,0,1
3951,29,49.34,10,243,0,50.4,5,0.14,1495,1,0,0,0,0,0,0,0,0,0,0,1,0,1,0
3952,60,78.15,12,66,0,52.2,78,0.24,468,0,1,0,0,0,0,0,1,0,0,0,0,0,0,0
3953,72,15.44,13,293,0,6.9,17,0.29,1622,0,0,1,0,0,0,0,1,0,0,0,0,0,0,0
3954,40,88.2,17,129,0,17.8,69,0.17,743,0,0,1,0,0,0,0,0,0,0,0,0,1,1,0
3955,44,150.14,8,342,0,50.95,77,0.38,972,0,0,1,0,0,0,0,0,0,0,1,0,0,0,0
3956,75,149.17,14,39,0,93.6,54,0.39,690,1,0,0,0,0,0,0,1,0,0,0,0,0,1,0
3957,74,208.16,8,211,0,74.7,47,0.27,822,0,0,0,0,0,0,0,0,0,0,0,1,0,0,0
3958,62,44.86,8,55,0,23.9,95,0.44,948,0,1,0,0,0,0,0,0,0,0,1,0,0,0,0
3959,54,26.04,10,199,0,36.2,49,0.19,1655,0,1,0,0,0,0,0,0,0,0,0,1,0,1,0
3960,23,37.08,2,290,0,33.5,74,0.17,1125,0,0,0,0,0,0,0,0,0,1,0,0,0,0,0
3961,18,37.75,12,304,0,77.0,62,0.21,1825,0,0,1,0,0,0,1,0,0,0,0,0,0,0,0
3962,23,137.87,10,106,0,97.2,23,0.42,1081,0,0,0,1,0,0,0,0,0,1,0,0,0,1,0
3963,67,128.44,7,194,0,35.5,93,0.59,76,0,0,0,0,0,0,0,0,0,1,0,0,0,1,0
3964,39,173.02,7,351,0,1.5,16,0.38,874,0,0,1,0,0,0,0,0,0,0,0,0,1,1,0
3965,58,47.4,5,121,0,93.7,81,0.52,849,1,0,0,0,0,0,0,0,1,0,0,0,0,0,0
3966,41,144.86,10,94,0,75.3,7,0.17,1025,0,0,0,0,0,0,1,0,0,0,0,0,0,0,0
3967,42,157.71,11,286,0,83.4,43,0.16,701,0,0,1,0,0,0,0,0,0,0,0,0,1,0,1
3968,78,164.91,7,124,0,20.9,78,0.27,330,0,1,0,0,0,0,0,0,0,0,0,1,0,0,0
3969,32,79.09,8,331,0,64.6,44,0.37,1174,0,0,0,1,0,0,0,0,0,0,0,0,1,0,0
3970,43,93.19,6,125,0,23.3,9,0.29,1067,0,0,0,1,0,0,0,0,0,0,0,1,0,1,0
3971,25,158.62,12,343,0,1.2,71,0.16,127,0,0,0,1,0,0,0,0,1,0,0,0,0,0,0
3972,68,30.44,11,35,0,15.7,78,0.36,3,0,0,1,0,0,0,0,1,0,0,0,0,0,1,0
3973,41,93.19,9,216,0,92.3,80,0.4,1699,0,0,1,0,0,0,0,0,0,0,0,0,1,1,0
3974,65,114.23,10,2,0,21.5,60,0.27,1639,1,0,0,0,0,0,0,0,0,0,0,0,0,0,0
3975,55,45.04,7,29,0,58.5,10,0.02,1386,0,0,0,1,0,0,0,1,0,0,0,0,0,1,0
3976,78,93.19,9,254,0,96.8,5,0.18,1724,0,1,0,0,0,1,0,0,0,0,0,0,0,0,0
3977,23,137.41,7,44,0,7.6,51,0.12,1587,0,0,0,1,0,0,0,0,0,0,0,0,1,0,0
3978,71,45.58,14,176,0,80.8,7,0.23,7,0,0,0,0,0,0,0,0,0,0,0,1,0,1,0
3979,52,67.34,4,221,0,59.8,22,0.29,857,0,0,0,0,0,0,1,0,0,0,0,0,0,1,0
3980,59,132.31,7,112,0,32.3,24,0.21,1571,0,1,0,0,0,0,0,0,0,0,0,0,1,0,0
3981,18,113.89,12,121,0,36.4,42,0.08,1698,0,0,1,0,0,0,0,0,0,0,0,1,0,0,0
3982,77,158.02,13,274,0,2.7,22,0.47,877,0,0,0,1,0,0,0,0,1,0,0,0,0,1,0
3983,63,71.46,11,231,0,25.6,35,0.05,779,0,0,0,0,0,0,0,0,0,1,0,0,0,1,0
3984,53,125.63,12,311,0,42.3,55,0.21,758,0,1,0,0,0,0,0,0,0,0,0,0,1,0,0
3985,75,43.03,15,248,0,71.7,3,0.5,1117,1,0,0,0,1,0,0,0,0,0,0,0,0,0,0
3986,29,163.14,9,328,0,27.5,71,0.48,433,0,0,0,0,0,1,0,0,0,0,0,0,0,1,0
3987,55,106.59,9,102,0,58.0,19,0.37,701,0,0,0,0,1,0,0,0,0,0,0,0,0,1,0
3988,28,296.58,7,175,0,73.2,42,0.23,885,0,0,0,1,0,0,0,1,0,0,0,0,0,0,0
3989,29,71.42,8,235,0,69.9,46,0.14,1037,0,0,1,0,0,0,0,1,0,0,0,0,0,0,0
3990,59,192.98,10,281,0,59.0,72,0.36,1596,0,0,0,0,0,0,0,0,0,1,0,0,0,0,1
3991,67,157.02,8,244,0,50.95,87,0.23,593,0,0,0,0,0,0,0,0,0,1,0,0,0,0,0
3992,56,189.35,10,132,0,72.1,20,0.17,405,0,0,0,1,0,0,0,1,0,0,0,0,0,0,1
3993,24,192.08,13,343,0,33.6,33,0.41,81,0,0,1,0,0,0,0,0,0,0,0,0,1,1,0
3994,28,107.34,12,158,0,45.0,6,0.21,1602,1,0,0,0,0,0,0,0,0,0,1,0,0,0,0
3995,53,50.86,11,279,0,96.6,15,0.39,1227,1,0,0,0,0,0,0,0,0,0,0,0,1,1,0
3996,69,43.49,13,340,0,66.9,69,0.17,413,1,0,0,0,0,1,0,0,0,0,0,0,0,0,0
3997,48,51.1,9,21,0,52.0,78,0.2,992,1,0,0,0,0,0,0,1,0,0,0,0,0,0,0
3998,50,65.54,13,101,0,57.8,73,0.46,157,0,0,1,0,1,0,0,0,0,0,0,0,0,1,0
3999,30,55.39,7,149,0,10.4,90,0.14,1492,1,0,0,0,0,0,0,0,0,1,0,0,0,0,0
4000,35,34.53,9,56,0,59.2,96,0.54,610,0,0,0,1,1,0,0,0,0,0,0,0,0,0,0
4001,58,127.45,9,157,0,83.6,31,0.17,1636,0,0,0,1,0,0,0,1,0,0,0,0,0,1,0
4002,75,119.98,14,302,0,52.4,6,0.62,811,0,0,0,1,0,0,0,0,1,0,0,0,0,0,0
4003,73,70.23,9,194,0,17.7,1,0.44,1260,1,0,0,0,0,0,0,1,0,0,0,0,0,1,0
4004,41,82.39,15,166,0,44.8,19,0.07,1807,0,0,0,1,0,0,0,0,0,0,0,0,0,1,0
4005,26,98.33,11,344,0,27.8,15,0.24,1154,0,0,0,1,0,1,0,0,0,0,0,0,0,0,0
4006,48,49.91,7,193,0,36.0,34,0.51,79,0,1,0,0,0,0,0,0,0,0,0,0,0,1,0
4007,72,84.9,11,346,0,50.95,64,0.49,1184,1,0,0,0,0,0,1,0,0,0,0,0,0,0,1
4008,78,167.2,9,259,1,33.4,83,0.36,1779,0,0,0,1,1,0,0,0,0,0,0,0,0,1,0
4009,58,37.74,6,199,0,82.2,49,0.28,879,0,0,1,0,0,0,0,0,1,0,0,0,0,0,0
4010,27,160.19,11,4,0,75.8,75,0.2,510,0,0,0,1,0,1,0,0,0,0,0,0,0,0,0
4011,77,245.27,10,299,0,49.1,82,0.3,1752,0,1,0,0,0,0,0,0,0,0,0,1,0,1,0
4012,19,169.56,7,90,0,78.3,88,0.39,206,0,0,1,0,0,0,1,0,0,0,0,0,0,1,0
4013,55,54.75,13,23,0,97.6,46,0.13,1116,0,0,1,0,0,0,0,0,0,0,1,0,0,0,0
4014,32,93.19,7,235,0,40.6,51,0.22,660,0,0,0,0,0,0,0,0,0,0,0,0,0,0,0
4015,20,49.89,8,234,0,98.0,73,0.41,402,0,1,0,0,0,1,0,0,0,0,0,0,0,1,0
4016,60,95.51,12,225,0,24.6,11,0.2,417,0,1,0,0,0,1,0,0,0,0,0,0,0,0,0
4017,48,202.27,9,27,0,95.5,4,0.18,1531,0,0,0,1,0,0,0,0,0,0,0,0,0,1,0
4018,23,93.19,12,151,0,86.4,82,0.43,958,0,1,0,0,0,0,1,0,0,0,0,0,0,1,0
4019,20,23.8,8,245,0,19.9,87,0.18,1774,0,0,1,0,0,0,0,0,1,0,0,0,0,0,0
4020,73,68.59,11,4,0,35.0,41,0.39,62,0,0,1,0,0,0,0,0,1,0,0,0,0,1,0
4021,28,151.48,4,12,0,70.8,64,0.37,427,0,0,0,1,0,0,0,0,0,1,0,0,0,0,0
4022,32,52.21,6,54,0,19.2,1,0.46,592,0,0,1,0,0,0,0,0,0,0,0,0,1,0,0
4023,62,39.89,7,285,0,59.1,89,0.15,1154,0,0,0,1,0,0,1,0,0,0,0,0,0,0,1
4024,69,70.1,8,101,0,53.5,9,0.23,822,0,0,0,0,1,0,0,0,0,0,0,0,0,0,0
4025,45,150.11,8,338,0,29.2,39,0.13,1229,0,1,0,0,1,0,0,0,0,0,0,0,0,0,1
4026,27,136.0,8,213,0,30.1,65,0.18,350,0,1,0,0,0,0,1,0,0,0,0,0,0,0,0
4027,55,105.59,10,112,0,51.6,17,0.54,19,0,1,0,0,0,0,0,0,0,0,0,0,0,0,0
4028,64,129.59,9,337,1,30.0,67,0.46,481,0,0,0,0,1,0,0,0,0,0,0,0,0,0,1
4029,74,85.84,7,89,0,18.0,87,0.84,280,0,1,0,0,1,0,0,0,0,0,0,0,0,0,0
4030,67,65.14,11,270,0,77.3,1,0.25,1388,0,0,0,0,0,0,0,0,0,0,0,0,1,1,0
4031,67,24.04,10,246,0,58.2,24,0.36,328,0,0,0,0,0,1,0,0,0,0,0,0,0,0,0
4032,24,27.6,16,29,0,43.8,77,0.19,458,0,0,0,1,0,1,0,0,0,0,0,0,0,0,1
4033,32,177.14,8,27,1,18.1,20,0.2,1602,1,0,0,0,0,0,1,0,0,0,0,0,0,0,0
4034,35,156.69,6,67,0,59.4,64,0.23,965,1,0,0,0,0,0,0,1,0,0,0,0,0,0,0
4035,35,136.33,15,356,0,62.9,20,0.3,669,0,0,0,1,0,1,0,0,0,0,0,0,0,0,0
4036,69,99.41,11,142,0,48.0,76,0.25,15,0,0,0,1,0,0,0,0,0,0,0,0,0,0,1
4037,58,130.3,10,33,0,37.3,81,0.05,985,0,0,0,1,0,0,0,0,0,0,0,1,0,1,0
4038,41,59.88,9,354,0,86.7,85,0.47,1291,0,1,0,0,0,0,0,1,0,0,0,0,0,0,0
4039,19,63.86,13,226,1,70.5,40,0.17,1665,0,0,1,0,0,0,0,0,0,0,0,0,1,1,0
4040,57,94.84,16,202,0,50.95,88,0.06,1150,0,0,0,1,0,0,0,0,0,0,0,0,0,0,0
4041,37,70.3,15,60,0,59.3,30,0.2,1535,0,0,0,0,0,0,0,0,1,0,0,0,0,0,0
4042,51,48.48,12,190,0,50.95,23,0.06,1330,1,0,0,0,0,0,0,0,0,0,0,0,1,1,0
4043,60,251.52,8,1,0,1.1,23,0.05,643,0,1,0,0,0,0,0,0,0,1,0,0,0,1,0
4044,43,107.52,12,117,0,86.9,56,0.29,1636,0,0,1,0,1,0,0,0,0,0,0,0,0,0,0
4045,24,70.56,12,307,0,81.9,47,0.25,1121,1,0,0,0,0,0,0,0,0,0,1,0,0,1,0
4046,55,136.3,9,51,0,63.9,17,0.38,1321,1,0,0,0,0,0,0,0,1,0,0,0,0,1,0
4047,47,174.27,11,14,0,81.1,2,0.54,896,1,0,0,0,0,0,0,1,0,0,0,0,0,0,0
4048,59,38.59,13,283,0,78.1,88,0.23,579,0,0,0,0,0,0,0,0,0,0,0,0,0,1,0
4049,22,43.75,12,95,0,86.0,33,0.41,1675,0,0,0,0,0,0,0,0,1,0,0,0,0,0,0
4050,28,168.01,6,97,0,89.2,15,0.09,61,0,0,0,0,0,0,0,0,0,1,0,0,0,0,1
4051,18,249.74,8,54,0,81.9,32,0.78,1565,0,0,1,0,0,0,0,0,0,0,0,0,0,1,0
4052,51,148.61,6,277,0,85.2,34,0.08,1639,1,0,0,0,0,0,0,0,0,0,1,0,0,1,0
4053,73,82.48,13,244,0,50.2,60,0.21,1099,0,0,0,1,0,0,0,1,0,0,0,0,0,0,0
4054,18,154.39,12,327,1,70.8,86,0.45,769,0,0,1,0,0,0,0,0,0,0,0,0,1,0,0
4055,36,51.12,8,37,0,33.3,31,0.29,365,0,0,0,0,0,0,1,0,0,0,0,0,0,0,1
4056,19,74.74,13,119,0,86.1,15,0.13,1669,0,0,0,0,0,0,0,0,1,0,0,0,0,0,1
4057,38,54.42,9,257,0,85.9,20,0.12,1753,0,0,0,0,0,0,0,0,0,0,1,0,0,0,0
4058,37,33.11,13,139,0,6.6,87,0.28,30,0,1,0,0,0,0,0,0,0,1,0,0,0,1,0
4059,78,93.19,6,182,0,34.7,31,0.1,1215,1,0,0,0,0,0,0,0,1,0,0,0,0,1,0
4060,40,85.17,13,212,0,17.1,2,0.59,206,0,0,0,1,0,0,0,0,0,0,0,1,0,1,0
4061,38,125.57,12,125,0,13.6,13,0.01,781,1,0,0,0,0,0,0,0,0,0,0,1,0,1,0
4062,41,96.13,4,139,0,41.5,96,0.3,597,0,0,1,0,0,0,0,1,0,0,0,0,0,0,0
4063,21,71.59,8,108,0,62.6,16,0.09,593,0,1,0,0,0,0,0,0,0,0,0,0,1,0,0
4064,29,20.58,9,8,0,34.4,15,0.23,994,0,0,1,0,0,0,0,1,0,0,0,0,0,1,0
4065,39,52.83,13,31,0,30.9,25,0.41,90,0,0,0,0,0,0,0,1,0,0,0,0,0,0,0
4066,37,349.08,5,234,0,9.4,76,0.69,957,0,0,0,0,1,0,0,0,0,0,0,0,0,1,0
4067,35,165.99,14,72,0,38.3,28,0.23,697,0,0,0,1,0,0,0,0,0,0,0,0,1,1,0
4068,18,27.21,10,135,0,47.1,12,0.1,824,1,0,0,0,1,0,0,0,0,0,0,0,0,0,0
4069,47,37.52,7,253,0,39.9,85,0.34,637,0,0,1,0,0,0,0,0,0,0,0,0,0,1,0
4070,79,93.19,7,115,0,68.0,76,0.27,821,0,0,0,0,0,0,0,0,0,0,1,0,0,1,0
4071,50,217.51,7,155,0,28.8,54,0.62,1416,0,0,0,1,0,0,0,0,0,0,1,0,0,1,0
4072,41,289.83,11,81,0,71.6,58,0.41,930,0,0,0,1,0,0,0,0,0,0,0,0,1,1,0
4073,31,37.76,5,106,0,88.3,16,0.4,1382,0,0,1,0,0,0,0,0,0,0,0,0,1,0,0
4074,53,191.72,9,228,0,50.95,62,0.32,682,1,0,0,0,0,0,0,0,0,0,0,0,0,0,1
4075,22,147.89,10,291,0,38.9,74,0.25,1561,0,1,0,0,0,0,0,0,0,0,1,0,0,1,0
4076,28,41.38,9,116,0,18.0,10,0.75,231,0,0,0,1,0,0,0,0,0,0,0,0,0,1,0
4077,41,23.3,9,287,0,93.2,66,0.11,96,0,0,1,0,0,0,1,0,0,0,0,0,0,0,0
4078,77,19.31,9,212,0,75.2,91,0.17,527,0,0,0,0,0,0,0,0,0,1,0,0,0,0,1
4079,48,80.93,13,166,0,24.6,52,0.3,1571,0,1,0,0,0,0,0,0,0,0,0,1,0,1,0
4080,72,91.17,13,48,0,15.1,30,0.31,204,0,1,0,0,0,0,1,0,0,0,0,0,0,1,0
4081,30,66.05,12,220,0,4.9,97,0.1,134,1,0,0,0,0,0,0,1,0,0,0,0,0,0,0
4082,33,93.19,12,278,0,19.1,16,0.06,1685,0,0,1,0,0,0,0,0,1,0,0,0,0,0,0
4083,41,85.72,6,288,0,73.2,10,0.41,1111,1,0,0,0,1,0,0,0,0,0,0,0,0,1,0
4084,30,78.34,10,178,0,63.0,15,0.19,1079,0,0,0,1,0,1,0,0,0,0,0,0,0,0,0
4085,41,238.12,9,170,0,96.7,26,0.25,1292,0,0,0,1,0,0,0,0,1,0,0,0,0,1,0
4086,71,42.87,14,3,1,32.2,61,0.47,918,0,0,1,0,0,0,0,0,0,0,0,0,1,0,0
4087,43,63.58,7,335,0,78.7,15,0.27,540,0,0,0,0,0,0,0,0,0,1,0,0,0,0,0
4088,19,121.44,8,194,0,12.0,6,0.48,964,0,0,0,1,0,0,1,0,0,0,0,0,0,0,0
4089,33,86.88,3,257,0,56.3,81,0.1,393,0,0,0,1,0,1,0,0,0,0,0,0,0,0,0
4090,55,156.33,9,44,0,46.7,1,0.12,1767,0,0,0,0,0,1,0,0,0,0,0,0,0,1,0
4091,63,29.49,11,343,0,83.8,87,0.35,36,0,1,0,0,0,0,0,0,0,0,0,0,1,1,0
4092,18,51.1,7,207,0,70.2,98,0.31,1367,0,0,1,0,0,0,1,0,0,0,0,0,0,0,0
4093,66,98.98,16,114,0,19.4,35,0.19,682,0,1,0,0,0,1,0,0,0,0,0,0,0,1,0
4094,28,80.08,10,129,0,98.4,89,0.48,1818,1,0,0,0,0,0,1,0,0,0,0,0,0,1,0
4095,68,73.6,10,159,0,82.3,1,0.47,2,0,0,0,0,1,0,0,0,0,0,0,0,0,1,0
4096,52,134.11,9,0,0,35.5,89,0.29,301,0,0,1,0,1,0,0,0,0,0,0,0,0,0,0
4097,60,139.72,10,273,0,82.6,38,0.2,1284,0,0,0,0,0,1,0,0,0,0,0,0,0,0,0
4098,46,123.11,15,159,0,50.95,80,0.48,1638,0,0,0,0,0,1,0,0,0,0,0,0,0,1,0
4099,54,31.97,7,264,0,89.0,41,0.12,935,0,1,0,0,0,0,0,0,0,0,0,0,1,1,0
4100,34,198.07,9,310,0,55.6,12,0.56,1314,0,1,0,0,0,0,1,0,0,0,0,0,0,0,0
4101,75,93.19,8,322,0,57.7,64,0.12,1669,1,0,0,0,0,0,0,0,0,0,1,0,0,0,0
4102,71,35.17,6,247,0,10.7,10,0.41,1398,0,0,1,0,0,0,0,0,0,0,0,0,0,0,0
4103,56,86.52,11,23,0,16.5,27,0.07,1065,0,0,0,0,0,0,0,0,0,0,0,0,0,0,0
4104,59,33.37,11,266,0,98.3,39,0.45,423,1,0,0,0,0,0,0,0,1,0,0,0,0,0,1
4105,45,27.72,12,155,0,77.0,71,0.38,436,0,0,0,0,0,0,0,0,1,0,0,0,0,1,0
4106,46,57.45,9,271,0,2.6,70,0.27,1766,1,0,0,0,0,1,0,0,0,0,0,0,0,0,1
4107,60,16.54,5,92,0,54.8,45,0.16,1637,0,0,0,0,0,0,0,0,0,0,0,1,0,1,0
4108,20,99.92,4,360,0,34.5,11,0.55,495,0,1,0,0,1,0,0,0,0,0,0,0,0,1,0
4109,69,175.23,7,11,0,31.2,24,0.49,1215,0,0,0,1,0,0,0,1,0,0,0,0,0,0,0
4110,27,249.24,7,237,0,55.7,57,0.31,1777,1,0,0,0,0,0,1,0,0,0,0,0,0,1,0
4111,76,116.05,12,120,0,32.0,40,0.17,1387,1,0,0,0,0,0,0,0,0,1,0,0,0,1,0
4112,59,75.28,11,89,0,25.2,89,0.11,1372,0,0,0,1,0,0,0,0,0,1,0,0,0,1,0
4113,31,138.16,15,74,0,93.8,37,0.23,2,0,1,0,0,1,0,0,0,0,0,0,0,0,0,0
4114,29,93.87,10,321,1,50.95,3,0.44,1313,1,0,0,0,0,0,0,0,1,0,0,0,0,1,0
4115,64,187.04,10,30,0,43.6,68,0.06,892,0,1,0,0,0,0,0,0,0,0,0,0,1,0,0
4116,59,65.55,11,194,0,51.1,68,0.51,1599,0,0,0,0,0,0,0,0,0,1,0,0,0,0,0
4117,47,102.51,13,88,0,44.0,1,0.29,444,0,0,0,0,0,1,0,0,0,0,0,0,0,0,0
4118,49,141.56,4,97,0,65.7,94,0.57,795,0,0,0,1,0,0,0,0,0,0,0,1,0,1,0
4119,49,183.53,10,128,0,2.6,79,0.18,146,0,0,1,0,0,0,0,0,0,1,0,0,0,0,1
4120,59,51.86,11,294,0,88.5,45,0.11,67,0,1,0,0,0,0,0,0,0,0,0,0,0,1,0
4121,49,90.76,6,94,0,50.0,31,0.31,416,0,0,1,0,0,0,0,0,0,0,0,1,0,1,0
4122,43,83.0,10,163,0,55.4,37,0.09,1024,0,0,1,0,0,0,0,0,0,0,0,1,0,1,0
4123,68,271.21,8,229,0,50.95,69,0.49,1668,0,1,0,0,0,0,0,0,0,1,0,0,0,0,0
4124,18,33.55,6,139,0,44.5,43,0.21,16,0,0,1,0,0,0,0,0,0,0,0,0,1,1,0
4125,73,67.84,14,316,0,18.7,85,0.12,1393,1,0,0,0,0,0,0,0,0,0,0,0,1,1,0
4126,78,104.4,9,327,0,50.4,99,0.12,1006,0,0,0,0,0,0,0,0,1,0,0,0,0,1,0
4127,75,67.68,4,108,0,42.1,4,0.27,470,0,0,0,1,1,0,0,0,0,0,0,0,0,1,0
4128,59,103.65,11,13,0,46.8,71,0.43,1138,0,1,0,0,0,1,0,0,0,0,0,0,0,0,0
4129,19,77.94,12,160,0,1.4,29,0.32,291,0,0,0,1,0,0,0,1,0,0,0,0,0,0,0
4130,34,63.21,14,131,0,13.1,99,0.21,411,0,0,0,0,0,0,0,0,0,0,1,0,0,0,0
4131,47,88.46,12,112,0,76.3,96,0.7,1163,0,0,0,1,0,0,0,1,0,0,0,0,0,1,0
4132,73,128.42,7,285,0,41.9,11,0.25,189,0,1,0,0,0,0,0,0,0,0,0,0,0,1,0
4133,56,54.72,11,339,0,74.3,33,0.37,1078,0,0,0,1,0,0,0,0,0,0,0,0,1,0,1
4134,24,139.97,6,93,0,17.1,53,0.51,1212,0,0,1,0,0,0,0,0,1,0,0,0,0,1,0
4135,69,90.21,16,346,0,50.95,17,0.04,149,0,0,1,0,0,0,0,0,0,0,0,0,0,0,0
4136,44,46.59,10,88,0,28.9,12,0.09,1177,0,0,0,0,0,0,0,1,0,0,0,0,0,1,0
4137,26,93.19,13,309,0,70.5,1,0.38,103,0,0,1,0,0,0,0,0,0,0,0,1,0,0,1
4138,39,67.13,12,133,0,8.7,56,0.27,98,0,0,0,1,1,0,0,0,0,0,0,0,0,1,0
4139,51,50.01,6,260,0,50.95,23,0.21,284,1,0,0,0,0,0,0,0,0,0,0,1,0,1,0
4140,63,80.82,10,205,0,11.9,7,0.14,1070,0,0,0,1,0,0,0,1,0,0,0,0,0,0,0
4141,66,93.6,10,306,0,63.0,78,0.09,1220,1,0,0,0,0,0,0,0,0,1,0,0,0,0,0
4142,18,144.51,17,33,0,39.3,41,0.2,1000,0,0,0,1,1,0,0,0,0,0,0,0,0,1,0
4143,26,104.63,9,168,0,7.4,53,0.32,225,1,0,0,0,0,0,0,0,1,0,0,0,0,0,0
4144,37,23.63,13,344,0,52.6,7,0.41,1713,1,0,0,0,0,0,1,0,0,0,0,0,0,0,0
4145,70,64.34,11,145,0,2.5,78,0.55,130,0,1,0,0,0,0,0,0,0,0,0,1,0,1,0
4146,36,90.42,18,19,0,81.8,98,0.21,231,0,1,0,0,0,0,0,0,0,1,0,0,0,1,0
4147,53,68.38,9,106,0,93.8,66,0.09,107,0,0,0,1,0,0,0,0,0,0,0,0,0,0,0
4148,77,157.1,17,135,0,81.0,84,0.06,506,0,0,1,0,0,0,1,0,0,0,0,0,0,1,0
4149,57,191.65,15,25,0,95.2,81,0.25,292,0,1,0,0,0,0,0,0,0,0,0,0,0,0,0
4150,62,26.53,10,245,0,89.7,74,0.19,1773,1,0,0,0,0,0,0,0,0,0,0,0,1,1,0
4151,21,109.81,13,340,0,89.5,53,0.64,1077,0,0,0,1,0,0,1,0,0,0,0,0,0,1,0
4152,26,40.02,10,154,0,24.5,5,0.2,1706,0,0,1,0,1,0,0,0,0,0,0,0,0,1,0
4153,58,188.84,9,41,0,23.1,97,0.49,506,0,0,0,1,0,0,0,0,0,0,0,0,1,0,0
4154,39,47.03,8,177,0,80.9,36,0.13,692,1,0,0,0,1,0,0,0,0,0,0,0,0,1,0
4155,35,43.03,8,80,0,49.1,44,0.22,625,0,1,0,0,0,1,0,0,0,0,0,0,0,1,0
4156,29,165.0,8,176,0,94.2,11,0.07,251,0,1,0,0,0,0,0,0,0,1,0,0,0,1,0
4157,59,130.81,9,192,0,89.7,64,0.64,1817,0,0,0,0,0,0,0,1,0,0,0,0,0,0,1
4158,60,126.03,14,190,0,89.3,21,0.34,95,0,0,0,0,0,0,0,0,0,0,0,0,0,1,0
4159,56,134.06,7,282,0,32.6,4,0.38,819,0,0,0,1,0,0,0,1,0,0,0,0,0,0,0
4160,26,57.14,8,245,0,13.3,89,0.24,385,0,0,0,1,0,0,1,0,0,0,0,0,0,1,0
4161,23,78.1,9,99,0,50.95,35,0.27,1252,0,0,1,0,0,0,0,0,0,0,0,1,0,1,0
4162,36,187.61,11,34,0,44.1,35,0.13,643,0,1,0,0,0,0,0,0,0,0,0,1,0,0,0
4163,65,260.3,12,293,0,93.4,35,0.39,1799,0,1,0,0,0,0,0,0,0,0,0,0,0,0,0
4164,79,77.07,10,293,0,85.4,39,0.03,362,0,0,0,0,0,0,0,0,0,0,0,0,1,0,1
4165,64,58.25,11,41,0,92.9,33,0.45,481,1,0,0,0,0,0,0,0,0,0,0,0,0,0,1
4166,24,211.97,13,169,0,56.8,77,0.33,834,1,0,0,0,0,1,0,0,0,0,0,0,0,0,0
4167,33,124.56,11,56,0,52.6,68,0.09,660,0,0,0,0,0,1,0,0,0,0,0,0,0,0,0
4168,22,95.22,11,355,0,84.7,44,0.48,746,0,0,0,1,0,0,0,1,0,0,0,0,0,0,0
4169,33,93.19,7,53,0,51.2,51,0.18,792,0,1,0,0,0,0,1,0,0,0,0,0,0,1,0
4170,18,93.34,13,187,0,90.0,38,0.39,994,0,1,0,0,0,1,0,0,0,0,0,0,0,0,1
4171,68,229.36,11,295,0,3.4,42,0.35,1578,0,1,0,0,0,0,0,0,0,1,0,0,0,0,0
4172,54,177.19,10,85,0,35.9,45,0.48,1788,1,0,0,0,0,0,0,0,0,0,0,0,1,0,0
4173,56,60.97,12,63,0,50.95,30,0.09,1055,0,0,0,1,0,0,0,0,0,0,0,0,1,1,0
4174,36,284.46,15,80,0,21.0,91,0.31,264,1,0,0,0,0,1,0,0,0,0,0,0,0,1,0
4175,71,54.84,9,267,0,39.9,35,0.26,112,0,0,0,1,0,0,0,0,0,0,1,0,0,0,1
4176,54,85.88,12,184,0,1.0,28,0.34,567,0,0,0,0,0,0,0,0,0,0,0,1,0,1,0
4177,78,144.9,10,344,0,30.2,41,0.57,449,0,0,0,1,0,0,0,0,0,0,1,0,0,1,0
4178,34,156.47,12,25,1,31.9,45,0.46,1405,1,0,0,0,0,0,1,0,0,0,0,0,0,1,0
4179,43,62.81,8,237,0,73.3,48,0.14,13,0,1,0,0,0,0,1,0,0,0,0,0,0,0,0
4180,39,95.83,9,295,0,67.7,55,0.41,507,1,0,0,0,1,0,0,0,0,0,0,0,0,1,0
4181,79,68.96,9,298,0,44.5,8,0.07,346,0,0,0,0,0,0,1,0,0,0,0,0,0,0,0
4182,25,316.0,8,224,0,72.9,26,0.5,71,0,1,0,0,1,0,0,0,0,0,0,0,0,1,0
4183,78,60.74,12,327,0,42.8,98,0.21,573,1,0,0,0,0,0,0,0,0,0,0,0,1,0,0
4184,78,164.02,8,89,0,43.5,29,0.02,1453,0,1,0,0,0,0,0,0,0,1,0,0,0,0,0
4185,50,27.62,13,16,0,64.6,55,0.47,1254,0,0,0,0,0,0,0,0,1,0,0,0,0,1,0
4186,19,94.46,12,87,0,72.3,66,0.16,289,0,0,0,1,0,0,0,0,0,0,0,1,0,0,0
4187,47,90.93,9,23,0,84.7,70,0.29,811,0,0,0,1,1,0,0,0,0,0,0,0,0,1,0
4188,64,114.98,17,331,1,75.1,48,0.28,206,0,0,1,0,0,0,0,1,0,0,0,0,0,1,0
4189,37,66.0,7,222,0,50.95,80,0.14,27,0,1,0,0,0,0,0,0,0,1,0,0,0,0,0
4190,77,52.24,11,57,0,56.1,7,0.52,1805,0,0,0,0,0,0,0,0,0,0,0,0,0,1,0
4191,35,37.6,10,188,0,30.8,75,0.19,309,1,0,0,0,0,0,0,1,0,0,0,0,0,1,0
4192,60,81.69,9,221,0,26.1,80,0.49,1220,1,0,0,0,0,0,0,0,0,1,0,0,0,1,0
4193,74,27.72,5,352,0,84.3,6,0.27,864,0,0,1,0,0,0,0,1,0,0,0,0,0,1,0
4194,27,40.75,16,50,0,71.7,37,0.29,775,1,0,0,0,0,1,0,0,0,0,0,0,0,0,0
4195,41,37.27,11,87,0,66.5,9,0.19,1683,0,0,0,0,0,0,0,1,0,0,0,0,0,1,0
4196,73,76.37,9,221,0,25.9,3,0.35,1111,0,0,0,0,1,0,0,0,0,0,0,0,0,0,1
4197,21,187.01,6,347,0,97.0,53,0.15,878,0,0,0,1,0,0,0,0,0,1,0,0,0,0,1
4198,54,78.67,9,166,0,8.1,93,0.29,1524,0,1,0,0,0,0,0,0,0,0,0,0,0,1,0
4199,21,31.32,7,193,0,83.8,8,0.49,612,0,1,0,0,0,0,1,0,0,0,0,0,0,1,0
4200,30,133.69,9,100,0,21.1,40,0.52,779,1,0,0,0,0,0,0,1,0,0,0,0,0,0,0
4201,42,145.02,9,201,0,39.2,17,0.18,843,0,1,0,0,0,0,0,0,0,0,0,0,0,1,0
4202,30,429.27,10,12,0,50.95,70,0.21,115,0,0,1,0,0,0,0,0,0,1,0,0,0,1,0
4203,35,87.02,10,146,0,66.3,47,0.18,588,0,1,0,0,0,0,0,0,0,0,0,0,0,1,0
4204,78,157.81,8,261,0,54.7,11,0.2,661,1,0,0,0,0,0,0,0,1,0,0,0,0,0,0
4205,76,269.6,10,145,0,50.95,10,0.45,903,0,1,0,0,0,0,0,0,1,0,0,0,0,0,0
4206,41,90.34,9,8,0,3.0,61,0.5,978,0,0,0,0,0,0,0,1,0,0,0,0,0,1,0
4207,19,20.7,14,80,0,71.7,2,0.08,323,0,0,0,0,0,0,0,1,0,0,0,0,0,1,0
4208,65,135.55,11,67,0,50.5,29,0.33,295,0,0,0,1,0,0,0,1,0,0,0,0,0,0,1
4209,50,80.1,11,309,0,36.2,70,0.26,834,0,0,0,1,0,0,0,0,0,0,0,1,0,0,0
4210,75,160.57,14,125,0,28.5,51,0.42,381,0,0,0,1,0,1,0,0,0,0,0,0,0,0,0
4211,36,66.71,14,49,0,82.3,73,0.25,393,0,0,0,1,0,0,0,0,0,0,0,0,0,0,0
4212,26,155.54,12,69,0,79.6,66,0.44,1002,0,1,0,0,0,0,0,0,0,0,1,0,0,1,0
4213,45,44.03,5,138,0,82.6,68,0.35,1509,1,0,0,0,0,0,0,0,0,0,0,0,1,0,0
4214,52,34.72,10,169,0,21.9,57,0.25,1334,0,1,0,0,0,0,0,1,0,0,0,0,0,1,0
4215,74,145.25,8,89,0,85.2,41,0.15,1330,1,0,0,0,1,0,0,0,0,0,0,0,0,1,0
4216,56,55.97,7,138,0,98.6,94,0.27,1606,1,0,0,0,0,0,0,0,1,0,0,0,0,0,0
4217,78,147.5,8,71,0,59.9,64,0.14,398,1,0,0,0,0,0,0,0,1,0,0,0,0,1,0
4218,27,76.45,12,244,0,4.7,4,0.35,353,1,0,0,0,0,0,1,0,0,0,0,0,0,0,1
4219,18,93.19,10,66,0,70.2,1,0.12,1503,0,0,0,0,0,0,0,0,0,0,0,0,1,1,0
4220,59,184.51,11,129,0,53.8,75,0.42,1377,1,0,0,0,0,0,0,0,0,0,0,0,0,0,1
4221,38,38.2,7,209,0,50.95,7,0.18,792,0,1,0,0,0,0,0,0,0,1,0,0,0,0,1
4222,26,157.52,12,193,0,18.8,82,0.7,1649,1,0,0,0,0,0,0,0,0,0,0,0,1,1,0
4223,77,94.57,8,25,0,60.6,8,0.08,1540,0,0,0,0,0,1,0,0,0,0,0,0,0,0,0
4224,64,83.13,14,331,0,53.9,94,0.1,1565,0,1,0,0,0,0,0,1,0,0,0,0,0,1,0
4225,32,93.97,12,292,0,60.2,79,0.13,1178,0,0,1,0,1,0,0,0,0,0,0,0,0,0,1
4226,52,61.3,8,217,0,72.8,58,0.26,943,0,1,0,0,0,0,0,0,0,0,0,0,0,0,0
4227,74,62.15,18,35,0,54.4,10,0.12,969,0,0,0,0,0,0,0,0,0,0,0,0,0,0,0
4228,22,65.2,9,15,0,32.2,66,0.11,1002,0,0,0,0,0,0,0,1,0,0,0,0,0,0,0
4229,58,35.99,10,77,0,30.9,79,0.23,442,0,0,0,1,0,1,0,0,0,0,0,0,0,1,0
4230,75,130.15,10,321,0,69.5,22,0.44,515,0,0,1,0,0,0,0,1,0,0,0,0,0,1,0
4231,39,95.57,14,20,0,66.4,52,0.18,1319,1,0,0,0,0,0,0,1,0,0,0,0,0,1,0
4232,58,137.82,10,134,0,42.2,98,0.26,136,0,0,0,0,0,0,0,0,0,0,0,0,1,0,0
4233,40,119.1,10,244,0,35.4,49,0.18,1394,0,0,0,1,1,0,0,0,0,0,0,0,0,0,0
4234,24,129.96,4,183,0,62.0,67,0.07,983,0,0,0,1,0,0,0,0,0,0,0,0,0,0,0
4235,73,71.6,4,171,0,31.2,4,0.18,131,1,0,0,0,0,0,1,0,0,0,0,0,0,1,0
4236,40,126.85,9,53,0,96.3,89,0.1,318,0,1,0,0,0,0,0,1,0,0,0,0,0,0,0
4237,61,127.73,12,92,0,59.6,57,0.19,989,0,0,1,0,0,0,0,0,0,0,0,1,0,1,0
4238,42,79.27,8,313,0,59.2,69,0.6,240,1,0,0,0,0,0,0,0,0,1,0,0,0,0,0
4239,44,189.93,9,292,0,13.6,76,0.23,1493,1,0,0,0,0,0,0,1,0,0,0,0,0,0,1
4240,58,72.34,17,175,0,61.0,53,0.12,1531,0,1,0,0,0,0,0,1,0,0,0,0,0,1,0
4241,23,328.63,13,189,0,29.5,55,0.19,1480,0,1,0,0,0,0,0,0,0,0,0,0,0,1,0
4242,72,124.13,14,245,0,45.2,24,0.22,1210,0,0,0,0,0,0,0,0,1,0,0,0,0,1,0
4243,51,68.46,13,294,0,53.8,83,0.23,1085,0,1,0,0,0,0,0,0,0,0,1,0,0,0,0
4244,26,87.58,9,191,0,47.8,96,0.43,1453,0,1,0,0,0,0,0,0,0,1,0,0,0,0,0
4245,77,260.25,4,103,0,80.9,12,0.18,901,0,0,1,0,0,0,0,0,1,0,0,0,0,0,0
4246,78,211.6,9,67,0,9.9,55,0.47,1182,0,0,1,0,0,0,0,0,0,0,0,0,1,1,0
4247,66,20.24,11,323,0,16.7,47,0.43,24,0,0,1,0,0,0,0,0,0,0,0,1,0,0,0
4248,50,176.15,12,154,0,15.7,27,0.12,1153,1,0,0,0,0,0,0,0,0,0,1,0,0,0,0
4249,68,62.12,17,225,0,81.7,18,0.54,1256,0,0,1,0,0,0,0,0,0,1,0,0,0,1,0
4250,77,66.48,8,232,0,11.8,89,0.55,1386,0,0,1,0,0,0,0,0,1,0,0,0,0,0,0
4251,23,89.05,16,103,0,97.1,51,0.52,34,0,0,0,1,1,0,0,0,0,0,0,0,0,1,0
4252,54,74.77,9,315,0,50.95,87,0.41,9,0,0,1,0,1,0,0,0,0,0,0,0,0,0,0
4253,48,61.09,16,239,0,99.2,60,0.18,844,1,0,0,0,0,1,0,0,0,0,0,0,0,0,0
4254,51,60.23,7,211,0,98.0,57,0.12,817,0,0,0,1,0,0,0,1,0,0,0,0,0,1,0
4255,58,24.66,10,125,0,14.9,67,0.29,500,1,0,0,0,0,0,0,0,0,0,0,1,0,0,0
4256,79,65.54,10,122,1,65.7,2,0.33,306,1,0,0,0,0,0,0,0,0,0,1,0,0,0,0
4257,46,93.19,9,35,0,40.0,11,0.47,1011,0,0,0,1,0,0,0,0,0,1,0,0,0,1,0
4258,75,130.16,8,237,0,73.2,94,0.15,38,0,0,0,1,1,0,0,0,0,0,0,0,0,0,0
4259,31,63.69,12,241,0,40.6,13,0.05,1010,0,0,0,1,0,0,0,0,0,0,0,1,0,0,0
4260,53,25.23,9,132,0,38.3,40,0.04,899,0,0,0,1,0,0,0,0,0,0,1,0,0,1,0
4261,53,117.58,12,226,0,90.4,6,0.14,1415,1,0,0,0,0,1,0,0,0,0,0,0,0,1,0
4262,70,41.52,11,89,0,49.5,12,0.27,1127,0,0,0,1,1,0,0,0,0,0,0,0,0,1,0
4263,32,93.19,10,254,0,74.0,43,0.41,1175,0,1,0,0,0,0,0,0,0,0,0,0,0,1,0
4264,25,93.19,7,82,0,65.0,72,0.25,247,0,0,1,0,1,0,0,0,0,0,0,0,0,1,0
4265,43,32.92,11,138,0,65.8,73,0.59,1261,0,0,1,0,0,0,1,0,0,0,0,0,0,1,0
4266,53,62.31,15,308,0,34.9,4,0.31,18,0,1,0,0,0,0,0,0,0,0,0,0,0,1,0
4267,65,85.97,9,19,0,25.2,37,0.45,601,1,0,0,0,0,0,0,0,0,0,0,1,0,0,1
4268,38,82.81,10,328,0,88.5,36,0.09,1621,1,0,0,0,0,1,0,0,0,0,0,0,0,1,0
4269,45,119.88,11,83,0,2.5,32,0.24,1010,0,0,1,0,0,0,0,0,1,0,0,0,0,0,0
4270,21,77.75,7,26,0,50.95,57,0.1,1339,0,0,0,0,0,0,0,0,0,0,0,0,1,0,0
4271,79,175.55,7,57,0,13.3,12,0.05,1048,0,1,0,0,0,0,0,1,0,0,0,0,0,0,0
4272,33,40.36,6,329,0,94.9,18,0.35,1742,0,1,0,0,0,0,0,1,0,0,0,0,0,1,0
4273,39,86.86,7,216,0,0.5,61,0.16,441,0,0,1,0,1,0,0,0,0,0,0,0,0,0,1
4274,29,270.72,12,332,0,0.8,31,0.57,1396,0,0,0,1,0,0,0,0,0,1,0,0,0,0,0
4275,33,264.66,8,124,0,22.7,40,0.31,1300,0,0,0,0,0,0,0,0,0,0,0,0,0,0,0
4276,68,80.12,10,287,0,27.9,46,0.44,542,1,0,0,0,0,0,1,0,0,0,0,0,0,1,0
4277,57,155.68,13,199,0,56.0,39,0.22,1794,1,0,0,0,1,0,0,0,0,0,0,0,0,1,0
4278,55,100.5,9,282,0,96.1,63,0.08,856,1,0,0,0,0,1,0,0,0,0,0,0,0,0,0
4279,59,61.74,10,213,0,46.5,93,0.25,472,1,0,0,0,0,0,0,0,0,0,0,0,1,1,0
4280,54,39.95,9,155,0,28.9,55,0.45,232,0,1,0,0,0,0,0,0,1,0,0,0,0,0,0
4281,46,227.45,11,17,0,81.7,40,0.33,487,0,1,0,0,0,0,0,0,0,0,0,0,1,1,0
4282,35,95.6,9,342,0,38.6,29,0.26,199,0,0,0,1,0,0,1,0,0,0,0,0,0,0,0
4283,27,77.21,12,104,0,14.2,91,0.29,587,0,1,0,0,0,0,0,0,0,0,0,0,1,0,1
4284,59,22.64,6,158,0,79.5,11,0.25,924,0,0,0,1,0,0,0,0,0,0,0,0,1,0,0
4285,56,207.24,16,40,0,0.2,97,0.11,653,0,0,0,1,0,0,0,0,0,0,0,1,0,0,0
4286,35,108.27,8,289,0,50.95,39,0.11,938,1,0,0,0,0,1,0,0,0,0,0,0,0,0,0
4287,18,171.37,8,6,0,63.5,82,0.32,1248,1,0,0,0,0,1,0,0,0,0,0,0,0,0,0
4288,56,67.32,8,4,0,10.2,44,0.19,1127,0,1,0,0,0,0,0,0,0,0,1,0,0,0,1
4289,38,99.42,3,20,0,25.6,20,0.3,1194,0,1,0,0,1,0,0,0,0,0,0,0,0,0,0
4290,18,115.74,10,133,0,39.3,92,0.19,148,0,0,0,1,0,0,0,0,0,1,0,0,0,0,0
4291,32,179.19,13,119,0,39.6,86,0.2,742,0,0,1,0,0,0,0,0,0,0,1,0,0,1,0
4292,21,93.19,9,241,0,97.3,96,0.39,450,1,0,0,0,0,1,0,0,0,0,0,0,0,0,0
4293,77,78.46,9,105,0,67.6,85,0.36,442,0,0,0,0,0,0,0,1,0,0,0,0,0,1,0
4294,78,60.46,8,342,0,3.7,27,0.51,1499,0,0,1,0,1,0,0,0,0,0,0,0,0,1,0
4295,37,407.48,8,130,0,22.1,38,0.46,1165,1,0,0,0,0,0,1,0,0,0,0,0,0,0,0
4296,27,141.73,6,37,0,61.6,90,0.22,910,1,0,0,0,0,0,0,0,0,0,0,1,0,0,0
4297,40,88.12,11,86,1,71.3,87,0.04,522,0,1,0,0,0,0,0,0,1,0,0,0,0,0,0
4298,58,61.98,11,335,0,38.1,98,0.06,1786,0,0,0,0,0,0,0,1,0,0,0,0,0,1,0
4299,51,93.19,11,112,0,85.7,76,0.49,1015,0,0,0,0,0,1,0,0,0,0,0,0,0,1,0
4300,77,75.96,11,250,0,94.3,11,0.48,325,1,0,0,0,1,0,0,0,0,0,0,0,0,0,0
4301,63,102.79,9,344,0,61.4,36,0.25,238,0,0,0,1,0,1,0,0,0,0,0,0,0,1,0
4302,65,42.99,8,361,0,56.2,32,0.52,1669,0,0,0,0,0,0,0,0,0,0,0,0,0,0,0
4303,50,148.93,10,70,1,75.1,62,0.24,66,0,0,1,0,0,0,0,0,0,0,1,0,0,1,0
4304,51,130.2,16,263,0,78.2,16,0.28,843,0,0,0,1,0,0,0,0,1,0,0,0,0,1,0
4305,56,69.46,7,68,0,21.5,42,0.2,599,0,1,0,0,0,0,0,0,1,0,0,0,0,0,1
4306,78,94.32,7,254,0,48.4,31,0.34,232,1,0,0,0,0,0,0,0,0,1,0,0,0,1,0
4307,27,162.28,8,274,0,44.7,70,0.38,397,1,0,0,0,0,0,0,0,0,0,0,0,0,1,0
4308,71,40.27,9,85,0,94.1,13,0.05,197,0,0,1,0,0,0,0,0,0,0,0,0,1,1,0
4309,37,45.36,6,217,0,11.2,36,0.19,1608,0,0,1,0,0,0,0,0,0,0,0,0,0,0,1
4310,18,73.51,7,49,0,94.3,75,0.12,367,0,1,0,0,0,0,0,0,1,0,0,0,0,0,0
4311,30,124.85,12,133,0,57.3,11,0.46,322,0,1,0,0,0,0,0,1,0,0,0,0,0,1,0
4312,18,193.37,9,229,0,28.8,48,0.24,1150,0,0,0,0,0,0,0,0,0,1,0,0,0,1,0
4313,22,70.41,4,60,0,86.9,20,0.3,1539,0,0,0,1,0,0,1,0,0,0,0,0,0,0,0
4314,33,67.27,8,251,0,5.0,29,0.44,1304,1,0,0,0,0,0,0,1,0,0,0,0,0,1,0
4315,32,76.46,8,229,0,31.9,19,0.56,49,0,0,0,0,1,0,0,0,0,0,0,0,0,0,0
4316,66,130.89,15,350,0,75.3,94,0.0,1264,0,1,0,0,0,0,0,0,0,0,0,0,1,1,0
4317,45,37.25,11,57,0,82.8,6,0.48,1589,0,0,1,0,0,0,0,0,0,0,1,0,0,1,0
4318,48,64.54,12,184,0,16.7,56,0.17,726,0,0,0,0,0,0,1,0,0,0,0,0,0,0,0
4319,40,44.78,9,202,0,94.2,81,0.17,1099,0,0,1,0,0,0,0,1,0,0,0,0,0,1,0
4320,65,67.27,10,31,0,5.4,82,0.03,370,0,0,0,1,1,0,0,0,0,0,0,0,0,0,0
4321,62,97.22,8,144,0,43.4,18,0.01,1315,0,0,1,0,0,1,0,0,0,0,0,0,0,1,0
4322,60,56.68,12,168,0,9.7,76,0.41,189,1,0,0,0,0,0,0,0,0,0,0,1,0,1,0
4323,34,141.32,7,21,0,9.8,42,0.56,94,0,0,0,1,0,0,0,0,0,0,0,0,1,0,1
4324,66,21.85,6,335,0,91.4,60,0.31,1073,0,0,1,0,0,0,0,0,0,0,1,0,0,1,0
4325,51,22.89,15,297,0,90.4,56,0.16,752,0,0,0,0,0,0,0,0,0,1,0,0,0,0,0
4326,30,31.26,11,78,0,61.5,3,0.23,876,1,0,0,0,0,0,0,0,0,0,0,0,0,1,0
4327,31,49.79,8,135,1,96.6,82,0.13,197,1,0,0,0,0,0,0,0,0,0,0,1,0,0,0
4328,28,102.7,11,301,0,49.1,80,0.43,1128,0,1,0,0,0,0,0,0,0,0,0,0,1,0,0
4329,45,23.16,9,175,0,78.3,39,0.36,708,0,1,0,0,0,0,1,0,0,0,0,0,0,1,0
4330,59,46.7,9,76,0,9.7,43,0.12,706,0,0,0,0,0,1,0,0,0,0,0,0,0,0,0
4331,49,60.43,14,29,0,39.6,28,0.14,1582,0,1,0,0,0,0,0,0,0,1,0,0,0,0,0
4332,52,121.22,10,283,0,51.5,42,0.12,717,0,0,1,0,0,0,0,0,1,0,0,0,0,1,0
4333,78,93.19,15,328,0,77.8,9,0.23,433,0,1,0,0,0,0,0,1,0,0,0,0,0,0,0
4334,76,36.99,7,152,0,33.4,84,0.2,1413,1,0,0,0,0,0,0,1,0,0,0,0,0,0,0
4335,48,51.84,11,212,0,98.0,18,0.18,551,0,0,0,0,0,0,0,0,0,1,0,0,0,1,0
4336,34,72.5,8,178,0,73.5,89,0.34,1642,0,0,1,0,0,0,0,0,1,0,0,0,0,1,0
4337,64,112.04,13,294,0,53.3,21,0.21,459,1,0,0,0,0,0,0,1,0,0,0,0,0,1,0
4338,26,47.55,12,82,0,33.1,26,0.34,970,1,0,0,0,0,0,0,0,0,0,0,0,1,1,0
4339,27,144.4,16,199,0,50.95,23,0.42,1577,0,0,0,1,0,0,0,0,0,1,0,0,0,0,0
4340,25,93.19,9,322,0,67.3,10,0.14,1698,0,1,0,0,0,0,0,0,0,1,0,0,0,0,0
4341,38,62.34,8,128,0,67.9,44,0.72,1535,0,0,1,0,0,0,1,0,0,0,0,0,0,0,1
4342,30,121.36,7,293,0,58.6,13,0.41,1135,0,0,0,0,0,0,0,0,1,0,0,0,0,1,0
4343,76,171.66,12,190,0,40.0,53,0.36,1672,0,0,0,0,0,0,1,0,0,0,0,0,0,1,0
4344,67,103.59,8,51,0,81.7,37,0.4,1229,0,0,0,0,0,0,0,0,1,0,0,0,0,0,0
4345,22,100.64,10,82,0,25.8,56,0.35,118,0,0,0,1,0,0,1,0,0,0,0,0,0,0,0
4346,23,97.02,12,340,0,62.5,59,0.23,592,0,0,1,0,0,0,0,0,0,1,0,0,0,0,0
4347,47,58.1,8,187,0,47.2,12,0.85,1346,1,0,0,0,0,0,0,0,0,0,0,0,0,1,0
4348,48,70.6,3,12,0,89.3,3,0.49,1814,0,0,0,1,0,0,0,0,0,0,0,0,0,1,0
4349,34,93.19,16,218,0,59.1,14,0.12,805,0,1,0,0,0,0,0,0,0,0,0,0,0,1,0
4350,28,154.58,8,16,0,85.6,35,0.37,1260,1,0,0,0,0,0,0,0,0,1,0,0,0,0,1
4351,37,75.29,14,241,0,95.3,98,0.14,308,0,0,0,0,0,0,0,1,0,0,0,0,0,1,0
4352,65,97.42,7,339,0,12.7,93,0.1,429,0,1,0,0,0,1,0,0,0,0,0,0,0,0,0
4353,26,67.95,9,157,0,55.5,30,0.32,639,0,0,1,0,0,0,0,0,0,0,1,0,0,0,0
4354,19,82.28,7,165,0,88.4,71,0.06,558,0,0,1,0,0,1,0,0,0,0,0,0,0,1,0
4355,54,93.19,6,138,0,87.2,66,0.44,249,0,0,0,1,0,0,0,0,0,0,0,0,0,0,0
4356,18,98.55,11,293,0,19.6,18,0.29,1695,0,0,1,0,0,0,0,1,0,0,0,0,0,0,0
4357,21,186.16,9,27,0,48.1,26,0.33,830,0,0,0,0,0,0,0,0,0,1,0,0,0,0,0
4358,53,166.39,17,358,0,22.3,81,0.43,1173,0,0,0,1,1,0,0,0,0,0,0,0,0,1,0
4359,71,52.07,8,160,0,89.7,46,0.07,1750,0,0,0,1,0,0,0,1,0,0,0,0,0,1,0
4360,75,47.61,6,181,0,0.3,12,0.13,1094,0,0,0,0,1,0,0,0,0,0,0,0,0,1,0
4361,42,87.62,8,279,0,21.8,58,0.51,805,0,0,1,0,0,0,0,0,0,1,0,0,0,1,0
4362,20,30.97,6,154,0,40.9,57,0.07,40,0,1,0,0,0,0,0,0,0,0,0,0,1,0,0
4363,26,149.21,8,301,0,22.1,32,0.29,1688,0,0,0,1,0,0,0,0,1,0,0,0,0,0,0
4364,39,55.09,9,213,0,97.4,93,0.07,1595,0,1,0,0,0,0,0,0,0,0,1,0,0,1,0
4365,40,148.83,6,339,0,24.4,64,0.22,566,0,1,0,0,0,1,0,0,0,0,0,0,0,0,0
4366,29,52.9,10,352,0,36.2,74,0.22,1563,0,1,0,0,0,0,1,0,0,0,0,0,0,0,0
4367,27,93.19,9,68,0,17.4,66,0.18,108,0,1,0,0,0,0,1,0,0,0,0,0,0,1,0
4368,51,214.18,12,324,0,92.7,37,0.27,1792,0,0,0,0,0,0,0,0,1,0,0,0,0,1,0
4369,60,119.98,12,294,0,41.1,14,0.26,805,1,0,0,0,0,0,0,1,0,0,0,0,0,0,0
4370,27,96.19,9,208,0,26.2,10,0.31,1658,0,0,1,0,0,0,1,0,0,0,0,0,0,0,0
4371,47,111.71,11,156,0,24.6,65,0.27,1161,1,0,0,0,0,0,0,0,0,0,0,1,0,0,0
4372,39,39.75,16,74,0,58.6,64,0.49,728,1,0,0,0,0,0,1,0,0,0,0,0,0,1,0
4373,23,198.19,14,341,0,97.8,41,0.17,1241,0,0,0,1,0,0,0,0,0,1,0,0,0,1,0
4374,67,157.66,11,286,0,97.4,21,0.37,863,1,0,0,0,0,0,0,0,1,0,0,0,0,1,0
4375,19,84.53,6,230,0,98.2,69,0.18,268,1,0,0,0,0,0,0,0,0,0,1,0,0,0,0
4376,47,99.91,7,64,0,38.7,9,0.46,614,0,0,0,0,0,0,0,0,1,0,0,0,0,0,0
4377,19,108.02,9,270,0,91.4,9,0.03,487,0,1,0,0,0,0,0,0,0,0,1,0,0,1,0
4378,49,181.35,7,82,0,44.4,18,0.27,1563,1,0,0,0,0,0,0,0,0,0,0,1,0,0,0
4379,59,175.23,8,73,0,51.1,69,0.13,974,1,0,0,0,0,0,1,0,0,0,0,0,0,0,0
4380,33,24.71,11,264,0,52.0,62,0.2,1666,0,0,0,1,0,0,0,0,1,0,0,0,0,0,0
4381,29,58.87,13,268,0,6.4,16,0.4,162,0,0,1,0,1,0,0,0,0,0,0,0,0,0,1
4382,18,112.73,16,300,0,17.7,98,0.05,1760,0,0,0,1,0,0,0,0,0,0,0,0,0,1,0
4383,70,150.8,11,89,0,88.6,4,0.01,1085,0,0,1,0,0,0,0,0,0,0,0,1,0,0,1
4384,25,55.28,10,359,0,89.6,21,0.32,1289,0,0,1,0,0,0,0,1,0,0,0,0,0,1,0
4385,65,126.97,10,299,0,20.2,44,0.46,457,0,0,1,0,1,0,0,0,0,0,0,0,0,1,0
4386,67,105.09,12,1,0,30.3,78,0.15,692,0,0,0,0,0,0,0,0,0,0,1,0,0,0,0
4387,30,119.83,11,175,0,83.0,91,0.32,1793,0,0,0,0,0,0,0,0,1,0,0,0,0,0,1
4388,32,56.36,9,124,0,20.4,76,0.26,769,0,1,0,0,0,0,0,0,0,0,1,0,0,0,0
4389,70,81.83,4,267,0,88.1,27,0.61,962,0,0,1,0,0,0,0,0,0,0,1,0,0,0,0
4390,61,123.98,12,214,0,82.3,34,0.22,303,0,0,0,0,0,0,0,0,0,0,0,1,0,0,0
4391,25,120.03,10,66,0,80.8,4,0.18,1657,0,0,0,0,1,0,0,0,0,0,0,0,0,0,0
4392,27,113.0,13,177,0,89.2,51,0.12,98,1,0,0,0,0,0,0,0,1,0,0,0,0,1,0
4393,63,36.64,14,266,1,88.7,2,0.28,715,0,0,1,0,0,0,1,0,0,0,0,0,0,0,0
4394,22,73.84,11,4,0,50.95,32,0.45,1286,0,0,0,1,0,0,0,0,0,0,0,0,1,0,0
4395,67,51.25,11,300,0,88.0,2,0.67,158,1,0,0,0,0,1,0,0,0,0,0,0,0,0,0
4396,36,121.78,5,201,0,60.7,58,0.25,297,0,0,0,0,0,1,0,0,0,0,0,0,0,1,0
4397,64,232.1,12,116,0,15.8,22,0.28,1163,0,0,0,0,0,0,0,0,0,0,0,1,0,0,0
4398,55,100.03,10,335,0,60.9,19,0.36,787,0,0,0,0,0,0,0,1,0,0,0,0,0,0,1
4399,76,180.45,13,349,0,94.2,90,0.3,615,0,0,0,0,0,0,0,0,0,1,0,0,0,0,0
4400,28,93.19,7,231,0,96.8,20,0.16,926,0,0,0,1,0,0,0,0,0,0,0,0,1,0,1
4401,70,99.57,6,83,0,72.8,18,0.22,1597,0,1,0,0,0,0,0,0,1,0,0,0,0,1,0
4402,60,88.91,7,88,1,69.4,50,0.02,867,0,1,0,0,0,1,0,0,0,0,0,0,0,0,0
4403,37,43.78,10,226,0,93.8,14,0.48,439,0,0,1,0,0,0,0,1,0,0,0,0,0,0,0
4404,37,60.4,12,110,0,29.1,20,0.24,201,0,0,0,0,0,0,0,0,0,1,0,0,0,0,0
4405,38,86.45,13,322,0,15.1,45,0.52,1294,0,0,1,0,1,0,0,0,0,0,0,0,0,0,0
4406,35,89.35,10,11,0,29.0,88,0.24,1595,0,0,0,1,0,0,0,0,1,0,0,0,0,0,0
4407,74,340.83,7,26,0,94.9,47,0.61,392,0,0,1,0,0,0,0,0,0,0,1,0,0,0,0
4408,67,67.96,11,104,0,21.2,57,0.42,1488,0,1,0,0,0,0,0,1,0,0,0,0,0,0,0
4409,27,228.05,17,85,0,22.5,31,0.56,1300,0,1,0,0,0,0,0,0,1,0,0,0,0,1,0
4410,51,41.18,15,155,0,19.3,52,0.31,1756,0,1,0,0,0,0,0,0,0,0,0,0,1,0,0
4411,43,269.52,13,198,0,48.5,79,0.52,906,0,0,1,0,0,0,0,0,0,0,1,0,0,1,0
4412,47,125.38,10,136,0,79.6,46,0.53,958,0,0,0,0,0,0,0,0,0,0,0,0,1,1,0
4413,26,57.62,12,30,1,38.2,7,0.08,1333,1,0,0,0,0,0,0,0,0,0,0,0,0,0,0
4414,63,93.19,10,163,0,10.0,49,0.19,1346,0,1,0,0,0,1,0,0,0,0,0,0,0,1,0
4415,68,91.28,10,112,0,50.95,23,0.48,655,0,0,1,0,0,0,0,0,0,1,0,0,0,0,0
4416,48,36.39,10,360,0,61.0,93,0.17,1490,1,0,0,0,0,0,0,1,0,0,0,0,0,1,0
4417,59,90.3,16,270,0,47.9,41,0.29,1172,0,1,0,0,0,0,0,0,0,0,1,0,0,1,0
4418,72,245.26,13,352,0,96.4,4,0.23,292,0,1,0,0,0,1,0,0,0,0,0,0,0,0,0
4419,21,41.8,10,286,0,47.0,95,0.38,1092,0,0,0,1,0,0,0,0,0,0,0,1,0,1,0
4420,78,153.49,4,257,1,73.3,82,0.53,382,0,1,0,0,0,0,0,0,0,0,0,0,1,0,0
4421,78,163.99,8,200,0,15.9,31,0.47,1542,1,0,0,0,0,0,0,0,0,0,0,0,0,1,0
4422,23,29.7,9,298,0,41.7,47,0.06,1300,1,0,0,0,0,0,0,0,0,0,0,0,1,1,0
4423,31,64.5,5,0,0,50.95,18,0.65,436,0,0,0,0,0,0,0,0,1,0,0,0,0,1,0
4424,21,186.82,8,210,0,34.8,74,0.32,236,1,0,0,0,1,0,0,0,0,0,0,0,0,1,0
4425,43,46.11,11,264,0,48.0,7,0.55,32,0,0,1,0,0,0,0,0,0,0,0,0,0,0,0
4426,64,151.08,13,187,0,17.4,38,0.17,1392,0,0,1,0,0,0,0,0,0,0,0,0,0,1,0
4427,65,45.14,11,356,0,80.3,45,0.46,196,0,1,0,0,0,0,0,0,0,1,0,0,0,0,0
4428,56,43.73,9,240,0,37.6,28,0.35,824,0,0,0,0,0,0,0,1,0,0,0,0,0,0,1
4429,34,178.09,13,192,0,89.7,59,0.44,989,0,1,0,0,0,0,0,0,0,0,0,1,0,0,0
4430,36,59.88,15,109,0,67.5,18,0.06,1348,0,0,0,0,0,0,0,0,0,0,0,1,0,0,0
4431,78,54.29,10,110,0,17.7,95,0.09,116,0,0,0,1,0,0,0,0,0,1,0,0,0,1,0
4432,68,41.85,9,64,0,64.2,9,0.51,756,0,0,0,0,0,0,0,0,0,0,0,0,1,1,0
4433,66,24.86,9,64,0,2.3,16,0.42,620,0,0,0,1,0,0,1,0,0,0,0,0,0,0,0
4434,23,69.96,9,316,0,80.7,62,0.2,679,0,0,0,1,0,1,0,0,0,0,0,0,0,0,0
4435,46,248.88,11,234,0,97.4,40,0.29,1010,0,1,0,0,0,0,1,0,0,0,0,0,0,0,0
4436,28,43.27,8,94,0,67.8,89,0.34,1216,0,0,1,0,0,0,0,0,1,0,0,0,0,0,0
4437,33,163.51,13,196,0,50.95,94,0.09,612,0,0,0,0,0,0,0,0,0,0,0,1,0,1,0
4438,47,93.19,7,290,0,29.5,58,0.16,1263,0,1,0,0,0,0,0,1,0,0,0,0,0,1,0
4439,42,141.58,6,195,0,50.95,66,0.21,8,0,0,0,1,1,0,0,0,0,0,0,0,0,0,0
4440,57,59.56,11,37,0,42.5,69,0.69,1370,0,0,0,1,0,0,0,0,0,0,0,0,1,0,0
4441,28,206.96,12,38,0,11.2,94,0.41,773,1,0,0,0,0,0,0,1,0,0,0,0,0,0,0
4442,24,58.54,7,148,0,50.95,19,0.27,618,1,0,0,0,0,0,0,1,0,0,0,0,0,0,0
4443,43,65.27,11,163,0,49.5,78,0.3,735,0,0,0,0,0,0,0,0,0,0,1,0,0,1,0
4444,73,83.58,9,219,0,49.0,27,0.1,1545,0,0,1,0,0,0,0,0,0,0,0,0,0,1,0
4445,39,93.19,12,275,0,50.95,30,0.27,446,1,0,0,0,0,1,0,0,0,0,0,0,0,0,0
4446,42,94.28,9,42,0,17.1,45,0.11,1182,0,0,0,1,0,0,0,0,0,0,0,0,0,0,0
4447,36,93.19,7,237,0,81.0,78,0.03,192,0,1,0,0,0,0,0,1,0,0,0,0,0,0,0
4448,48,181.77,20,162,0,36.6,31,0.34,927,0,0,1,0,0,0,0,0,0,1,0,0,0,1,0
4449,43,230.51,7,319,0,8.0,36,0.24,690,0,0,0,0,0,0,1,0,0,0,0,0,0,1,0
4450,59,206.18,10,106,0,19.0,39,0.32,230,0,1,0,0,0,0,0,0,0,0,1,0,0,0,0
4451,58,77.09,9,287,0,25.3,50,0.18,392,0,0,0,0,0,0,0,0,0,0,0,0,0,1,0
4452,53,261.83,15,291,0,17.8,94,0.22,1020,0,1,0,0,0,0,0,0,1,0,0,0,0,0,0
4453,40,114.33,6,104,0,24.2,38,0.23,1464,0,1,0,0,1,0,0,0,0,0,0,0,0,0,1
4454,64,113.83,13,68,0,99.6,11,0.31,1768,0,0,1,0,1,0,0,0,0,0,0,0,0,0,0
4455,30,63.69,12,108,0,53.8,81,0.17,1028,0,0,0,0,0,1,0,0,0,0,0,0,0,1,0
4456,42,29.11,8,179,1,60.3,74,0.09,967,1,0,0,0,0,0,0,0,1,0,0,0,0,0,0
4457,19,29.14,11,131,0,16.6,16,0.22,194,0,1,0,0,0,0,0,0,0,0,0,0,0,1,0
4458,19,93.19,14,6,0,4.4,51,0.54,1230,0,1,0,0,0,0,0,0,0,0,0,0,0,1,0
4459,33,118.16,12,339,0,31.0,75,0.04,630,1,0,0,0,0,0,0,1,0,0,0,0,0,1,0
4460,26,131.13,10,148,0,77.0,39,0.2,758,0,0,1,0,0,0,0,0,0,0,0,0,0,1,0
4461,45,49.9,9,184,0,55.9,92,0.08,1068,0,0,1,0,0,0,0,0,1,0,0,0,0,0,1
4462,30,20.96,6,155,0,1.1,85,0.3,1457,0,0,1,0,1,0,0,0,0,0,0,0,0,1,0
4463,52,96.76,9,289,0,78.9,92,0.18,1565,0,0,0,1,0,0,0,1,0,0,0,0,0,1,0
4464,58,53.83,9,244,0,10.4,23,0.33,328,0,0,0,1,0,0,0,0,0,0,0,0,1,0,1
4465,30,80.3,9,271,0,44.0,65,0.21,1748,0,0,1,0,0,0,0,0,1,0,0,0,0,1,0
4466,48,125.63,6,37,0,99.9,49,0.21,420,0,0,1,0,0,0,0,0,0,1,0,0,0,0,0
4467,38,248.79,13,114,0,12.1,61,0.09,795,1,0,0,0,0,0,0,0,0,0,0,0,0,1,0
4468,49,72.43,10,336,0,81.5,54,0.52,819,0,0,0,1,1,0,0,0,0,0,0,0,0,1,0
4469,71,97.92,5,118,0,79.9,13,0.14,1177,0,0,0,0,0,0,1,0,0,0,0,0,0,0,1
4470,51,19.68,13,131,0,44.5,72,0.18,1361,0,0,1,0,0,0,0,0,0,0,0,0,0,1,0
4471,25,125.4,9,55,0,98.8,83,0.69,1756,0,0,1,0,0,0,0,0,0,1,0,0,0,0,0
4472,76,294.41,11,119,0,30.8,24,0.04,685,0,0,1,0,1,0,0,0,0,0,0,0,0,1,0
4473,58,165.66,8,49,0,31.6,49,0.07,1436,0,1,0,0,0,1,0,0,0,0,0,0,0,1,0
4474,65,183.23,10,364,0,15.2,37,0.38,1166,0,0,0,1,0,0,0,0,0,0,0,0,0,1,0
4475,19,26.83,10,361,0,37.0,89,0.41,645,0,0,0,0,0,0,0,1,0,0,0,0,0,1,0
4476,55,125.47,12,81,0,29.6,26,0.29,1017,0,1,0,0,0,0,0,0,0,0,1,0,0,1,0
4477,49,87.14,15,48,1,60.4,42,0.17,1824,0,1,0,0,0,0,0,0,1,0,0,0,0,0,0
4478,71,14.04,11,47,0,4.1,91,0.37,33,0,0,0,0,0,0,0,0,0,1,0,0,0,0,0
4479,57,125.07,7,133,0,31.0,96,0.6,624,0,0,0,0,0,0,0,0,0,0,0,0,0,1,0
4480,75,52.94,8,237,0,0.5,3,0.22,403,0,0,0,0,0,0,0,0,0,0,0,0,1,1,0
4481,45,39.58,17,334,0,0.6,61,0.38,1634,0,0,0,0,0,0,1,0,0,0,0,0,0,0,1
4482,54,83.68,11,172,0,82.0,43,0.33,1267,0,0,0,0,1,0,0,0,0,0,0,0,0,0,1
4483,58,49.22,5,144,0,75.0,73,0.63,433,0,0,1,0,0,0,0,0,0,1,0,0,0,0,0
4484,18,78.12,10,186,0,74.4,65,0.3,998,0,0,0,0,0,0,0,0,1,0,0,0,0,0,0
4485,58,223.02,12,119,0,35.4,18,0.23,456,0,0,0,0,0,0,0,0,0,0,0,0,0,1,0
4486,27,67.6,14,183,0,69.9,67,0.37,255,0,0,0,1,0,0,0,0,0,0,0,0,1,1,0
4487,72,140.46,3,356,0,25.7,14,0.06,30,0,0,1,0,1,0,0,0,0,0,0,0,0,0,0
4488,21,35.7,5,362,0,30.9,64,0.18,1643,0,1,0,0,0,0,0,0,1,0,0,0,0,0,0
4489,52,93.19,9,78,0,56.2,32,0.07,1080,0,0,1,0,1,0,0,0,0,0,0,0,0,0,0
4490,79,106.97,13,162,0,50.95,68,0.29,762,1,0,0,0,0,0,0,0,1,0,0,0,0,1,0
4491,27,144.62,9,7,0,26.6,60,0.16,1508,0,0,0,0,0,0,0,0,0,0,0,0,0,0,1
4492,64,51.61,11,98,0,67.9,21,0.59,9,0,1,0,0,0,0,0,0,0,0,1,0,0,0,0
4493,28,116.38,10,316,0,96.2,27,0.23,737,1,0,0,0,0,0,0,0,0,0,0,1,0,1,0
4494,31,375.82,8,355,0,49.4,5,0.32,1602,0,1,0,0,0,0,0,1,0,0,0,0,0,0,0
4495,55,140.24,13,26,0,40.7,67,0.08,907,0,0,1,0,0,0,0,0,0,0,1,0,0,1,0
4496,29,87.97,14,275,0,23.2,86,0.26,1579,1,0,0,0,0,0,0,0,0,0,0,1,0,1,0
4497,62,108.13,6,312,0,35.6,84,0.06,1358,0,0,0,0,0,0,0,0,0,0,0,0,0,1,0
4498,34,53.95,9,278,0,52.9,41,0.2,1470,0,0,0,0,0,0,0,0,0,0,0,0,0,1,0
4499,33,115.98,18,355,0,94.4,2,0.11,520,1,0,0,0,0,0,0,0,0,0,0,0,0,1,0
4500,52,130.44,12,203,0,26.1,43,0.58,1211,0,0,1,0,0,0,0,0,0,0,0,1,0,0,0
4501,19,93.19,9,159,0,23.1,1,0.36,1208,1,0,0,0,0,0,0,0,0,0,0,0,1,1,0
4502,28,36.74,11,177,0,96.1,23,0.38,811,0,0,1,0,0,0,0,0,0,1,0,0,0,0,0
4503,78,44.42,7,191,0,60.6,63,0.14,392,0,1,0,0,0,0,0,0,0,0,0,1,0,1,0
4504,58,33.54,12,39,0,73.5,48,0.44,229,0,0,1,0,0,0,1,0,0,0,0,0,0,1,0
4505,20,50.42,13,359,0,83.0,25,0.1,823,1,0,0,0,0,0,0,0,0,1,0,0,0,0,0
4506,46,36.67,8,235,0,8.2,90,0.3,11,1,0,0,0,0,0,1,0,0,0,0,0,0,0,0
4507,35,46.42,4,32,0,48.5,67,0.55,566,0,1,0,0,0,0,0,0,1,0,0,0,0,0,1
4508,37,37.54,15,28,0,14.0,95,0.25,1781,1,0,0,0,0,0,0,1,0,0,0,0,0,0,1
4509,64,64.2,9,32,0,62.4,91,0.37,834,0,0,0,1,0,0,0,1,0,0,0,0,0,1,0
4510,31,35.97,10,99,0,95.4,77,0.42,564,1,0,0,0,0,0,0,1,0,0,0,0,0,1,0
4511,51,87.83,9,144,0,5.6,47,0.52,1318,0,0,0,1,0,1,0,0,0,0,0,0,0,0,0
4512,66,50.37,12,329,0,27.4,97,0.22,347,1,0,0,0,0,0,0,0,0,0,0,1,0,0,1
4513,71,91.9,12,64,0,100.0,89,0.47,648,1,0,0,0,0,0,0,0,0,0,0,0,1,0,0
4514,48,180.44,9,121,0,0.5,56,0.3,529,0,1,0,0,0,0,0,0,1,0,0,0,0,0,0
4515,75,307.99,15,42,0,14.0,59,0.56,396,0,0,0,1,0,0,0,0,0,0,0,0,0,0,0
4516,57,115.83,10,208,0,8.1,16,0.62,1536,0,1,0,0,0,0,0,0,0,0,0,1,0,1,0
4517,59,28.08,13,229,0,76.4,47,0.21,1279,0,0,0,1,0,0,1,0,0,0,0,0,0,0,0
4518,75,41.14,7,126,0,75.1,90,0.26,411,0,0,0,1,0,0,1,0,0,0,0,0,0,0,0
4519,35,113.4,14,355,0,77.8,54,0.22,1113,0,0,0,0,0,0,0,0,0,1,0,0,0,0,0
4520,47,99.45,10,185,1,77.5,47,0.03,559,0,0,0,1,0,0,0,0,0,0,0,0,0,1,0
4521,42,93.19,11,236,0,83.5,52,0.21,918,0,1,0,0,0,1,0,0,0,0,0,0,0,1,0
4522,78,248.77,11,90,0,77.3,18,0.11,736,0,1,0,0,0,0,1,0,0,0,0,0,0,1,0
4523,36,41.67,9,42,0,48.4,81,0.24,1731,0,0,1,0,0,0,0,1,0,0,0,0,0,1,0
4524,25,179.43,10,45,0,74.5,46,0.21,1139,1,0,0,0,0,0,0,0,0,1,0,0,0,0,1
4525,45,30.82,10,24,0,59.8,89,0.18,80,0,0,0,0,0,0,0,0,0,0,1,0,0,1,0
4526,25,188.69,9,353,0,36.7,26,0.18,508,1,0,0,0,1,0,0,0,0,0,0,0,0,1,0
4527,48,205.75,13,194,0,83.7,18,0.29,59,0,1,0,0,0,0,0,0,0,1,0,0,0,1,0
4528,20,44.88,16,348,0,50.95,49,0.08,1254,0,0,0,0,0,0,0,0,0,1,0,0,0,0,0
4529,20,36.0,11,98,0,17.3,65,0.32,755,0,0,0,1,0,0,1,0,0,0,0,0,0,0,0
4530,61,43.55,3,255,0,2.4,7,0.41,1135,0,1,0,0,0,0,0,0,0,0,0,1,0,1,0
4531,39,348.62,13,360,0,31.6,30,0.72,1404,0,1,0,0,0,0,0,0,0,0,0,0,0,1,0
4532,34,197.61,10,329,0,40.4,97,0.5,24,0,1,0,0,0,0,0,0,0,0,1,0,0,1,0
4533,53,93.19,13,293,0,17.4,25,0.09,1446,0,1,0,0,0,0,0,1,0,0,0,0,0,0,0
4534,34,118.94,9,245,1,85.5,25,0.22,1225,0,0,0,0,0,0,0,0,0,0,0,1,0,1,0
4535,31,219.22,4,165,0,3.4,27,0.33,1605,1,0,0,0,0,0,0,0,1,0,0,0,0,0,1
4536,68,109.54,18,256,0,48.4,35,0.18,1675,1,0,0,0,0,0,1,0,0,0,0,0,0,0,0
4537,26,28.36,10,309,0,5.5,82,0.43,1699,0,0,0,1,0,0,0,0,0,0,0,0,0,1,0
4538,79,83.95,7,351,0,53.7,30,0.32,334,0,1,0,0,0,0,0,0,0,0,0,0,1,0,0
4539,47,33.34,10,277,0,46.4,14,0.65,613,0,1,0,0,0,0,0,1,0,0,0,0,0,1,0
4540,38,114.01,10,188,0,78.0,35,0.44,1143,1,0,0,0,0,0,0,0,0,0,0,1,0,0,0
4541,29,106.14,12,185,0,69.0,34,0.2,138,0,0,0,1,0,0,0,1,0,0,0,0,0,1,0
4542,54,66.28,13,181,0,84.4,84,0.34,832,0,0,1,0,0,0,0,0,0,0,0,0,0,0,0
4543,49,26.51,11,274,0,54.4,15,0.05,1743,0,0,0,0,0,0,0,0,1,0,0,0,0,0,0
4544,28,73.54,12,226,0,82.2,7,0.27,149,1,0,0,0,0,0,0,0,1,0,0,0,0,0,1
4545,37,166.74,13,33,0,71.9,13,0.43,1228,0,0,0,0,0,0,0,1,0,0,0,0,0,1,0
4546,52,41.6,7,206,0,78.0,40,0.21,995,1,0,0,0,0,0,0,0,1,0,0,0,0,1,0
4547,70,102.38,11,43,0,60.1,60,0.17,790,0,0,0,1,0,0,0,0,0,0,0,1,0,0,0
4548,64,270.78,8,244,0,72.0,34,0.59,887,0,1,0,0,0,0,0,1,0,0,0,0,0,0,1
4549,63,338.37,13,253,0,50.95,13,0.33,1021,0,0,1,0,0,0,0,0,0,0,0,1,0,0,1
4550,28,53.6,3,108,0,8.5,4,0.12,344,0,0,0,0,0,0,0,0,1,0,0,0,0,1,0
4551,69,157.84,8,322,0,41.7,13,0.15,693,0,0,1,0,0,1,0,0,0,0,0,0,0,1,0
4552,25,23.43,14,113,0,17.3,48,0.25,926,0,1,0,0,1,0,0,0,0,0,0,0,0,0,0
4553,21,237.9,8,277,0,62.9,13,0.11,400,1,0,0,0,0,0,0,0,0,0,0,0,1,1,0
4554,44,187.39,9,236,0,26.3,87,0.13,314,0,0,0,1,0,0,1,0,0,0,0,0,0,1,0
4555,61,194.07,17,28,0,95.8,93,0.27,239,0,1,0,0,0,0,0,0,0,0,0,0,0,1,0
4556,57,93.19,13,221,0,27.1,33,0.2,193,0,0,1,0,0,0,0,0,0,0,0,0,1,0,0
4557,55,46.33,13,317,0,9.8,23,0.68,942,0,0,1,0,0,0,0,0,0,0,0,1,0,0,1
4558,64,149.66,7,270,0,88.1,67,0.43,536,0,0,1,0,1,0,0,0,0,0,0,0,0,0,1
4559,47,69.08,4,241,0,41.4,32,0.23,1046,1,0,0,0,1,0,0,0,0,0,0,0,0,1,0
4560,61,39.74,10,96,0,35.6,55,0.31,150,0,0,1,0,0,1,0,0,0,0,0,0,0,0,0
4561,65,193.14,7,342,0,88.5,3,0.17,179,1,0,0,0,0,0,0,0,0,0,1,0,0,0,0
4562,65,31.88,10,262,0,65.3,12,0.32,781,0,0,1,0,0,0,0,0,0,0,1,0,0,1,0
4563,44,93.19,6,339,0,53.2,56,0.33,1105,0,0,0,0,0,0,0,0,0,0,0,1,0,0,0
4564,38,65.51,10,6,0,32.7,68,0.04,56,0,0,0,0,1,0,0,0,0,0,0,0,0,1,0
4565,69,59.01,10,272,0,29.2,33,0.15,257,0,1,0,0,0,1,0,0,0,0,0,0,0,1,0
4566,37,48.87,12,287,0,58.0,32,0.59,1732,0,1,0,0,0,0,1,0,0,0,0,0,0,1,0
4567,77,110.63,14,334,0,50.1,17,0.14,212,0,0,0,1,0,0,1,0,0,0,0,0,0,1,0
4568,21,89.57,9,204,0,27.6,52,0.23,250,0,0,1,0,0,0,0,0,0,0,0,0,1,0,0
4569,28,120.2,11,183,0,18.4,73,0.09,693,0,0,1,0,0,0,0,1,0,0,0,0,0,1,0
4570,30,124.66,9,317,0,81.8,5,0.28,64,1,0,0,0,0,0,0,0,0,0,0,0,0,1,0
4571,78,52.65,9,57,0,68.8,21,0.28,1659,0,1,0,0,0,1,0,0,0,0,0,0,0,1,0
4572,26,34.41,6,110,0,99.3,3,0.16,701,0,0,0,0,0,0,0,1,0,0,0,0,0,0,0
4573,21,68.86,11,185,0,50.95,67,0.11,579,1,0,0,0,0,0,0,0,1,0,0,0,0,0,0
4574,29,64.01,15,130,0,99.4,37,0.28,760,0,0,0,0,0,0,1,0,0,0,0,0,0,0,0
4575,26,93.19,8,88,0,46.1,35,0.4,1561,1,0,0,0,0,0,0,0,0,0,0,1,0,0,0
4576,30,63.32,15,335,0,53.5,33,0.11,684,0,1,0,0,0,1,0,0,0,0,0,0,0,1,0
4577,65,159.07,10,117,0,20.9,54,0.65,289,0,0,1,0,1,0,0,0,0,0,0,0,0,1,0
4578,43,171.86,11,256,0,15.0,3,0.2,757,0,0,1,0,0,0,0,0,0,1,0,0,0,0,0
4579,55,95.14,10,109,0,94.0,48,0.1,433,0,1,0,0,0,0,0,0,0,1,0,0,0,1,0
4580,59,68.65,5,66,0,98.1,18,0.29,296,0,0,0,0,0,0,1,0,0,0,0,0,0,1,0
4581,30,124.86,10,147,0,54.8,3,0.22,1043,0,0,0,1,0,1,0,0,0,0,0,0,0,0,0
4582,56,47.92,13,219,1,27.2,93,0.61,1171,0,0,0,1,0,0,0,1,0,0,0,0,0,1,0
4583,45,105.93,15,213,0,95.1,5,0.35,1360,0,1,0,0,0,0,0,1,0,0,0,0,0,1,0
4584,75,133.65,11,61,0,79.7,9,0.21,978,1,0,0,0,0,1,0,0,0,0,0,0,0,0,0
4585,36,117.83,9,55,0,18.0,76,0.4,927,0,0,1,0,0,0,0,0,0,0,0,0,0,1,0
4586,41,148.69,14,311,0,29.8,16,0.17,1374,0,0,0,0,0,0,1,0,0,0,0,0,0,0,0
4587,36,71.54,6,333,0,0.4,91,0.09,907,0,0,0,1,0,0,0,0,1,0,0,0,0,0,0
4588,66,35.35,13,334,0,58.2,73,0.26,671,0,0,1,0,0,0,0,0,0,0,0,0,1,0,0
4589,30,178.71,9,95,0,52.6,50,0.56,1617,0,1,0,0,0,1,0,0,0,0,0,0,0,0,0
4590,30,87.89,8,145,0,16.4,57,0.54,915,0,0,1,0,0,0,0,0,0,0,0,0,0,1,0
4591,75,62.73,9,47,0,33.9,57,0.08,1474,0,0,0,1,0,0,0,0,0,1,0,0,0,1,0
4592,45,56.93,7,293,0,93.9,86,0.41,978,0,0,0,0,0,0,0,1,0,0,0,0,0,1,0
4593,70,36.19,8,277,0,64.9,17,0.16,727,1,0,0,0,0,0,0,0,0,0,0,1,0,1,0
4594,19,93.19,12,202,0,86.3,65,0.34,931,1,0,0,0,0,0,1,0,0,0,0,0,0,0,1
4595,27,93.19,14,198,0,83.8,57,0.44,1113,0,0,1,0,0,0,0,1,0,0,0,0,0,0,0
4596,79,22.39,9,328,0,92.1,63,0.17,1451,1,0,0,0,0,0,0,0,1,0,0,0,0,1,0
4597,39,107.48,9,123,0,4.2,67,0.2,1633,0,0,0,1,0,0,0,0,0,0,0,0,0,1,0
4598,30,54.11,14,199,0,26.2,5,0.09,1604,0,0,0,0,0,0,0,0,0,1,0,0,0,1,0
4599,75,225.68,12,74,0,41.6,22,0.1,223,1,0,0,0,0,0,0,0,1,0,0,0,0,1,0
4600,26,140.92,13,156,0,64.0,1,0.14,747,1,0,0,0,0,0,0,0,0,0,0,0,1,1,0
4601,50,103.12,8,133,0,60.8,47,0.16,603,0,1,0,0,0,0,0,0,0,0,1,0,0,0,0
4602,31,155.02,10,311,0,24.6,49,0.12,49,1,0,0,0,0,0,0,0,0,0,0,1,0,0,0
4603,78,93.19,7,119,0,19.3,4,0.09,1566,1,0,0,0,0,0,0,0,0,0,0,0,1,0,0
4604,65,166.41,11,11,0,43.7,22,0.1,1614,0,0,0,1,0,0,1,0,0,0,0,0,0,1,0
4605,37,138.9,10,234,0,25.1,88,0.18,1291,1,0,0,0,0,0,0,1,0,0,0,0,0,1,0
4606,32,169.65,8,294,0,96.5,55,0.21,1574,0,1,0,0,1,0,0,0,0,0,0,0,0,0,0
4607,49,179.05,7,107,0,96.5,32,0.06,1389,0,1,0,0,1,0,0,0,0,0,0,0,0,0,0
4608,50,69.36,13,32,0,11.3,66,0.26,851,0,1,0,0,0,0,0,0,0,1,0,0,0,0,0
4609,34,134.26,8,119,0,70.5,69,0.03,1070,1,0,0,0,0,1,0,0,0,0,0,0,0,0,1
4610,41,70.25,8,255,0,22.8,71,0.4,840,0,0,1,0,0,0,0,1,0,0,0,0,0,0,0
4611,47,123.93,14,82,0,71.7,8,0.05,845,0,0,1,0,1,0,0,0,0,0,0,0,0,0,0
4612,79,37.14,14,180,0,76.7,36,0.14,91,0,0,0,1,0,0,0,0,0,0,0,0,0,1,0
4613,30,145.54,7,227,0,4.8,12,0.14,273,0,0,1,0,0,0,0,0,0,0,1,0,0,0,0
4614,79,278.89,14,274,0,69.5,28,0.45,292,0,0,0,1,0,0,0,0,0,1,0,0,0,1,0
4615,76,81.89,11,185,0,89.7,2,0.33,1694,0,0,0,1,0,0,0,0,0,0,0,1,0,1,0
4616,64,87.5,11,340,0,21.6,78,0.32,698,0,1,0,0,0,0,0,0,0,0,0,0,1,0,0
4617,65,52.61,11,210,0,11.6,19,0.21,720,0,0,0,0,0,0,0,0,0,0,0,0,1,1,0
4618,33,218.16,9,248,0,56.7,85,0.43,190,0,0,0,1,1,0,0,0,0,0,0,0,0,1,0
4619,19,106.57,7,42,0,51.7,94,0.13,917,1,0,0,0,0,0,0,0,0,1,0,0,0,1,0
4620,34,97.49,4,72,0,88.6,49,0.47,1666,0,1,0,0,1,0,0,0,0,0,0,0,0,1,0
4621,49,169.77,11,341,0,45.1,37,0.57,493,1,0,0,0,0,0,0,0,0,0,0,0,1,1,0
4622,60,223.06,11,18,0,41.4,52,0.03,314,1,0,0,0,0,0,1,0,0,0,0,0,0,1,0
4623,25,162.32,9,164,0,71.4,85,0.59,625,0,0,1,0,0,0,0,0,1,0,0,0,0,1,0
4624,69,206.75,13,266,0,7.7,92,0.23,1126,1,0,0,0,0,0,0,1,0,0,0,0,0,1,0
4625,20,197.88,5,127,0,5.7,60,0.25,430,0,0,0,1,0,0,0,0,0,1,0,0,0,0,1
4626,78,405.53,17,354,0,50.5,97,0.19,1326,1,0,0,0,0,0,0,0,0,0,0,0,0,1,0
4627,29,94.14,8,300,0,8.9,42,0.21,577,1,0,0,0,1,0,0,0,0,0,0,0,0,1,0
4628,37,51.51,4,317,0,93.9,7,0.39,1535,0,0,1,0,1,0,0,0,0,0,0,0,0,0,0
4629,33,117.4,8,350,0,65.4,42,0.06,1376,1,0,0,0,0,1,0,0,0,0,0,0,0,0,0
4630,31,25.54,11,141,0,75.4,57,0.08,920,0,0,0,1,0,0,0,0,0,0,1,0,0,0,0
4631,33,71.88,17,33,0,22.9,16,0.06,1742,0,0,0,1,0,0,0,0,0,0,0,1,0,1,0
4632,76,118.5,16,97,0,49.4,25,0.54,1056,1,0,0,0,1,0,0,0,0,0,0,0,0,0,0
4633,70,128.54,11,209,0,13.4,38,0.53,1290,0,0,0,1,0,0,0,0,0,0,0,0,0,0,0
4634,66,86.16,8,315,0,20.3,44,0.2,1665,0,0,0,1,0,0,0,0,0,0,0,1,0,0,0
4635,79,137.64,7,319,0,56.8,38,0.31,757,0,0,1,0,0,0,0,0,0,0,1,0,0,0,0
4636,60,128.32,6,197,0,28.0,45,0.5,1593,0,1,0,0,0,1,0,0,0,0,0,0,0,0,0
4637,66,41.9,11,255,0,91.7,30,0.49,60,0,1,0,0,1,0,0,0,0,0,0,0,0,0,0
4638,68,131.14,7,41,0,99.5,81,0.52,1303,0,0,0,0,0,0,0,0,0,0,0,1,0,0,0
4639,71,78.76,5,103,0,0.4,16,0.17,407,0,1,0,0,0,0,0,0,0,0,0,1,0,1,0
4640,50,191.14,12,321,0,50.95,4,0.19,902,1,0,0,0,0,0,1,0,0,0,0,0,0,0,0
4641,47,71.8,19,188,0,11.5,94,0.02,316,0,0,0,1,0,0,0,0,0,0,0,1,0,0,0
4642,76,46.29,16,321,0,57.5,84,0.07,1810,0,1,0,0,0,0,0,0,0,0,0,0,1,1,0
4643,29,96.48,11,342,0,22.8,35,0.27,1391,0,0,1,0,0,0,0,0,0,0,1,0,0,0,1
4644,32,70.69,9,61,0,96.5,61,0.38,257,0,0,0,0,0,0,0,0,0,0,0,0,0,1,0
4645,35,87.98,4,142,1,87.6,5,0.22,1132,1,0,0,0,0,1,0,0,0,0,0,0,0,0,0
4646,45,21.66,8,221,0,50.95,78,0.14,406,0,1,0,0,0,0,0,0,0,0,1,0,0,0,0
4647,79,137.55,4,19,0,17.6,41,0.18,1252,0,0,0,1,0,0,0,0,1,0,0,0,0,1,0
4648,40,126.13,14,279,0,78.3,41,0.43,1012,0,0,1,0,0,0,0,0,0,0,0,0,1,0,0
4649,31,224.79,10,264,0,52.0,28,0.27,1150,0,1,0,0,0,1,0,0,0,0,0,0,0,1,0
4650,47,131.55,12,247,0,61.2,10,0.11,1499,0,0,0,1,0,0,0,0,1,0,0,0,0,1,0
4651,50,85.55,10,115,0,71.8,52,0.23,1023,0,1,0,0,0,0,0,0,0,0,0,1,0,1,0
4652,62,37.67,10,254,0,50.95,94,0.39,308,1,0,0,0,0,0,0,0,0,0,1,0,0,1,0
4653,79,192.47,11,296,0,0.8,32,0.33,789,0,0,0,0,0,0,0,0,0,0,0,0,0,1,0
4654,32,81.55,17,12,0,36.4,76,0.24,402,0,0,0,1,0,1,0,0,0,0,0,0,0,0,1
4655,24,42.49,11,45,0,41.4,45,0.37,253,0,0,0,0,0,0,0,1,0,0,0,0,0,0,1
4656,32,104.13,10,333,0,36.7,16,0.15,1381,0,0,0,0,0,0,0,0,1,0,0,0,0,1,0
4657,69,63.84,10,241,0,83.1,90,0.18,222,0,0,1,0,0,0,1,0,0,0,0,0,0,0,0
4658,59,70.28,5,70,0,33.2,64,0.35,1215,0,0,0,1,0,0,0,0,0,0,0,0,1,1,0
4659,63,200.68,12,58,0,41.6,35,0.3,1667,0,0,1,0,0,0,0,0,0,0,0,0,1,1,0
4660,55,57.67,9,203,0,6.2,80,0.15,734,0,0,0,0,0,0,1,0,0,0,0,0,0,1,0
4661,63,170.83,9,50,0,71.7,17,0.1,778,1,0,0,0,0,0,0,0,0,0,0,0,1,0,1
4662,73,137.24,8,15,0,21.5,87,0.29,1078,1,0,0,0,0,0,0,0,0,1,0,0,0,0,1
4663,74,108.96,11,50,0,23.5,42,0.08,829,0,1,0,0,0,0,0,0,0,1,0,0,0,1,0
4664,71,78.04,10,223,0,58.7,22,0.29,679,0,1,0,0,0,1,0,0,0,0,0,0,0,1,0
4665,61,55.59,16,127,0,98.4,50,0.31,1336,0,0,0,1,0,0,0,1,0,0,0,0,0,1,0
4666,28,158.9,5,169,0,41.0,21,0.09,1708,1,0,0,0,0,0,0,0,0,0,0,0,0,0,0
4667,46,135.69,9,266,0,32.7,98,0.36,519,0,0,0,0,0,0,0,0,0,0,0,1,0,0,0
4668,48,56.06,6,67,0,3.6,46,0.19,1530,1,0,0,0,0,0,0,0,0,1,0,0,0,1,0
4669,79,71.23,13,120,0,78.7,57,0.25,1525,0,0,0,1,0,0,0,0,1,0,0,0,0,0,0
4670,42,263.41,19,179,0,26.1,5,0.34,420,0,1,0,0,0,0,1,0,0,0,0,0,0,1,0
4671,69,120.24,15,225,0,76.9,52,0.59,1725,0,1,0,0,0,0,0,0,0,0,1,0,0,0,1
4672,71,55.1,8,327,0,28.2,31,0.3,974,0,0,1,0,0,0,0,1,0,0,0,0,0,0,0
4673,41,146.58,9,190,0,3.0,33,0.26,619,0,1,0,0,0,0,0,0,0,0,0,0,0,1,0
4674,74,113.02,13,300,0,49.8,47,0.06,1276,0,0,0,0,0,0,0,0,1,0,0,0,0,0,0
4675,36,42.64,13,250,0,90.6,3,0.24,913,0,0,0,1,0,0,0,1,0,0,0,0,0,0,0
4676,19,112.6,10,5,0,21.1,53,0.07,852,0,1,0,0,0,0,1,0,0,0,0,0,0,1,0
4677,39,75.35,11,261,0,15.4,83,0.07,1802,0,1,0,0,0,0,0,0,1,0,0,0,0,1,0
4678,37,29.8,11,90,0,18.5,56,0.33,1766,0,0,0,0,0,0,1,0,0,0,0,0,0,0,1
4679,50,75.44,6,193,0,69.0,18,0.26,490,0,1,0,0,0,0,0,0,0,0,0,0,0,1,0
4680,25,65.64,7,328,0,36.7,28,0.27,1111,0,0,0,0,0,0,0,0,0,0,0,0,1,1,0
4681,42,88.4,7,63,0,25.6,15,0.08,1111,0,1,0,0,0,0,0,0,0,0,0,1,0,0,0
4682,63,84.4,10,293,0,50.95,50,0.12,467,0,0,0,0,0,0,0,0,0,0,0,1,0,0,0
4683,26,117.87,9,225,0,30.9,33,0.03,848,0,1,0,0,1,0,0,0,0,0,0,0,0,0,0
4684,51,102.11,15,333,0,54.4,28,0.34,1651,0,0,0,1,0,0,0,0,0,1,0,0,0,0,1
4685,74,184.76,12,62,0,13.3,46,0.31,632,0,0,1,0,0,1,0,0,0,0,0,0,0,0,0
4686,40,83.84,9,70,0,50.9,72,0.38,1422,0,0,1,0,0,0,0,0,0,0,1,0,0,1,0
4687,22,190.28,10,19,0,31.2,94,0.27,130,1,0,0,0,0,0,1,0,0,0,0,0,0,0,0
4688,72,208.57,10,332,1,93.3,1,0.21,978,0,0,1,0,1,0,0,0,0,0,0,0,0,0,0
4689,78,132.41,12,244,0,42.2,71,0.13,5,0,0,0,0,1,0,0,0,0,0,0,0,0,1,0
4690,42,30.66,9,63,0,10.0,55,0.13,1402,0,0,0,0,1,0,0,0,0,0,0,0,0,1,0
4691,25,86.26,12,292,0,93.4,58,0.08,1390,0,0,1,0,0,0,1,0,0,0,0,0,0,1,0
4692,33,34.86,9,363,0,93.8,78,0.54,164,0,0,0,0,0,0,0,0,0,0,0,0,0,0,0
4693,71,97.47,11,224,0,17.5,21,0.11,1431,0,0,0,1,0,0,1,0,0,0,0,0,0,0,0
4694,65,200.44,12,265,0,81.6,56,0.31,575,0,0,0,0,0,0,0,0,0,0,0,1,0,0,0
4695,62,70.93,10,161,0,86.2,70,0.4,1759,0,0,0,1,0,0,1,0,0,0,0,0,0,0,1
4696,69,200.63,12,44,0,35.6,17,0.09,419,0,0,0,1,0,0,0,0,0,0,0,0,0,1,0
4697,78,108.98,9,318,0,16.0,78,0.39,756,0,0,0,1,0,0,0,1,0,0,0,0,0,0,1
4698,32,128.08,12,268,0,79.8,7,0.56,637,0,1,0,0,0,0,0,0,0,0,0,1,0,0,0
4699,18,81.18,8,24,0,2.8,79,0.27,853,1,0,0,0,0,0,0,0,0,0,0,0,1,1,0
4700,39,63.75,10,299,0,61.9,72,0.3,1368,0,0,0,0,0,0,0,0,1,0,0,0,0,0,1
4701,20,28.83,9,224,0,34.2,60,0.02,630,0,1,0,0,0,0,0,0,0,0,0,0,1,1,0
4702,55,57.0,7,73,0,59.6,48,0.22,1131,1,0,0,0,0,1,0,0,0,0,0,0,0,0,0
4703,71,133.35,15,115,0,78.9,10,0.14,1178,0,1,0,0,0,0,0,0,0,0,0,0,1,0,0
4704,31,56.06,14,151,0,82.9,93,0.05,1379,0,0,0,0,0,0,0,0,0,0,0,1,0,0,0
4705,53,73.87,9,68,0,99.8,41,0.34,201,0,0,0,1,0,0,0,0,0,0,0,0,1,0,0
4706,35,243.68,16,201,0,64.0,19,0.13,814,0,1,0,0,0,0,0,0,0,1,0,0,0,1,0
4707,64,182.83,5,302,0,22.3,62,0.47,1246,1,0,0,0,0,0,0,0,0,0,0,0,1,0,0
4708,58,146.24,7,90,0,50.95,66,0.08,1,1,0,0,0,0,0,0,0,0,0,1,0,0,1,0
4709,35,144.57,5,49,0,43.6,8,0.12,1549,1,0,0,0,0,1,0,0,0,0,0,0,0,0,0
4710,20,75.96,15,288,0,84.8,30,0.34,388,0,1,0,0,0,0,0,0,1,0,0,0,0,0,0
4711,27,181.78,8,91,0,36.7,36,0.7,1319,1,0,0,0,0,0,0,0,0,0,0,0,0,0,1
4712,66,46.84,11,359,0,68.8,50,0.29,1542,0,0,1,0,0,0,0,0,0,0,1,0,0,1,0
4713,56,44.41,3,234,0,4.5,82,0.27,1602,1,0,0,0,0,0,0,0,0,0,1,0,0,0,0
4714,64,69.75,19,315,0,43.0,2,0.03,381,1,0,0,0,0,0,0,0,0,0,1,0,0,0,1
4715,18,69.33,16,28,0,16.7,5,0.21,415,0,1,0,0,0,0,0,0,0,0,0,0,0,0,0
4716,44,123.3,10,171,0,93.8,46,0.76,1797,0,0,0,0,0,0,0,0,0,1,0,0,0,1,0
4717,74,108.85,15,172,0,79.1,77,0.09,426,0,1,0,0,0,0,0,0,0,1,0,0,0,1,0
4718,44,49.83,5,235,0,13.9,40,0.43,895,0,1,0,0,0,0,0,0,0,0,0,0,0,1,0
4719,28,148.17,9,41,0,40.2,57,0.2,679,0,0,1,0,0,0,0,1,0,0,0,0,0,0,0
4720,66,26.36,6,148,0,8.1,11,0.22,719,0,0,0,0,0,0,1,0,0,0,0,0,0,0,0
4721,22,225.63,12,287,0,74.7,72,0.15,495,0,1,0,0,0,0,1,0,0,0,0,0,0,0,1
4722,24,97.4,6,212,0,19.1,38,0.3,1340,0,0,1,0,0,0,0,0,0,1,0,0,0,1,0
4723,36,126.38,7,174,0,80.4,17,0.08,755,0,1,0,0,0,0,0,0,0,0,0,1,0,1,0
4724,74,103.16,11,98,0,7.4,75,0.27,951,0,0,1,0,0,0,0,0,0,0,0,0,0,0,0
4725,73,53.25,8,119,0,57.3,26,0.52,98,0,0,0,1,0,0,0,0,0,1,0,0,0,0,0
4726,46,93.19,15,302,0,60.8,39,0.23,1272,1,0,0,0,0,0,0,0,0,0,0,1,0,0,1
4727,32,40.37,11,16,0,33.4,98,0.17,378,1,0,0,0,0,0,1,0,0,0,0,0,0,0,0
4728,52,95.83,7,28,0,50.95,67,0.3,1575,0,1,0,0,0,0,0,0,0,0,0,0,1,1,0
4729,64,138.48,14,47,0,32.4,25,0.08,1422,0,0,1,0,0,0,0,0,0,1,0,0,0,0,0
4730,54,107.4,16,288,0,49.6,88,0.51,897,0,0,0,1,0,1,0,0,0,0,0,0,0,0,0
4731,72,228.3,12,127,0,96.9,87,0.12,490,1,0,0,0,0,0,0,0,0,0,0,0,1,0,0
4732,29,54.52,15,67,0,44.7,30,0.49,385,0,1,0,0,0,0,0,0,0,0,0,0,1,1,0
4733,47,66.32,9,38,0,18.9,46,0.51,806,0,1,0,0,0,0,0,0,0,1,0,0,0,1,0
4734,37,144.24,7,132,0,2.6,41,0.6,258,0,0,1,0,0,0,0,0,0,0,0,1,0,1,0
4735,54,210.95,15,118,0,0.8,91,0.67,1608,0,0,0,0,0,1,0,0,0,0,0,0,0,0,0
4736,20,27.04,10,323,0,41.7,50,0.04,1764,0,1,0,0,0,0,0,0,0,0,0,1,0,1,0
4737,26,26.95,13,51,0,29.6,44,0.19,1419,0,0,0,1,0,0,0,0,0,0,1,0,0,1,0
4738,75,134.57,9,135,0,11.5,10,0.26,352,0,0,0,1,0,0,0,0,0,0,0,1,0,1,0
4739,58,112.56,7,246,0,17.2,73,0.28,982,0,0,0,0,0,0,0,0,0,0,0,1,0,0,0
4740,56,66.85,9,168,0,35.0,2,0.18,694,0,0,0,1,0,0,0,1,0,0,0,0,0,1,0
4741,43,62.34,13,69,0,68.7,21,0.42,408,0,0,1,0,1,0,0,0,0,0,0,0,0,0,0
4742,19,40.85,5,35,0,61.0,75,0.19,871,0,1,0,0,0,0,0,0,1,0,0,0,0,1,0
4743,40,113.74,12,287,0,8.0,74,0.24,1535,0,0,1,0,1,0,0,0,0,0,0,0,0,1,0
4744,40,30.35,8,4,0,14.3,25,0.3,1436,0,0,0,0,0,1,0,0,0,0,0,0,0,0,0
4745,76,93.19,12,359,0,90.8,69,0.12,958,0,0,0,0,0,1,0,0,0,0,0,0,0,1,0
4746,38,181.76,12,147,0,7.1,22,0.19,766,0,0,1,0,0,0,0,0,0,0,0,0,0,1,0
4747,33,20.04,17,236,0,19.9,69,0.2,1752,1,0,0,0,0,0,0,0,0,0,0,1,0,1,0
4748,26,93.19,5,67,0,31.8,73,0.12,505,0,0,0,0,0,0,0,0,0,0,0,0,1,0,0
4749,30,48.5,8,230,0,23.0,11,0.58,1019,0,1,0,0,1,0,0,0,0,0,0,0,0,0,0
4750,45,33.42,14,149,0,29.1,44,0.14,1378,0,0,0,0,0,0,0,0,0,0,0,0,0,1,0
4751,44,67.02,9,220,0,72.8,5,0.07,611,0,0,1,0,0,0,0,0,0,0,1,0,0,1,0
4752,68,142.21,11,260,0,9.5,6,0.33,400,0,0,1,0,0,0,0,0,1,0,0,0,0,0,1
4753,69,202.98,7,265,0,35.2,97,0.05,185,0,0,0,1,0,0,0,0,0,0,0,1,0,0,0
4754,34,42.36,3,113,0,61.2,16,0.13,1650,1,0,0,0,0,0,0,0,0,0,0,0,0,1,0
4755,55,93.19,16,164,0,4.9,46,0.18,944,0,0,1,0,1,0,0,0,0,0,0,0,0,0,0
4756,53,108.66,13,55,0,4.4,24,0.27,643,0,0,0,1,0,0,0,0,0,0,1,0,0,0,0
4757,18,163.18,14,341,0,49.9,14,0.25,392,0,0,0,1,0,0,0,1,0,0,0,0,0,0,0
4758,35,157.14,10,355,0,90.0,24,0.27,1308,0,1,0,0,0,0,1,0,0,0,0,0,0,0,0
4759,68,121.9,9,249,0,44.5,76,0.32,1002,0,0,0,1,0,0,0,0,1,0,0,0,0,1,0
4760,26,24.54,8,242,0,40.7,23,0.22,552,1,0,0,0,0,1,0,0,0,0,0,0,0,1,0
4761,30,63.26,5,1,0,1.0,39,0.35,489,0,1,0,0,0,0,0,1,0,0,0,0,0,0,1
4762,57,79.3,14,142,0,73.3,6,0.28,1339,0,0,1,0,0,0,0,0,0,0,0,1,0,0,0
4763,72,40.55,14,168,0,16.4,21,0.3,1474,0,0,1,0,0,0,1,0,0,0,0,0,0,1,0
4764,62,106.34,12,62,0,69.8,73,0.43,1417,0,0,0,1,0,0,1,0,0,0,0,0,0,0,1
4765,32,173.06,9,153,0,34.9,46,0.35,1379,0,0,0,0,0,0,0,0,1,0,0,0,0,0,1
4766,60,163.79,9,349,0,4.5,41,0.23,1200,1,0,0,0,0,0,0,0,0,0,0,0,1,0,1
4767,61,228.88,8,254,0,32.8,59,0.29,147,1,0,0,0,0,0,0,1,0,0,0,0,0,0,0
4768,63,150.13,13,65,0,66.0,69,0.17,859,0,0,0,1,0,0,0,0,0,0,0,0,1,0,1
4769,21,172.02,6,284,0,76.8,42,0.14,430,1,0,0,0,0,0,0,0,0,1,0,0,0,1,0
4770,50,104.56,4,187,0,63.6,95,0.34,305,0,1,0,0,0,0,0,1,0,0,0,0,0,0,0
4771,41,217.6,9,192,0,71.1,59,0.17,1393,0,0,0,1,0,0,0,0,0,0,1,0,0,0,0
4772,53,93.28,8,295,0,23.6,35,0.09,1266,0,0,0,0,0,0,0,0,0,0,0,1,0,1,0
4773,68,168.0,1,10,0,96.5,41,0.18,957,0,0,1,0,0,0,0,1,0,0,0,0,0,1,0
4774,58,156.72,10,179,0,22.7,67,0.16,698,1,0,0,0,0,0,0,1,0,0,0,0,0,0,1
4775,27,93.19,9,342,0,17.0,83,0.19,1452,0,0,1,0,0,0,0,0,0,1,0,0,0,1,0
4776,53,49.8,11,89,0,25.0,83,0.08,912,0,0,0,0,0,0,0,0,1,0,0,0,0,0,0
4777,37,29.23,13,222,0,97.2,65,0.45,760,0,0,0,0,0,0,0,0,1,0,0,0,0,1,0
4778,79,90.51,11,334,0,6.5,86,0.44,1247,0,1,0,0,0,0,0,0,0,0,1,0,0,1,0
4779,58,55.94,5,225,0,77.3,19,0.29,1656,0,0,0,0,0,0,0,0,1,0,0,0,0,0,0
4780,62,69.41,5,102,0,10.5,90,0.36,949,0,0,0,0,0,0,1,0,0,0,0,0,0,1,0
4781,61,94.15,13,336,0,77.3,79,0.13,189,1,0,0,0,1,0,0,0,0,0,0,0,0,0,0
4782,28,209.25,4,354,0,27.7,19,0.11,560,0,0,1,0,0,0,0,0,0,1,0,0,0,0,0
4783,29,202.06,8,355,0,72.7,25,0.64,1510,1,0,0,0,1,0,0,0,0,0,0,0,0,1,0
4784,79,31.33,11,231,0,4.9,39,0.1,707,1,0,0,0,1,0,0,0,0,0,0,0,0,1,0
4785,35,146.66,11,266,0,33.5,95,0.1,802,0,0,0,1,0,0,0,0,0,1,0,0,0,1,0
4786,47,26.75,8,283,0,46.5,94,0.18,140,0,0,0,1,1,0,0,0,0,0,0,0,0,1,0
4787,61,180.71,10,189,0,2.1,33,0.05,277,0,1,0,0,1,0,0,0,0,0,0,0,0,0,0
4788,65,93.19,8,47,0,18.1,80,0.34,885,0,1,0,0,1,0,0,0,0,0,0,0,0,1,0
4789,54,52.21,7,283,0,50.95,40,0.05,318,0,0,0,0,0,0,0,0,0,0,1,0,0,1,0
4790,37,94.52,5,301,0,48.1,12,0.21,1319,0,1,0,0,0,1,0,0,0,0,0,0,0,0,0
4791,42,61.71,7,54,0,13.3,92,0.31,1651,0,1,0,0,0,0,0,0,0,0,1,0,0,1,0
4792,29,187.93,15,338,0,97.7,30,0.12,1513,0,0,0,0,0,0,0,0,0,0,0,0,1,1,0
4793,38,188.93,15,118,0,88.7,70,0.17,1809,0,0,1,0,0,0,0,1,0,0,0,0,0,1,0
4794,42,159.8,6,1,0,22.4,42,0.1,175,0,0,0,0,0,0,0,0,1,0,0,0,0,0,0
4795,28,228.13,9,223,0,23.4,14,0.08,101,0,0,0,0,0,0,0,0,0,1,0,0,0,0,1
4796,26,42.04,5,235,0,94.7,5,0.19,369,0,0,1,0,0,0,1,0,0,0,0,0,0,0,0
4797,79,35.4,9,202,0,30.0,36,0.48,930,0,0,0,0,1,0,0,0,0,0,0,0,0,1,0
4798,67,98.2,8,143,0,42.3,59,0.25,1250,0,0,0,1,0,0,0,0,0,0,0,0,0,1,0
4799,79,93.19,14,10,0,70.1,57,0.6,1088,0,1,0,0,0,0,0,0,0,1,0,0,0,0,0
4800,42,72.83,10,258,0,34.4,87,0.73,538,0,0,0,0,0,0,0,0,0,0,0,1,0,0,0
4801,52,15.09,15,297,0,90.2,60,0.42,709,1,0,0,0,0,0,0,0,0,1,0,0,0,0,1
4802,69,85.36,12,156,0,58.9,96,0.15,1792,0,1,0,0,0,0,0,1,0,0,0,0,0,1,0
4803,49,92.34,10,196,0,56.7,95,0.17,1589,0,0,0,1,0,0,1,0,0,0,0,0,0,1,0
4804,66,82.27,8,91,0,55.4,78,0.22,393,0,0,0,1,0,0,0,0,0,1,0,0,0,0,0
4805,31,115.52,11,332,0,11.2,96,0.18,390,0,0,0,0,0,0,1,0,0,0,0,0,0,0,0
4806,18,68.76,11,152,0,79.0,63,0.2,497,0,0,1,0,0,0,0,0,0,1,0,0,0,0,0
4807,34,71.93,13,133,0,57.2,49,0.41,129,1,0,0,0,0,0,0,0,0,0,1,0,0,0,0
4808,42,95.82,8,115,0,5.4,91,0.03,28,0,0,0,0,0,0,0,0,0,0,1,0,0,0,1
4809,76,105.34,9,66,0,85.0,65,0.14,1364,0,0,1,0,0,1,0,0,0,0,0,0,0,0,0
4810,25,156.34,11,149,0,72.9,52,0.35,1588,0,0,0,1,0,0,0,0,0,0,0,0,1,0,1
4811,22,28.95,11,255,0,28.9,9,0.11,47,0,1,0,0,0,0,0,0,0,1,0,0,0,0,1
4812,22,255.78,5,40,0,28.6,16,0.14,1815,0,0,0,1,1,0,0,0,0,0,0,0,0,0,0
4813,58,59.67,8,180,0,50.5,35,0.09,664,0,0,0,0,0,0,0,0,0,1,0,0,0,1,0
4814,52,42.91,6,187,0,0.7,74,0.34,1556,0,0,1,0,0,0,0,0,0,0,0,1,0,1,0
4815,36,47.04,13,38,0,81.0,16,0.22,523,0,0,0,0,0,0,1,0,0,0,0,0,0,0,0
4816,40,52.78,19,310,0,94.2,94,0.13,1228,0,0,0,1,1,0,0,0,0,0,0,0,0,0,0
4817,26,36.54,10,326,0,44.7,33,0.15,1436,1,0,0,0,0,1,0,0,0,0,0,0,0,0,0
4818,71,97.58,12,216,0,53.7,51,0.11,769,0,0,0,1,0,0,1,0,0,0,0,0,0,1,0
4819,47,93.19,13,129,0,81.0,61,0.16,1585,0,0,0,0,0,0,0,0,0,0,1,0,0,1,0
4820,67,20.4,8,263,0,27.8,79,0.57,1157,0,0,1,0,0,0,0,0,0,0,0,0,0,0,0
4821,33,88.5,16,113,0,49.2,59,0.39,742,0,0,0,0,1,0,0,0,0,0,0,0,0,1,0
4822,50,203.07,15,62,0,11.1,72,0.04,1729,0,1,0,0,0,0,0,0,0,0,1,0,0,1,0
4823,19,92.09,12,96,0,70.2,4,0.28,963,0,1,0,0,0,0,0,0,0,0,0,1,0,1,0
4824,31,107.23,6,329,0,79.3,2,0.09,1140,0,0,1,0,1,0,0,0,0,0,0,0,0,0,0
4825,63,131.21,14,17,0,6.7,71,0.56,343,0,0,0,1,1,0,0,0,0,0,0,0,0,1,0
4826,18,122.35,9,204,0,88.2,58,0.33,353,0,0,0,0,1,0,0,0,0,0,0,0,0,0,0
4827,43,53.23,11,212,0,37.5,62,0.25,1726,0,1,0,0,0,0,0,0,0,0,0,0,1,1,0
4828,75,105.91,9,96,0,92.2,98,0.1,250,1,0,0,0,1,0,0,0,0,0,0,0,0,0,1
4829,42,152.37,8,278,0,90.0,25,0.22,1039,0,1,0,0,0,0,0,0,0,0,0,0,1,0,0
4830,33,117.61,10,235,0,79.1,71,0.09,186,0,0,0,1,0,0,0,0,0,0,1,0,0,1,0
4831,32,152.38,11,167,0,83.0,25,0.42,637,0,0,1,0,0,1,0,0,0,0,0,0,0,1,0
4832,43,129.96,10,59,0,28.9,66,0.34,1540,1,0,0,0,0,0,0,0,0,0,0,0,1,1,0
4833,64,40.62,11,84,0,50.95,26,0.18,1572,0,0,0,0,0,0,0,0,0,0,0,0,1,0,0
4834,61,231.68,11,260,0,24.0,55,0.34,740,0,0,0,0,1,0,0,0,0,0,0,0,0,1,0
4835,33,318.86,8,354,0,35.5,3,0.14,829,0,0,1,0,0,1,0,0,0,0,0,0,0,1,0
4836,31,87.48,5,165,0,56.2,46,0.65,427,1,0,0,0,1,0,0,0,0,0,0,0,0,0,0
4837,46,180.67,9,227,0,86.4,29,0.08,1661,1,0,0,0,0,0,0,0,0,0,1,0,0,1,0
4838,41,93.19,14,59,0,54.7,58,0.28,163,1,0,0,0,1,0,0,0,0,0,0,0,0,1,0
4839,64,138.15,10,163,0,69.7,11,0.6,626,0,0,1,0,0,0,0,0,1,0,0,0,0,0,0
4840,72,15.17,8,229,0,13.6,21,0.3,377,0,0,1,0,0,0,0,1,0,0,0,0,0,0,1
4841,32,50.82,9,81,0,94.0,43,0.5,980,0,0,0,0,0,0,0,0,0,0,1,0,0,1,0
4842,36,63.44,11,156,0,58.3,4,0.28,900,0,1,0,0,0,0,0,0,0,1,0,0,0,1,0
4843,25,72.59,9,190,0,77.6,69,0.41,369,0,0,0,1,0,0,1,0,0,0,0,0,0,0,1
4844,51,64.17,5,361,0,99.9,70,0.16,1488,0,0,0,0,0,0,1,0,0,0,0,0,0,1,0
4845,19,117.68,18,243,0,86.0,22,0.09,811,1,0,0,0,0,1,0,0,0,0,0,0,0,0,1
4846,44,93.19,13,241,0,50.4,6,0.17,497,0,1,0,0,0,0,0,0,1,0,0,0,0,1,0
4847,27,106.27,11,221,0,86.8,78,0.49,942,0,0,0,1,0,0,0,0,0,0,0,0,1,0,0
4848,52,195.84,11,167,0,50.95,22,0.16,859,1,0,0,0,0,0,0,0,1,0,0,0,0,1,0
4849,40,189.97,8,120,0,73.0,16,0.29,664,0,0,1,0,0,0,0,1,0,0,0,0,0,0,1
4850,66,34.73,9,1,0,63.7,96,0.24,1668,0,1,0,0,0,0,0,0,0,0,1,0,0,1,0
4851,25,139.1,7,117,0,28.8,36,0.19,1318,0,0,1,0,0,1,0,0,0,0,0,0,0,0,0
4852,45,90.09,9,135,0,33.4,50,0.47,1028,0,0,0,1,0,0,0,0,1,0,0,0,0,1,0
4853,40,72.93,13,329,0,55.8,58,0.39,1603,0,0,0,1,0,0,0,0,0,0,0,1,0,1,0
4854,21,21.03,10,126,0,87.4,71,0.26,848,1,0,0,0,0,0,0,0,0,0,0,0,1,0,0
4855,31,50.25,9,240,0,45.3,87,0.33,292,0,0,1,0,0,0,0,0,1,0,0,0,0,0,0
4856,70,46.5,15,107,0,54.1,51,0.61,287,0,0,0,0,0,1,0,0,0,0,0,0,0,0,1
4857,59,70.11,8,298,0,36.9,78,0.08,1366,0,0,0,0,0,0,0,0,0,0,0,1,0,1,0
4858,46,60.72,11,111,0,1.8,47,0.82,33,0,0,1,0,0,0,0,0,0,1,0,0,0,0,0
4859,18,242.27,8,162,0,50.95,53,0.28,1662,0,0,0,1,0,0,0,0,0,0,1,0,0,1,0
4860,21,65.62,11,274,0,56.6,6,0.28,1654,0,1,0,0,0,0,0,0,0,0,1,0,0,0,1
4861,49,303.78,12,18,0,97.8,25,0.29,1324,0,0,1,0,0,0,0,0,0,1,0,0,0,0,1
4862,50,165.25,15,232,0,50.8,3,0.05,380,1,0,0,0,1,0,0,0,0,0,0,0,0,1,0
4863,66,35.56,14,19,0,53.5,13,0.28,162,0,0,0,0,0,0,1,0,0,0,0,0,0,0,0
4864,43,138.69,11,240,0,28.2,53,0.34,571,1,0,0,0,0,0,0,0,0,0,0,1,0,0,0
4865,34,38.47,3,259,0,10.0,67,0.15,484,0,1,0,0,0,0,0,0,0,0,0,0,1,1,0
4866,56,106.95,5,48,0,70.8,31,0.55,770,0,0,0,0,0,0,0,0,1,0,0,0,0,0,0
4867,40,93.19,9,153,0,80.8,67,0.71,1590,0,0,0,0,0,0,0,1,0,0,0,0,0,1,0
4868,49,29.81,11,2,0,87.0,81,0.23,1221,0,0,0,0,0,0,1,0,0,0,0,0,0,0,0
4869,69,66.16,14,307,0,40.4,55,0.43,1084,1,0,0,0,0,1,0,0,0,0,0,0,0,1,0
4870,32,243.01,8,291,0,70.4,66,0.03,4,0,0,0,1,1,0,0,0,0,0,0,0,0,1,0
4871,30,199.26,13,168,0,26.3,5,0.11,490,1,0,0,0,0,0,0,0,0,0,0,0,1,1,0
4872,77,56.04,10,197,0,25.3,9,0.36,685,0,0,0,1,0,0,0,1,0,0,0,0,0,0,0
4873,19,55.51,6,178,0,99.6,29,0.24,81,0,0,1,0,0,0,0,1,0,0,0,0,0,0,0
4874,77,162.1,14,102,0,84.9,35,0.07,572,0,0,0,0,0,0,0,0,0,0,0,0,1,0,1
4875,36,27.09,7,218,0,25.6,35,0.14,1059,1,0,0,0,1,0,0,0,0,0,0,0,0,1,0
4876,41,83.73,7,15,0,43.3,50,0.05,6,0,1,0,0,0,1,0,0,0,0,0,0,0,1,0
4877,62,75.34,4,46,0,56.5,30,0.44,406,0,1,0,0,0,0,0,0,0,1,0,0,0,0,0
4878,41,34.62,8,335,0,1.3,15,0.14,412,0,0,0,1,0,0,1,0,0,0,0,0,0,0,0
4879,28,246.7,11,45,0,95.9,29,0.07,26,0,0,0,1,0,0,0,0,0,0,0,0,0,1,0
4880,76,116.84,7,99,0,10.9,25,0.24,644,0,0,0,0,0,0,0,0,0,0,0,0,0,1,0
4881,39,117.14,10,182,0,81.7,75,0.56,1475,0,0,0,1,1,0,0,0,0,0,0,0,0,0,0
4882,32,174.26,12,353,0,97.6,57,0.22,197,0,1,0,0,0,0,0,1,0,0,0,0,0,1,0
4883,27,107.64,8,215,0,70.4,51,0.14,448,1,0,0,0,0,0,0,0,1,0,0,0,0,0,0
4884,58,78.68,10,133,0,50.95,68,0.13,436,1,0,0,0,0,0,0,0,0,1,0,0,0,0,0
4885,44,49.24,13,339,0,2.0,58,0.11,482,0,0,0,1,0,0,0,0,0,1,0,0,0,0,0
4886,77,194.8,9,316,0,35.5,12,0.04,1791,0,0,0,1,1,0,0,0,0,0,0,0,0,0,0
4887,26,117.24,10,8,0,47.6,96,0.1,1767,0,1,0,0,0,1,0,0,0,0,0,0,0,1,0
4888,69,131.39,9,212,0,78.3,69,0.13,1032,0,0,1,0,1,0,0,0,0,0,0,0,0,0,0
4889,45,50.0,9,138,0,65.5,37,0.07,784,1,0,0,0,0,0,0,0,1,0,0,0,0,0,0
4890,18,201.54,7,221,0,73.6,25,0.21,1300,0,0,0,1,0,0,0,0,0,0,1,0,0,1,0
4891,34,102.29,4,320,0,14.5,68,0.09,1307,0,0,0,0,0,0,0,0,0,0,0,0,0,0,0
4892,48,117.51,8,90,0,84.5,24,0.61,457,0,0,0,1,1,0,0,0,0,0,0,0,0,1,0
4893,61,71.14,10,314,0,82.2,36,0.14,277,0,0,0,1,0,0,0,0,0,1,0,0,0,0,0
4894,27,89.2,6,111,0,76.9,2,0.29,224,1,0,0,0,0,1,0,0,0,0,0,0,0,0,0
4895,54,49.87,8,112,0,81.8,35,0.08,916,0,0,0,1,0,0,0,0,0,0,0,0,0,0,0
4896,79,109.35,15,197,0,21.4,8,0.34,672,0,0,0,0,0,0,0,0,0,0,0,1,0,1,0
4897,46,174.3,7,262,0,14.0,73,0.3,966,0,0,0,0,0,0,0,0,0,0,0,0,1,1,0
4898,35,102.46,15,316,0,89.5,28,0.57,1210,0,0,0,0,0,0,0,0,0,1,0,0,0,0,1
4899,64,108.05,17,312,0,95.7,60,0.37,1554,0,1,0,0,0,0,0,0,0,0,0,1,0,0,0
4900,55,118.31,12,341,0,42.4,54,0.38,867,0,0,0,0,0,1,0,0,0,0,0,0,0,1,0
4901,56,119.04,13,161,0,44.7,44,0.07,454,1,0,0,0,0,0,0,0,0,1,0,0,0,1,0
4902,66,166.91,8,83,0,74.1,10,0.35,1062,0,0,1,0,1,0,0,0,0,0,0,0,0,1,0
4903,23,58.16,10,44,0,49.5,5,0.1,1060,0,0,0,1,0,0,0,0,0,1,0,0,0,0,0
4904,57,32.73,15,44,0,31.4,47,0.22,244,0,0,0,1,0,1,0,0,0,0,0,0,0,0,0
4905,29,98.28,9,270,0,19.0,31,0.37,1477,0,0,0,1,0,0,0,0,0,1,0,0,0,0,0
4906,70,136.54,10,209,0,2.3,29,0.52,1213,0,0,0,0,0,0,0,0,1,0,0,0,0,0,0
4907,31,93.19,7,173,0,58.8,3,0.2,1396,0,0,0,0,0,0,0,1,0,0,0,0,0,0,0
4908,61,178.11,8,246,0,14.2,26,0.09,491,0,0,0,0,0,0,0,0,0,0,0,1,0,1,0
4909,72,39.19,14,173,0,85.8,95,0.16,1011,0,0,1,0,0,0,0,0,0,0,1,0,0,1,0
4910,27,136.1,11,35,0,98.3,2,0.35,626,0,0,1,0,0,0,0,1,0,0,0,0,0,0,0
4911,71,46.18,13,301,0,45.8,79,0.44,1293,0,0,1,0,0,1,0,0,0,0,0,0,0,0,1
4912,37,109.03,9,297,0,11.6,77,0.14,66,0,0,1,0,0,0,0,0,0,0,0,0,0,0,0
4913,32,38.09,5,157,0,58.3,92,0.11,527,0,0,1,0,0,0,0,0,1,0,0,0,0,0,0
4914,48,193.01,13,138,0,57.4,56,0.32,1723,0,0,0,1,0,0,0,0,0,0,0,1,0,0,0
4915,24,191.1,15,32,0,13.3,14,0.64,1127,0,0,0,1,0,1,0,0,0,0,0,0,0,0,1
4916,75,133.8,10,250,0,64.7,76,0.35,1289,0,0,1,0,0,0,0,0,0,0,0,1,0,1,0
4917,58,59.63,12,325,0,31.6,15,0.26,75,0,0,0,1,0,0,0,0,0,1,0,0,0,1,0
4918,27,170.35,13,170,0,84.5,85,0.21,1398,0,0,1,0,0,0,1,0,0,0,0,0,0,0,1
4919,27,107.89,9,109,0,58.8,93,0.21,870,0,0,1,0,1,0,0,0,0,0,0,0,0,0,0
4920,65,96.25,9,166,0,50.95,45,0.18,857,0,0,1,0,0,0,0,1,0,0,0,0,0,1,0
4921,78,93.19,8,124,0,96.3,99,0.17,109,0,0,0,1,0,0,0,0,0,1,0,0,0,0,0
4922,56,171.84,6,213,0,49.1,47,0.2,722,0,1,0,0,0,0,0,0,0,0,0,0,1,1,0
4923,45,236.8,14,294,0,88.7,20,0.26,1451,0,1,0,0,0,0,0,0,0,0,0,0,0,1,0
4924,47,168.31,15,180,0,26.4,18,0.09,1668,0,1,0,0,0,0,0,0,0,0,0,0,1,0,1
4925,54,128.02,9,82,0,50.95,79,0.02,743,1,0,0,0,0,0,0,0,0,0,0,0,1,1,0
4926,72,69.21,13,361,0,8.4,61,0.19,1185,0,1,0,0,0,0,0,0,1,0,0,0,0,0,0
4927,20,91.33,5,318,0,42.3,76,0.26,420,0,1,0,0,0,0,0,0,0,0,1,0,0,1,0
4928,67,50.76,7,24,0,89.4,98,0.43,705,0,1,0,0,0,0,0,1,0,0,0,0,0,0,0
4929,60,166.84,7,245,0,82.9,5,0.15,36,0,0,0,0,0,0,1,0,0,0,0,0,0,1,0
4930,32,93.19,11,40,1,97.6,58,0.21,67,0,0,1,0,0,0,0,0,0,1,0,0,0,0,0
4931,38,41.06,7,58,0,75.0,81,0.47,601,0,0,0,1,0,0,0,0,0,0,0,0,1,0,0
4932,69,116.58,3,176,0,50.95,77,0.14,1068,0,0,0,0,0,0,0,0,0,0,0,0,1,0,0
4933,54,93.7,6,29,0,16.1,60,0.4,1614,0,0,1,0,0,0,0,0,0,0,0,0,0,1,0
4934,73,94.37,10,44,0,18.0,13,0.48,473,0,1,0,0,0,0,1,0,0,0,0,0,0,1,0
4935,29,93.19,11,308,0,66.1,80,0.53,1341,0,1,0,0,0,0,1,0,0,0,0,0,0,1,0
4936,21,109.84,7,153,0,38.2,40,0.03,542,0,0,0,0,0,0,1,0,0,0,0,0,0,1,0
4937,64,91.33,11,39,0,41.4,67,0.52,1180,0,0,0,1,0,0,0,0,0,1,0,0,0,0,0
4938,26,82.29,3,139,0,86.1,52,0.33,1088,0,0,0,0,0,0,0,1,0,0,0,0,0,0,0
4939,56,32.72,16,256,0,72.7,2,0.09,228,0,0,0,0,0,0,0,1,0,0,0,0,0,0,0
4940,59,171.26,11,69,0,20.9,89,0.19,41,0,0,1,0,0,0,0,0,0,1,0,0,0,0,0
4941,78,98.54,8,135,0,17.1,53,0.08,1194,1,0,0,0,0,0,0,0,1,0,0,0,0,1,0
4942,45,40.07,17,235,0,82.2,67,0.19,875,0,0,0,1,0,0,0,0,0,1,0,0,0,1,0
4943,40,117.01,10,111,0,95.4,11,0.28,795,0,0,0,1,1,0,0,0,0,0,0,0,0,1,0
4944,62,49.32,10,32,0,18.5,11,0.14,385,0,0,0,0,0,1,0,0,0,0,0,0,0,0,0
4945,78,43.59,7,195,0,50.95,10,0.04,756,0,0,0,0,1,0,0,0,0,0,0,0,0,0,0
4946,57,62.97,9,177,0,43.0,28,0.07,651,0,1,0,0,0,0,0,0,1,0,0,0,0,1,0
4947,61,88.51,7,359,0,90.6,11,0.14,178,0,0,0,0,0,0,0,0,1,0,0,0,0,1,0
4948,39,62.57,15,133,0,75.1,7,0.32,893,0,0,1,0,0,0,0,0,0,1,0,0,0,0,0
4949,41,224.17,7,190,0,90.5,29,0.28,1502,0,1,0,0,0,0,0,0,0,1,0,0,0,0,0
4950,68,226.63,13,334,0,64.5,65,0.58,909,1,0,0,0,0,0,0,0,0,0,1,0,0,0,0
4951,75,324.09,12,5,0,15.7,52,0.36,778,0,0,1,0,0,0,0,0,0,0,0,0,0,1,0
4952,43,38.69,3,292,0,6.0,15,0.13,1263,0,0,0,1,1,0,0,0,0,0,0,0,0,1,0
4953,47,49.67,9,178,0,62.7,7,0.5,1568,0,0,0,1,0,0,0,1,0,0,0,0,0,0,1
4954,50,51.6,13,282,0,5.8,68,0.39,1737,0,0,1,0,0,0,0,0,0,0,1,0,0,0,0
4955,33,124.28,13,105,0,23.6,55,0.05,74,0,0,0,0,0,0,1,0,0,0,0,0,0,1,0
4956,39,32.06,5,245,0,20.6,3,0.11,784,0,0,0,0,0,0,0,0,0,0,0,1,0,0,0
4957,66,148.55,8,324,0,42.7,20,0.35,1768,0,0,0,0,0,0,0,1,0,0,0,0,0,0,0
4958,74,93.83,13,230,0,59.7,3,0.35,1495,0,0,0,1,0,0,1,0,0,0,0,0,0,1,0
4959,79,93.19,9,214,0,91.1,29,0.11,63,0,0,1,0,0,0,0,0,0,0,1,0,0,1,0
4960,67,103.63,8,272,0,93.6,20,0.13,1204,0,0,0,0,0,0,0,0,0,0,0,0,1,1,0
4961,60,73.03,10,104,0,98.2,10,0.25,1317,0,1,0,0,0,0,0,0,0,0,1,0,0,1,0
4962,35,179.85,13,22,0,76.4,61,0.22,1797,0,0,0,1,0,0,0,0,0,0,1,0,0,0,0
4963,24,216.61,14,294,1,92.1,99,0.15,1794,0,0,1,0,0,0,0,0,0,0,1,0,0,1,0
4964,67,63.36,14,160,0,79.1,90,0.29,225,0,0,1,0,0,0,0,0,0,1,0,0,0,0,0
4965,43,138.1,9,193,0,91.1,94,0.33,1793,0,0,1,0,1,0,0,0,0,0,0,0,0,0,1
4966,25,99.97,5,265,0,10.4,90,0.28,724,0,0,1,0,0,0,0,0,0,0,1,0,0,1,0
4967,23,93.19,16,82,0,96.2,37,0.07,1032,1,0,0,0,0,0,0,0,0,1,0,0,0,0,0
4968,47,100.89,8,167,0,23.5,84,0.15,1323,0,1,0,0,0,0,1,0,0,0,0,0,0,0,0
4969,56,127.02,8,328,0,56.8,51,0.61,1009,1,0,0,0,0,0,0,0,0,0,0,0,0,0,0
4970,40,74.98,6,142,0,51.7,42,0.3,1668,0,0,0,0,1,0,0,0,0,0,0,0,0,0,0
4971,49,87.68,7,42,0,56.4,73,0.32,1158,1,0,0,0,0,0,1,0,0,0,0,0,0,1,0
4972,39,340.7,12,343,0,70.2,75,0.56,1565,1,0,0,0,0,0,0,0,1,0,0,0,0,0,0
4973,59,97.36,8,11,0,54.0,97,0.19,1147,0,0,0,1,0,0,0,1,0,0,0,0,0,0,0
4974,60,27.67,6,21,0,68.9,30,0.21,355,0,0,1,0,0,0,0,0,0,0,0,1,0,0,1
4975,74,32.99,6,17,0,53.4,94,0.28,761,1,0,0,0,0,0,0,0,1,0,0,0,0,1,0
4976,62,56.77,8,61,0,1.2,45,0.37,57,0,0,1,0,0,1,0,0,0,0,0,0,0,0,1
4977,26,93.19,12,188,0,62.7,87,0.4,1485,0,1,0,0,0,0,0,0,0,0,0,0,0,1,0
4978,48,69.41,13,78,0,55.5,24,0.4,34,1,0,0,0,0,1,0,0,0,0,0,0,0,0,1
4979,24,95.16,6,166,0,58.6,31,0.29,1157,0,0,0,1,0,0,0,0,0,0,0,0,1,0,0
4980,26,93.67,11,149,0,0.2,23,0.13,1757,0,0,0,1,0,0,0,0,0,0,0,0,1,0,0
4981,30,178.42,9,222,0,46.9,53,0.39,756,0,0,0,0,0,0,0,0,0,0,1,0,0,0,0
4982,75,105.97,12,104,0,87.5,42,0.24,1240,1,0,0,0,0,0,0,0,0,0,0,0,0,1,0
4983,20,124.06,6,253,0,33.3,36,0.21,1103,0,1,0,0,0,0,1,0,0,0,0,0,0,1,0
4984,52,342.36,12,6,0,44.5,34,0.27,620,0,0,1,0,0,0,0,0,1,0,0,0,0,1,0
4985,50,99.61,10,162,0,12.2,85,0.31,1044,1,0,0,0,0,0,0,0,0,0,0,0,0,1,0
4986,38,167.27,15,289,0,45.0,26,0.19,931,0,0,0,0,0,0,0,0,1,0,0,0,0,1,0
4987,48,65.01,8,194,0,39.6,71,0.07,625,0,0,0,1,0,0,0,0,0,0,0,1,0,0,0
4988,69,126.27,8,318,0,88.3,25,0.3,1398,1,0,0,0,0,0,1,0,0,0,0,0,0,0,0
4989,51,172.86,7,129,0,3.5,3,0.16,133,0,0,0,0,0,1,0,0,0,0,0,0,0,1,0
4990,49,85.67,11,108,0,95.1,43,0.32,1096,0,1,0,0,0,0,0,0,1,0,0,0,0,0,0
4991,74,256.9,6,218,0,57.6,82,0.28,386,0,0,1,0,0,0,0,0,0,0,0,1,0,0,0
4992,52,143.78,6,318,0,53.0,6,0.63,1691,0,1,0,0,0,0,0,0,0,0,0,0,0,0,1
4993,32,175.35,12,129,1,88.6,54,0.36,1203,0,1,0,0,0,0,0,0,0,0,0,1,0,0,0
4994,73,135.85,12,243,0,19.1,52,0.33,1560,0,0,1,0,0,0,0,1,0,0,0,0,0,1,0
4995,49,132.16,9,306,0,20.9,13,0.33,1715,1,0,0,0,0,0,0,0,0,0,0,1,0,0,0
4996,23,47.81,10,296,0,50.95,66,0.22,250,0,0,1,0,0,0,0,0,0,0,0,1,0,0,0
4997,79,224.97,16,84,0,92.9,56,0.23,958,0,0,0,0,0,0,0,0,0,0,1,0,0,1,0
4998,62,220.33,8,254,0,83.8,47,0.09,761,0,1,0,0,0,0,0,0,0,0,0,0,1,1,0
4999,38,75.57,6,326,0,4.1,77,0.49,1395,0,0,1,0,0,1,0,0,0,0,0,0,0,1,0
